conflict_new_id,conflict_name,type_of_violence,id,dyad_new_id,year,date_start,date_end,date_prec,country_id,country,adm_1,adm_2,latitude,longitude,where_prec,side_a_new_id,side_a,side_b_new_id,side_b,active_year,code_status,gwnoa,gwnob,source_kind,source_version,source_file,conflict_id,classification_status,classification_reason,needs_review
16099,"United Kingdom, United States of America - Yemen",1,506828,17738,2023,2023-12-31 00:00:00.000,2023-12-31 00:00:00.000,1,678,Yemen (North Yemen),,,14.792371,42.810944,7,6356,"Government of United Kingdom, Government of United States of America",123,Government of Yemen (North Yemen),false,Clear,,678,annual,26.1,GEDEvent_v26_1.csv,ucdp_16099,review,unknown_actor,True
16099,"United Kingdom, United States of America - Yemen",1,508190,17738,2024,2024-01-11 00:00:00.000,2024-01-12 00:00:00.000,2,678,Yemen (North Yemen),Amānat al ‘Āşimah governorate,Banī al Ḩārith district,15.476389,44.219722,1,6356,"Government of United Kingdom, Government of United States of America",123,Government of Yemen (North Yemen),true,Clear,,678,annual,26.1,GEDEvent_v26_1.csv,ucdp_16099,review,acd_party_mismatch,True
16099,"United Kingdom, United States of America - Yemen",1,510383,17738,2024,2024-01-22 00:00:00.000,2024-01-22 00:00:00.000,1,678,Yemen (North Yemen),Taiz governorate,Maqbanah district,13.584551,43.667443,3,6356,"Government of United Kingdom, Government of United States of America",123,Government of Yemen (North Yemen),true,Clear,,678,annual,26.1,GEDEvent_v26_1.csv,ucdp_16099,review,acd_party_mismatch,True
16099,"United Kingdom, United States of America - Yemen",1,513021,17738,2024,2024-02-24 00:00:00.000,2024-02-24 00:00:00.000,1,678,Yemen (North Yemen),Taiz governorate,Maqbanah district,13.635150,43.649280,2,6356,"Government of United Kingdom, Government of United States of America",123,Government of Yemen (North Yemen),true,Clear,,678,annual,26.1,GEDEvent_v26_1.csv,ucdp_16099,review,acd_party_mismatch,True
16099,"United Kingdom, United States of America - Yemen",1,513376,17738,2024,2024-02-03 00:00:00.000,2024-02-03 00:00:00.000,1,678,Yemen (North Yemen),Amānat al ‘Āşimah governorate,,15.354722,44.206667,2,6356,"Government of United Kingdom, Government of United States of America",123,Government of Yemen (North Yemen),true,Clear,,678,annual,26.1,GEDEvent_v26_1.csv,ucdp_16099,review,acd_party_mismatch,True
16099,"United Kingdom, United States of America - Yemen",1,513435,17738,2024,2024-02-08 00:00:00.000,2024-02-09 00:00:00.000,2,678,Yemen (North Yemen),Şa‘dah governorate,Bāqim district,17.279830,43.501330,2,6356,"Government of United Kingdom, Government of United States of America",123,Government of Yemen (North Yemen),true,Clear,,678,annual,26.1,GEDEvent_v26_1.csv,ucdp_16099,review,acd_party_mismatch,True
16099,"United Kingdom, United States of America - Yemen",1,513466,17738,2024,2024-02-08 00:00:00.000,2024-02-09 00:00:00.000,2,678,Yemen (North Yemen),Hudaydah governorate,Aş Şalīf district,15.188541,42.662465,1,6356,"Government of United Kingdom, Government of United States of America",123,Government of Yemen (North Yemen),true,Clear,,678,annual,26.1,GEDEvent_v26_1.csv,ucdp_16099,review,acd_party_mismatch,True
16099,"United Kingdom, United States of America - Yemen",1,513550,17738,2024,2024-02-29 00:00:00.000,2024-02-29 00:00:00.000,1,678,Yemen (North Yemen),,,13.318000,43.147000,7,6356,"Government of United Kingdom, Government of United States of America",123,Government of Yemen (North Yemen),true,Clear,,678,annual,26.1,GEDEvent_v26_1.csv,ucdp_16099,review,acd_party_mismatch,True
16099,"United Kingdom, United States of America - Yemen",1,517039,17738,2024,2024-01-12 00:00:00.000,2024-02-08 00:00:00.000,4,678,Yemen (North Yemen),,,15.500000,47.500000,6,6356,"Government of United Kingdom, Government of United States of America",123,Government of Yemen (North Yemen),true,Clear,,678,annual,26.1,GEDEvent_v26_1.csv,ucdp_16099,review,acd_party_mismatch,True
16099,"United Kingdom, United States of America - Yemen",1,517125,17738,2024,2024-03-11 00:00:00.000,2024-03-11 00:00:00.000,1,678,Yemen (North Yemen),Hudaydah governorate,Bājil district,14.928799,42.946035,2,6356,"Government of United Kingdom, Government of United States of America",123,Government of Yemen (North Yemen),true,Clear,,678,annual,26.1,GEDEvent_v26_1.csv,ucdp_16099,review,acd_party_mismatch,True
16099,"United Kingdom, United States of America - Yemen",1,517127,17738,2024,2024-01-11 00:00:00.000,2024-01-12 00:00:00.000,2,678,Yemen (North Yemen),Hudaydah governorate,Zabīd district,14.277424,43.368409,3,6356,"Government of United Kingdom, Government of United States of America",123,Government of Yemen (North Yemen),true,Clear,,678,annual,26.1,GEDEvent_v26_1.csv,ucdp_16099,review,acd_party_mismatch,True
16099,"United Kingdom, United States of America - Yemen",1,517128,17738,2024,2024-01-11 00:00:00.000,2024-01-12 00:00:00.000,2,678,Yemen (North Yemen),Hudaydah governorate,Al Ḩawak district,14.753024,42.976301,2,6356,"Government of United Kingdom, Government of United States of America",123,Government of Yemen (North Yemen),true,Clear,,678,annual,26.1,GEDEvent_v26_1.csv,ucdp_16099,review,acd_party_mismatch,True
16099,"United Kingdom, United States of America - Yemen",1,517129,17738,2024,2024-01-11 00:00:00.000,2024-01-12 00:00:00.000,2,678,Yemen (North Yemen),Şa‘dah governorate,Şa‘dah district,16.964227,43.798642,1,6356,"Government of United Kingdom, Government of United States of America",123,Government of Yemen (North Yemen),true,Clear,,678,annual,26.1,GEDEvent_v26_1.csv,ucdp_16099,review,acd_party_mismatch,True
16099,"United Kingdom, United States of America - Yemen",1,517130,17738,2024,2024-01-11 00:00:00.000,2024-01-12 00:00:00.000,2,678,Yemen (North Yemen),Ḩajjah governorate,‘Abs district,16.010596,43.183392,1,6356,"Government of United Kingdom, Government of United States of America",123,Government of Yemen (North Yemen),true,Clear,,678,annual,26.1,GEDEvent_v26_1.csv,ucdp_16099,review,acd_party_mismatch,True
16099,"United Kingdom, United States of America - Yemen",1,517564,17738,2024,2024-03-15 00:00:00.000,2024-04-04 00:00:00.000,4,678,Yemen (North Yemen),,,15.500000,47.500000,6,6356,"Government of United Kingdom, Government of United States of America",123,Government of Yemen (North Yemen),true,Clear,,678,annual,26.1,GEDEvent_v26_1.csv,ucdp_16099,review,acd_party_mismatch,True
16099,"United Kingdom, United States of America - Yemen",1,521094,17738,2024,2024-04-20 00:00:00.000,2024-04-20 00:00:00.000,1,645,Iraq,Bābil province,Qaḑā’ al Musayyib,32.805250,44.460019,1,6356,"Government of United Kingdom, Government of United States of America",123,Government of Yemen (North Yemen),true,Clear,,678,annual,26.1,GEDEvent_v26_1.csv,ucdp_16099,review,acd_party_mismatch,True
16099,"United Kingdom, United States of America - Yemen",1,521097,17738,2024,2024-04-05 00:00:00.000,2024-05-02 00:00:00.000,4,678,Yemen (North Yemen),,,15.500000,47.500000,6,6356,"Government of United Kingdom, Government of United States of America",123,Government of Yemen (North Yemen),true,Clear,,678,annual,26.1,GEDEvent_v26_1.csv,ucdp_16099,review,acd_party_mismatch,True
16099,"United Kingdom, United States of America - Yemen",1,524362,17738,2024,2024-05-30 00:00:00.000,2024-05-30 00:00:00.000,1,678,Yemen (North Yemen),Hudaydah governorate,Aş Şalīf district,15.310512,42.671852,1,6356,"Government of United Kingdom, Government of United States of America",123,Government of Yemen (North Yemen),true,Clear,,678,annual,26.1,GEDEvent_v26_1.csv,ucdp_16099,review,acd_party_mismatch,True
16099,"United Kingdom, United States of America - Yemen",1,524820,17738,2024,2024-05-30 00:00:00.000,2024-05-30 00:00:00.000,1,678,Yemen (North Yemen),Hudaydah governorate,,14.797812,42.954516,1,6356,"Government of United Kingdom, Government of United States of America",123,Government of Yemen (North Yemen),true,Clear,,678,annual,26.1,GEDEvent_v26_1.csv,ucdp_16099,review,acd_party_mismatch,True
16099,"United Kingdom, United States of America - Yemen",1,524965,17738,2024,2024-03-22 00:00:00.000,2024-03-23 00:00:00.000,2,678,Yemen (North Yemen),Amānat al ‘Āşimah governorate,,15.354722,44.206667,2,6356,"Government of United Kingdom, Government of United States of America",123,Government of Yemen (North Yemen),true,Clear,,678,annual,26.1,GEDEvent_v26_1.csv,ucdp_16099,review,acd_party_mismatch,True
16099,"United Kingdom, United States of America - Yemen",1,530089,17738,2024,2024-06-13 00:00:00.000,2024-06-13 00:00:00.000,1,678,Yemen (North Yemen),Raymah governorate,Al Jabīn district,14.703890,43.599170,1,6356,"Government of United Kingdom, Government of United States of America",123,Government of Yemen (North Yemen),true,Clear,,678,annual,26.1,GEDEvent_v26_1.csv,ucdp_16099,review,acd_party_mismatch,True
16099,"United Kingdom, United States of America - Yemen",1,544527,17738,2024,2024-09-10 00:00:00.000,2024-09-10 00:00:00.000,1,678,Yemen (North Yemen),Taiz governorate,At Ta‘izzīyah district,13.667910,44.166940,1,6356,"Government of United Kingdom, Government of United States of America",123,Government of Yemen (North Yemen),true,Clear,,678,annual,26.1,GEDEvent_v26_1.csv,ucdp_16099,review,acd_party_mismatch,True
16099,"United Kingdom, United States of America - Yemen",1,555004,17738,2024,2024-01-22 00:00:00.000,2024-01-22 00:00:00.000,1,678,Yemen (North Yemen),Bayda governorate,Radā‘ district,14.415097,44.837089,2,6356,"Government of United Kingdom, Government of United States of America",123,Government of Yemen (North Yemen),true,Clear,,678,annual,26.1,GEDEvent_v26_1.csv,ucdp_16099,review,acd_party_mismatch,True
16099,"United Kingdom, United States of America - Yemen",1,555005,17738,2024,2024-01-22 00:00:00.000,2024-01-22 00:00:00.000,1,678,Yemen (North Yemen),Amānat al ‘Āşimah governorate,As Sab‘aīn district,15.322225,44.237024,2,6356,"Government of United Kingdom, Government of United States of America",123,Government of Yemen (North Yemen),true,Clear,,678,annual,26.1,GEDEvent_v26_1.csv,ucdp_16099,review,acd_party_mismatch,True
16099,"United Kingdom, United States of America - Yemen",1,555849,17738,2024,2024-11-12 00:00:00.000,2024-11-12 00:00:00.000,1,678,Yemen (North Yemen),Bayda governorate,Aş Şawma‘ah district,14.227711,45.831125,3,6356,"Government of United Kingdom, Government of United States of America",123,Government of Yemen (North Yemen),true,Clear,,678,annual,26.1,GEDEvent_v26_1.csv,ucdp_16099,review,acd_party_mismatch,True
16099,"United Kingdom, United States of America - Yemen",1,561196,17738,2024,2024-12-15 00:00:00.000,2024-12-16 00:00:00.000,2,678,Yemen (North Yemen),Ḩajjah governorate,Qafl Shamar district,15.891940,43.334810,2,6356,"Government of United Kingdom, Government of United States of America",123,Government of Yemen (North Yemen),true,Clear,,678,annual,26.1,GEDEvent_v26_1.csv,ucdp_16099,review,acd_party_mismatch,True
16099,"United Kingdom, United States of America - Yemen",1,561249,17738,2024,2024-12-31 00:00:00.000,2024-12-31 00:00:00.000,1,678,Yemen (North Yemen),Amānat al ‘Āşimah governorate,,15.354722,44.206667,1,6356,"Government of United Kingdom, Government of United States of America",123,Government of Yemen (North Yemen),true,Clear,,678,annual,26.1,GEDEvent_v26_1.csv,ucdp_16099,review,acd_party_mismatch,True
16099,"United Kingdom, United States of America - Yemen",1,561250,17738,2024,2024-01-01 00:00:00.000,2024-12-31 00:00:00.000,5,678,Yemen (North Yemen),,,15.500000,47.500000,6,6356,"Government of United Kingdom, Government of United States of America",123,Government of Yemen (North Yemen),true,Clear,,678,annual,26.1,GEDEvent_v26_1.csv,ucdp_16099,review,acd_party_mismatch,True
16099,"United Kingdom, United States of America - Yemen",1,564198,17738,2024,2024-02-03 00:00:00.000,2024-02-03 00:00:00.000,1,678,Yemen (North Yemen),Hudaydah governorate,Al Luḩayyah district,15.609469,42.924776,3,6356,"Government of United Kingdom, Government of United States of America",123,Government of Yemen (North Yemen),true,Clear,,678,annual,26.1,GEDEvent_v26_1.csv,ucdp_16099,review,acd_party_mismatch,True
16099,"United Kingdom, United States of America - Yemen",1,564199,17738,2024,2024-02-03 00:00:00.000,2024-02-03 00:00:00.000,1,678,Yemen (North Yemen),Hudaydah governorate,Ad Durayhimī district,14.655908,43.100639,3,6356,"Government of United Kingdom, Government of United States of America",123,Government of Yemen (North Yemen),true,Clear,,678,annual,26.1,GEDEvent_v26_1.csv,ucdp_16099,review,acd_party_mismatch,True
16099,"United Kingdom, United States of America - Yemen",1,564532,17738,2024,2024-03-11 00:00:00.000,2024-03-11 00:00:00.000,1,678,Yemen (North Yemen),Hudaydah governorate,Ad Durayhimī district,14.565890,43.010510,2,6356,"Government of United Kingdom, Government of United States of America",123,Government of Yemen (North Yemen),true,Clear,,678,annual,26.1,GEDEvent_v26_1.csv,ucdp_16099,review,acd_party_mismatch,True
16099,"United Kingdom, United States of America - Yemen",1,564533,17738,2024,2024-03-11 00:00:00.000,2024-03-11 00:00:00.000,1,678,Yemen (North Yemen),Hudaydah governorate,Bājil district,14.992770,43.318580,2,6356,"Government of United Kingdom, Government of United States of America",123,Government of Yemen (North Yemen),true,Clear,,678,annual,26.1,GEDEvent_v26_1.csv,ucdp_16099,review,acd_party_mismatch,True
16099,"United Kingdom, United States of America - Yemen",1,564534,17738,2024,2024-03-11 00:00:00.000,2024-03-11 00:00:00.000,1,678,Yemen (North Yemen),Hudaydah governorate,Aş Şalīf district,15.188541,42.662465,2,6356,"Government of United Kingdom, Government of United States of America",123,Government of Yemen (North Yemen),true,Clear,,678,annual,26.1,GEDEvent_v26_1.csv,ucdp_16099,review,acd_party_mismatch,True
16099,"United Kingdom, United States of America - Yemen",1,573407,17738,2024,2024-12-21 00:00:00.000,2024-12-21 00:00:00.000,1,678,Yemen (North Yemen),Amānat al ‘Āşimah governorate,,15.354722,44.206667,1,6356,"Government of United Kingdom, Government of United States of America",123,Government of Yemen (North Yemen),true,Clear,,678,annual,26.1,GEDEvent_v26_1.csv,ucdp_16099,review,acd_party_mismatch,True
16099,"United Kingdom, United States of America - Yemen",1,572896,17738,2025,2025-03-13 00:00:00.000,2025-03-13 00:00:00.000,1,678,Yemen (North Yemen),Hudaydah governorate,Al Mīnā’ district,14.915399,42.884168,1,6356,"Government of United Kingdom, Government of United States of America",123,Government of Yemen (North Yemen),true,Clear,,678,annual,26.1,GEDEvent_v26_1.csv,ucdp_16099,review,acd_party_mismatch,True
16099,"United Kingdom, United States of America - Yemen",1,572909,17738,2025,2025-03-15 00:00:00.000,2025-03-15 00:00:00.000,1,678,Yemen (North Yemen),Şa‘dah governorate,Şa‘dah district,16.940208,43.763935,1,6356,"Government of United Kingdom, Government of United States of America",123,Government of Yemen (North Yemen),true,Clear,,678,annual,26.1,GEDEvent_v26_1.csv,ucdp_16099,review,acd_party_mismatch,True
16099,"United Kingdom, United States of America - Yemen",1,572962,17738,2025,2025-03-23 00:00:00.000,2025-03-23 00:00:00.000,1,678,Yemen (North Yemen),Amānat al ‘Āşimah governorate,,15.354722,44.206667,1,6356,"Government of United Kingdom, Government of United States of America",123,Government of Yemen (North Yemen),true,Clear,,678,annual,26.1,GEDEvent_v26_1.csv,ucdp_16099,review,acd_party_mismatch,True
16099,"United Kingdom, United States of America - Yemen",1,572987,17738,2025,2025-03-22 00:00:00.000,2025-03-24 00:00:00.000,2,678,Yemen (North Yemen),,,15.500000,47.500000,6,6356,"Government of United Kingdom, Government of United States of America",123,Government of Yemen (North Yemen),true,Clear,,678,annual,26.1,GEDEvent_v26_1.csv,ucdp_16099,review,acd_party_mismatch,True
16099,"United Kingdom, United States of America - Yemen",1,573003,17738,2025,2025-03-27 00:00:00.000,2025-03-27 00:00:00.000,1,678,Yemen (North Yemen),Şan‘ā’ governorate,Khawlān district,15.318765,44.896317,2,6356,"Government of United Kingdom, Government of United States of America",123,Government of Yemen (North Yemen),true,Clear,,678,annual,26.1,GEDEvent_v26_1.csv,ucdp_16099,review,acd_party_mismatch,True
16099,"United Kingdom, United States of America - Yemen",1,573010,17738,2025,2025-03-28 00:00:00.000,2025-03-28 00:00:00.000,1,678,Yemen (North Yemen),Şa‘dah governorate,Şa‘dah district,16.940208,43.763935,1,6356,"Government of United Kingdom, Government of United States of America",123,Government of Yemen (North Yemen),true,Clear,,678,annual,26.1,GEDEvent_v26_1.csv,ucdp_16099,review,acd_party_mismatch,True
16099,"United Kingdom, United States of America - Yemen",1,573147,17738,2025,2025-03-30 00:00:00.000,2025-03-30 00:00:00.000,1,678,Yemen (North Yemen),Amānat al ‘Āşimah governorate,Banī al Ḩārith district,15.449968,44.133079,1,6356,"Government of United Kingdom, Government of United States of America",123,Government of Yemen (North Yemen),true,Clear,,678,annual,26.1,GEDEvent_v26_1.csv,ucdp_16099,review,acd_party_mismatch,True
16099,"United Kingdom, United States of America - Yemen",1,573151,17738,2025,2025-03-28 00:00:00.000,2025-03-31 00:00:00.000,2,678,Yemen (North Yemen),,,15.500000,47.500000,6,6356,"Government of United Kingdom, Government of United States of America",123,Government of Yemen (North Yemen),true,Clear,,678,annual,26.1,GEDEvent_v26_1.csv,ucdp_16099,review,acd_party_mismatch,True
16099,"United Kingdom, United States of America - Yemen",1,573154,17738,2025,2025-03-31 00:00:00.000,2025-03-31 00:00:00.000,1,678,Yemen (North Yemen),Ḩajjah governorate,Banī Qīs district,15.597620,43.400730,1,6356,"Government of United Kingdom, Government of United States of America",123,Government of Yemen (North Yemen),true,Clear,,678,annual,26.1,GEDEvent_v26_1.csv,ucdp_16099,review,acd_party_mismatch,True
16099,"United Kingdom, United States of America - Yemen",1,573164,17738,2025,2025-04-01 00:00:00.000,2025-04-02 00:00:00.000,2,678,Yemen (North Yemen),Hudaydah governorate,Al Manşūrīyah district,14.685970,43.300457,2,6356,"Government of United Kingdom, Government of United States of America",123,Government of Yemen (North Yemen),true,Clear,,678,annual,26.1,GEDEvent_v26_1.csv,ucdp_16099,review,acd_party_mismatch,True
16099,"United Kingdom, United States of America - Yemen",1,573171,17738,2025,2025-04-02 00:00:00.000,2025-04-02 00:00:00.000,1,678,Yemen (North Yemen),Hudaydah governorate,Aş Şalīf district,15.188541,42.662465,1,6356,"Government of United Kingdom, Government of United States of America",123,Government of Yemen (North Yemen),true,Clear,,678,annual,26.1,GEDEvent_v26_1.csv,ucdp_16099,review,acd_party_mismatch,True
16099,"United Kingdom, United States of America - Yemen",1,573172,17738,2025,2025-04-02 00:00:00.000,2025-04-03 00:00:00.000,2,678,Yemen (North Yemen),Amānat al ‘Āşimah governorate,,15.354722,44.206667,1,6356,"Government of United Kingdom, Government of United States of America",123,Government of Yemen (North Yemen),true,Clear,,678,annual,26.1,GEDEvent_v26_1.csv,ucdp_16099,review,acd_party_mismatch,True
16099,"United Kingdom, United States of America - Yemen",1,573176,17738,2025,2025-04-03 00:00:00.000,2025-04-03 00:00:00.000,1,678,Yemen (North Yemen),Ibb governorate,Jiblah district,13.876917,44.073945,1,6356,"Government of United Kingdom, Government of United States of America",123,Government of Yemen (North Yemen),true,Clear,,678,annual,26.1,GEDEvent_v26_1.csv,ucdp_16099,review,acd_party_mismatch,True
16099,"United Kingdom, United States of America - Yemen",1,573182,17738,2025,2025-03-16 00:00:00.000,2025-03-16 00:00:00.000,1,678,Yemen (North Yemen),Şa‘dah governorate,Sāqayn district,16.977000,43.420194,2,6356,"Government of United Kingdom, Government of United States of America",123,Government of Yemen (North Yemen),true,Clear,,678,annual,26.1,GEDEvent_v26_1.csv,ucdp_16099,review,acd_party_mismatch,True
16099,"United Kingdom, United States of America - Yemen",1,573190,17738,2025,2025-03-15 00:00:00.000,2025-03-15 00:00:00.000,1,678,Yemen (North Yemen),Şa‘dah governorate,Majz district,17.061882,43.599750,1,6356,"Government of United Kingdom, Government of United States of America",123,Government of Yemen (North Yemen),true,Clear,,678,annual,26.1,GEDEvent_v26_1.csv,ucdp_16099,review,acd_party_mismatch,True
16099,"United Kingdom, United States of America - Yemen",1,573191,17738,2025,2025-03-15 00:00:00.000,2025-03-15 00:00:00.000,1,678,Yemen (North Yemen),Ibb governorate,Ḩubaysh district,14.135010,44.067930,2,6356,"Government of United Kingdom, Government of United States of America",123,Government of Yemen (North Yemen),true,Clear,,678,annual,26.1,GEDEvent_v26_1.csv,ucdp_16099,review,acd_party_mismatch,True
16099,"United Kingdom, United States of America - Yemen",1,573193,17738,2025,2025-03-15 00:00:00.000,2025-03-15 00:00:00.000,1,678,Yemen (North Yemen),,,15.500000,47.500000,6,6356,"Government of United Kingdom, Government of United States of America",123,Government of Yemen (North Yemen),true,Clear,,678,annual,26.1,GEDEvent_v26_1.csv,ucdp_16099,review,acd_party_mismatch,True
16099,"United Kingdom, United States of America - Yemen",1,573194,17738,2025,2025-03-15 00:00:00.000,2025-03-15 00:00:00.000,1,678,Yemen (North Yemen),Amānat al ‘Āşimah governorate,,15.354722,44.206667,1,6356,"Government of United Kingdom, Government of United States of America",123,Government of Yemen (North Yemen),true,Clear,,678,annual,26.1,GEDEvent_v26_1.csv,ucdp_16099,review,acd_party_mismatch,True
16099,"United Kingdom, United States of America - Yemen",1,573234,17738,2025,2025-04-01 00:00:00.000,2025-04-02 00:00:00.000,2,678,Yemen (North Yemen),Ḩajjah governorate,,16.000000,43.250000,4,6356,"Government of United Kingdom, Government of United States of America",123,Government of Yemen (North Yemen),true,Clear,,678,annual,26.1,GEDEvent_v26_1.csv,ucdp_16099,review,acd_party_mismatch,True
16099,"United Kingdom, United States of America - Yemen",1,573246,17738,2025,2025-04-06 00:00:00.000,2025-04-06 00:00:00.000,1,678,Yemen (North Yemen),Amānat al ‘Āşimah governorate,,15.354722,44.206667,1,6356,"Government of United Kingdom, Government of United States of America",123,Government of Yemen (North Yemen),true,Clear,,678,annual,26.1,GEDEvent_v26_1.csv,ucdp_16099,review,acd_party_mismatch,True
16099,"United Kingdom, United States of America - Yemen",1,573250,17738,2025,2025-04-02 00:00:00.000,2025-04-02 00:00:00.000,1,678,Yemen (North Yemen),Hudaydah governorate,At Tuḩaytā district,14.072500,43.158889,2,6356,"Government of United Kingdom, Government of United States of America",123,Government of Yemen (North Yemen),true,Clear,,678,annual,26.1,GEDEvent_v26_1.csv,ucdp_16099,review,acd_party_mismatch,True
16099,"United Kingdom, United States of America - Yemen",1,573259,17738,2025,2025-03-17 00:00:00.000,2025-03-17 00:00:00.000,1,678,Yemen (North Yemen),al-Jawf governorate,Al Ḩazm district,16.164056,44.776919,1,6356,"Government of United Kingdom, Government of United States of America",123,Government of Yemen (North Yemen),true,Clear,,678,annual,26.1,GEDEvent_v26_1.csv,ucdp_16099,review,acd_party_mismatch,True
16099,"United Kingdom, United States of America - Yemen",1,573265,17738,2025,2025-03-24 00:00:00.000,2025-03-24 00:00:00.000,1,678,Yemen (North Yemen),Amānat al ‘Āşimah governorate,,15.354722,44.206667,1,6356,"Government of United Kingdom, Government of United States of America",123,Government of Yemen (North Yemen),true,Clear,,678,annual,26.1,GEDEvent_v26_1.csv,ucdp_16099,review,acd_party_mismatch,True
16099,"United Kingdom, United States of America - Yemen",1,573274,17738,2025,2025-03-22 00:00:00.000,2025-03-22 00:00:00.000,1,678,Yemen (North Yemen),Marib governorate,Majzar district,16.018540,44.804460,2,6356,"Government of United Kingdom, Government of United States of America",123,Government of Yemen (North Yemen),true,Clear,,678,annual,26.1,GEDEvent_v26_1.csv,ucdp_16099,review,acd_party_mismatch,True
16099,"United Kingdom, United States of America - Yemen",1,573654,17738,2025,2025-04-06 00:00:00.000,2025-04-06 00:00:00.000,1,678,Yemen (North Yemen),Şa‘dah governorate,,17.063404,43.914882,4,6356,"Government of United Kingdom, Government of United States of America",123,Government of Yemen (North Yemen),true,Clear,,678,annual,26.1,GEDEvent_v26_1.csv,ucdp_16099,review,acd_party_mismatch,True
16099,"United Kingdom, United States of America - Yemen",1,577344,17738,2025,2025-04-05 00:00:00.000,2025-04-05 00:00:00.000,1,678,Yemen (North Yemen),Şa‘dah governorate,Saḩār district,16.976370,43.703490,1,6356,"Government of United Kingdom, Government of United States of America",123,Government of Yemen (North Yemen),true,Clear,,678,annual,26.1,GEDEvent_v26_1.csv,ucdp_16099,review,acd_party_mismatch,True
16099,"United Kingdom, United States of America - Yemen",1,577390,17738,2025,2025-04-08 00:00:00.000,2025-04-08 00:00:00.000,1,678,Yemen (North Yemen),Hudaydah governorate,,14.797812,42.954516,1,6356,"Government of United Kingdom, Government of United States of America",123,Government of Yemen (North Yemen),true,Clear,,678,annual,26.1,GEDEvent_v26_1.csv,ucdp_16099,review,acd_party_mismatch,True
16099,"United Kingdom, United States of America - Yemen",1,577406,17738,2025,2025-03-15 00:00:00.000,2025-04-09 00:00:00.000,4,678,Yemen (North Yemen),,,15.500000,47.500000,6,6356,"Government of United Kingdom, Government of United States of America",123,Government of Yemen (North Yemen),true,Clear,,678,annual,26.1,GEDEvent_v26_1.csv,ucdp_16099,review,acd_party_mismatch,True
16099,"United Kingdom, United States of America - Yemen",1,577409,17738,2025,2025-04-09 00:00:00.000,2025-04-09 00:00:00.000,1,678,Yemen (North Yemen),Amānat al ‘Āşimah governorate,,15.354722,44.206667,1,6356,"Government of United Kingdom, Government of United States of America",123,Government of Yemen (North Yemen),true,Clear,,678,annual,26.1,GEDEvent_v26_1.csv,ucdp_16099,review,acd_party_mismatch,True
16099,"United Kingdom, United States of America - Yemen",1,577419,17738,2025,2025-04-13 00:00:00.000,2025-04-13 00:00:00.000,1,678,Yemen (North Yemen),Şan‘ā’ governorate,Banī Maţar district,15.252517,44.025134,1,6356,"Government of United Kingdom, Government of United States of America",123,Government of Yemen (North Yemen),true,Clear,,678,annual,26.1,GEDEvent_v26_1.csv,ucdp_16099,review,acd_party_mismatch,True
16099,"United Kingdom, United States of America - Yemen",1,577645,17738,2025,2025-03-15 00:00:00.000,2025-04-14 00:00:00.000,4,678,Yemen (North Yemen),,,15.500000,47.500000,6,6356,"Government of United Kingdom, Government of United States of America",123,Government of Yemen (North Yemen),true,Clear,,678,annual,26.1,GEDEvent_v26_1.csv,ucdp_16099,review,acd_party_mismatch,True
16099,"United Kingdom, United States of America - Yemen",1,577661,17738,2025,2025-04-16 00:00:00.000,2025-04-16 00:00:00.000,1,678,Yemen (North Yemen),Amānat al ‘Āşimah governorate,,15.354722,44.206667,1,6356,"Government of United Kingdom, Government of United States of America",123,Government of Yemen (North Yemen),true,Clear,,678,annual,26.1,GEDEvent_v26_1.csv,ucdp_16099,review,acd_party_mismatch,True
16099,"United Kingdom, United States of America - Yemen",1,577673,17738,2025,2025-04-17 00:00:00.000,2025-04-17 00:00:00.000,1,678,Yemen (North Yemen),Hudaydah governorate,Aş Şalīf district,15.188541,42.662465,1,6356,"Government of United Kingdom, Government of United States of America",123,Government of Yemen (North Yemen),true,Clear,,678,annual,26.1,GEDEvent_v26_1.csv,ucdp_16099,review,acd_party_mismatch,True
16099,"United Kingdom, United States of America - Yemen",1,577697,17738,2025,2025-04-19 00:00:00.000,2025-04-19 00:00:00.000,1,678,Yemen (North Yemen),Amānat al ‘Āşimah governorate,,15.354722,44.206667,1,6356,"Government of United Kingdom, Government of United States of America",123,Government of Yemen (North Yemen),true,Clear,,678,annual,26.1,GEDEvent_v26_1.csv,ucdp_16099,review,acd_party_mismatch,True
16099,"United Kingdom, United States of America - Yemen",1,577699,17738,2025,2025-04-19 00:00:00.000,2025-04-19 00:00:00.000,1,678,Yemen (North Yemen),Şan‘ā’ governorate,Banī Maţar district,15.335016,44.082779,1,6356,"Government of United Kingdom, Government of United States of America",123,Government of Yemen (North Yemen),true,Clear,,678,annual,26.1,GEDEvent_v26_1.csv,ucdp_16099,review,acd_party_mismatch,True
16099,"United Kingdom, United States of America - Yemen",1,577704,17738,2025,2025-04-20 00:00:00.000,2025-04-20 00:00:00.000,1,678,Yemen (North Yemen),Amānat al ‘Āşimah governorate,,15.354722,44.206667,1,6356,"Government of United Kingdom, Government of United States of America",123,Government of Yemen (North Yemen),true,Clear,,678,annual,26.1,GEDEvent_v26_1.csv,ucdp_16099,review,acd_party_mismatch,True
16099,"United Kingdom, United States of America - Yemen",1,577803,17738,2025,2025-03-15 00:00:00.000,2025-04-22 00:00:00.000,5,678,Yemen (North Yemen),,,15.500000,47.500000,6,6356,"Government of United Kingdom, Government of United States of America",123,Government of Yemen (North Yemen),true,Clear,,678,annual,26.1,GEDEvent_v26_1.csv,ucdp_16099,review,acd_party_mismatch,True
16099,"United Kingdom, United States of America - Yemen",1,577893,17738,2025,2025-04-25 00:00:00.000,2025-04-25 00:00:00.000,1,678,Yemen (North Yemen),Şa‘dah governorate,Saḩār district,16.885217,43.683063,3,6356,"Government of United Kingdom, Government of United States of America",123,Government of Yemen (North Yemen),true,Clear,,678,annual,26.1,GEDEvent_v26_1.csv,ucdp_16099,review,acd_party_mismatch,True
16099,"United Kingdom, United States of America - Yemen",1,577881,17738,2025,2025-04-23 00:00:00.000,2025-04-23 00:00:00.000,1,678,Yemen (North Yemen),Taiz governorate,Maqbanah district,13.584551,43.667443,3,6356,"Government of United Kingdom, Government of United States of America",123,Government of Yemen (North Yemen),true,Clear,,678,annual,26.1,GEDEvent_v26_1.csv,ucdp_16099,review,acd_party_mismatch,True
16099,"United Kingdom, United States of America - Yemen",1,577900,17738,2025,2025-04-26 00:00:00.000,2025-04-26 00:00:00.000,1,678,Yemen (North Yemen),Amānat al ‘Āşimah governorate,,15.354722,44.206667,1,6356,"Government of United Kingdom, Government of United States of America",123,Government of Yemen (North Yemen),true,Clear,,678,annual,26.1,GEDEvent_v26_1.csv,ucdp_16099,review,acd_party_mismatch,True
16099,"United Kingdom, United States of America - Yemen",1,577901,17738,2025,2025-04-27 00:00:00.000,2025-04-27 00:00:00.000,1,678,Yemen (North Yemen),Amānat al ‘Āşimah governorate,Banī al Ḩārith district,15.440998,44.150386,1,6356,"Government of United Kingdom, Government of United States of America",123,Government of Yemen (North Yemen),true,Clear,,678,annual,26.1,GEDEvent_v26_1.csv,ucdp_16099,review,acd_party_mismatch,True
16099,"United Kingdom, United States of America - Yemen",1,577902,17738,2025,2025-04-28 00:00:00.000,2025-04-28 00:00:00.000,1,678,Yemen (North Yemen),Şa‘dah governorate,Saḩār district,16.930900,43.732650,1,6356,"Government of United Kingdom, Government of United States of America",123,Government of Yemen (North Yemen),true,Clear,,678,annual,26.1,GEDEvent_v26_1.csv,ucdp_16099,review,acd_party_mismatch,True
16099,"United Kingdom, United States of America - Yemen",1,578077,17738,2025,2025-04-21 00:00:00.000,2025-04-27 00:00:00.000,3,678,Yemen (North Yemen),Bayda governorate,,14.341660,45.394420,4,6356,"Government of United Kingdom, Government of United States of America",123,Government of Yemen (North Yemen),true,Clear,,678,annual,26.1,GEDEvent_v26_1.csv,ucdp_16099,review,acd_party_mismatch,True
16099,"United Kingdom, United States of America - Yemen",1,579145,17738,2025,2025-03-15 00:00:00.000,2025-03-18 00:00:00.000,2,678,Yemen (North Yemen),,,15.500000,47.500000,6,6356,"Government of United Kingdom, Government of United States of America",123,Government of Yemen (North Yemen),true,Clear,,678,annual,26.1,GEDEvent_v26_1.csv,ucdp_16099,review,acd_party_mismatch,True
16099,"United Kingdom, United States of America - Yemen",1,579149,17738,2025,2025-03-18 00:00:00.000,2025-03-20 00:00:00.000,2,678,Yemen (North Yemen),,,15.500000,47.500000,6,6356,"Government of United Kingdom, Government of United States of America",123,Government of Yemen (North Yemen),true,Clear,,678,annual,26.1,GEDEvent_v26_1.csv,ucdp_16099,review,acd_party_mismatch,True
16099,"United Kingdom, United States of America - Yemen",1,579157,17738,2025,2025-03-19 00:00:00.000,2025-03-22 00:00:00.000,2,678,Yemen (North Yemen),,,15.500000,47.500000,6,6356,"Government of United Kingdom, Government of United States of America",123,Government of Yemen (North Yemen),true,Clear,,678,annual,26.1,GEDEvent_v26_1.csv,ucdp_16099,review,acd_party_mismatch,True
16099,"United Kingdom, United States of America - Yemen",1,579162,17738,2025,2025-03-21 00:00:00.000,2025-03-24 00:00:00.000,2,678,Yemen (North Yemen),,,15.500000,47.500000,6,6356,"Government of United Kingdom, Government of United States of America",123,Government of Yemen (North Yemen),true,Clear,,678,annual,26.1,GEDEvent_v26_1.csv,ucdp_16099,review,acd_party_mismatch,True
16099,"United Kingdom, United States of America - Yemen",1,579206,17738,2025,2025-03-28 00:00:00.000,2025-03-31 00:00:00.000,2,678,Yemen (North Yemen),,,15.500000,47.500000,6,6356,"Government of United Kingdom, Government of United States of America",123,Government of Yemen (North Yemen),true,Clear,,678,annual,26.1,GEDEvent_v26_1.csv,ucdp_16099,review,acd_party_mismatch,True
16099,"United Kingdom, United States of America - Yemen",1,579223,17738,2025,2025-03-27 00:00:00.000,2025-03-30 00:00:00.000,2,678,Yemen (North Yemen),,,15.500000,47.500000,6,6356,"Government of United Kingdom, Government of United States of America",123,Government of Yemen (North Yemen),true,Clear,,678,annual,26.1,GEDEvent_v26_1.csv,ucdp_16099,review,acd_party_mismatch,True
16099,"United Kingdom, United States of America - Yemen",1,579259,17738,2025,2025-04-04 00:00:00.000,2025-04-07 00:00:00.000,2,678,Yemen (North Yemen),,,15.500000,47.500000,6,6356,"Government of United Kingdom, Government of United States of America",123,Government of Yemen (North Yemen),true,Clear,,678,annual,26.1,GEDEvent_v26_1.csv,ucdp_16099,review,acd_party_mismatch,True
16099,"United Kingdom, United States of America - Yemen",1,579262,17738,2025,2025-04-07 00:00:00.000,2025-04-10 00:00:00.000,2,678,Yemen (North Yemen),,,15.500000,47.500000,6,6356,"Government of United Kingdom, Government of United States of America",123,Government of Yemen (North Yemen),true,Clear,,678,annual,26.1,GEDEvent_v26_1.csv,ucdp_16099,review,acd_party_mismatch,True
16099,"United Kingdom, United States of America - Yemen",1,579266,17738,2025,2025-04-09 00:00:00.000,2025-04-12 00:00:00.000,2,678,Yemen (North Yemen),,,15.500000,47.500000,6,6356,"Government of United Kingdom, Government of United States of America",123,Government of Yemen (North Yemen),true,Clear,,678,annual,26.1,GEDEvent_v26_1.csv,ucdp_16099,review,acd_party_mismatch,True
16099,"United Kingdom, United States of America - Yemen",1,579269,17738,2025,2025-04-10 00:00:00.000,2025-04-14 00:00:00.000,2,678,Yemen (North Yemen),,,15.500000,47.500000,6,6356,"Government of United Kingdom, Government of United States of America",123,Government of Yemen (North Yemen),true,Clear,,678,annual,26.1,GEDEvent_v26_1.csv,ucdp_16099,review,acd_party_mismatch,True
16099,"United Kingdom, United States of America - Yemen",1,579271,17738,2025,2025-04-13 00:00:00.000,2025-04-16 00:00:00.000,2,678,Yemen (North Yemen),,,15.500000,47.500000,6,6356,"Government of United Kingdom, Government of United States of America",123,Government of Yemen (North Yemen),true,Clear,,678,annual,26.1,GEDEvent_v26_1.csv,ucdp_16099,review,acd_party_mismatch,True
16099,"United Kingdom, United States of America - Yemen",1,579272,17738,2025,2025-04-14 00:00:00.000,2025-04-17 00:00:00.000,2,678,Yemen (North Yemen),,,15.500000,47.500000,6,6356,"Government of United Kingdom, Government of United States of America",123,Government of Yemen (North Yemen),true,Clear,,678,annual,26.1,GEDEvent_v26_1.csv,ucdp_16099,review,acd_party_mismatch,True
16099,"United Kingdom, United States of America - Yemen",1,579274,17738,2025,2025-04-16 00:00:00.000,2025-04-22 00:00:00.000,3,678,Yemen (North Yemen),,,15.500000,47.500000,6,6356,"Government of United Kingdom, Government of United States of America",123,Government of Yemen (North Yemen),true,Clear,,678,annual,26.1,GEDEvent_v26_1.csv,ucdp_16099,review,acd_party_mismatch,True
16099,"United Kingdom, United States of America - Yemen",1,580816,17738,2025,2025-05-04 00:00:00.000,2025-05-04 00:00:00.000,1,678,Yemen (North Yemen),Şan‘ā’ governorate,Banī Ḩushaysh district,15.391711,44.280269,1,6356,"Government of United Kingdom, Government of United States of America",123,Government of Yemen (North Yemen),true,Clear,,678,annual,26.1,GEDEvent_v26_1.csv,ucdp_16099,review,acd_party_mismatch,True
16099,"United Kingdom, United States of America - Yemen",1,584307,17738,2025,2025-04-08 00:00:00.000,2025-04-08 00:00:00.000,1,678,Yemen (North Yemen),Dhamār governorate,Madīnat Dhamār district,14.542742,44.405145,2,6356,"Government of United Kingdom, Government of United States of America",123,Government of Yemen (North Yemen),true,Clear,,678,annual,26.1,GEDEvent_v26_1.csv,ucdp_16099,review,acd_party_mismatch,True
16099,"United Kingdom, United States of America - Yemen",1,584321,17738,2025,2025-04-13 00:00:00.000,2025-04-13 00:00:00.000,1,678,Yemen (North Yemen),Amānat al ‘Āşimah governorate,,15.354722,44.206667,1,6356,"Government of United Kingdom, Government of United States of America",123,Government of Yemen (North Yemen),true,Clear,,678,annual,26.1,GEDEvent_v26_1.csv,ucdp_16099,review,acd_party_mismatch,True
16099,"United Kingdom, United States of America - Yemen",1,584354,17738,2025,2025-04-19 00:00:00.000,2025-04-19 00:00:00.000,1,678,Yemen (North Yemen),Amānat al ‘Āşimah governorate,,15.354722,44.206667,1,6356,"Government of United Kingdom, Government of United States of America",123,Government of Yemen (North Yemen),true,Clear,,678,annual,26.1,GEDEvent_v26_1.csv,ucdp_16099,review,acd_party_mismatch,True
16099,"United Kingdom, United States of America - Yemen",1,584399,17738,2025,2025-05-02 00:00:00.000,2025-05-02 00:00:00.000,1,678,Yemen (North Yemen),Amānat al ‘Āşimah governorate,,15.354722,44.206667,1,6356,"Government of United Kingdom, Government of United States of America",123,Government of Yemen (North Yemen),true,Clear,,678,annual,26.1,GEDEvent_v26_1.csv,ucdp_16099,review,acd_party_mismatch,True
16099,"United Kingdom, United States of America - Yemen",1,584403,17738,2025,2025-04-17 00:00:00.000,2025-04-17 00:00:00.000,1,678,Yemen (North Yemen),Hudaydah governorate,,14.797812,42.954516,1,6356,"Government of United Kingdom, Government of United States of America",123,Government of Yemen (North Yemen),true,Clear,,678,annual,26.1,GEDEvent_v26_1.csv,ucdp_16099,review,acd_party_mismatch,True
16099,"United Kingdom, United States of America - Yemen",1,584427,17738,2025,2025-03-26 00:00:00.000,2025-03-28 00:00:00.000,2,678,Yemen (North Yemen),,,15.500000,47.500000,6,6356,"Government of United Kingdom, Government of United States of America",123,Government of Yemen (North Yemen),true,Clear,,678,annual,26.1,GEDEvent_v26_1.csv,ucdp_16099,review,acd_party_mismatch,True
16099,"United Kingdom, United States of America - Yemen",1,620594,17738,2025,2025-03-15 00:00:00.000,2025-03-31 00:00:00.000,4,678,Yemen (North Yemen),Amānat al ‘Āşimah governorate,Mu‘īn district,15.348260,44.160580,2,6356,"Government of United Kingdom, Government of United States of America",123,Government of Yemen (North Yemen),true,Clear,,678,annual,26.1,GEDEvent_v26_1.csv,ucdp_16099,review,acd_party_mismatch,True
1,XXX700,1,628272,1,2026,2026-05-05 00:00:00.000,2026-05-05 00:00:00.000,1,700,Afghanistan,Bamyan province,Sayghan district,35.119273,67.611333,3,3596,XXX700,3596,XXX700,false,Check dyad,,,candidate,26.01.26.06,GEDEvent_v26_01_26_06.csv,ucdp_1,review,same_actor_on_both_sides,True
1,XXX700,1,631103,1,2026,2026-06-04 00:00:00.000,2026-06-04 00:00:00.000,1,700,Afghanistan,Hirat province,Hirat district,34.349991,62.200001,1,3596,XXX700,3596,XXX700,false,Check dyad,,,candidate,26.01.26.06,GEDEvent_v26_01_26_06.csv,ucdp_1,review,same_actor_on_both_sides,True
333,Afghanistan: Government,1,624110,18068,2026,2026-04-04 00:00:00.000,2026-04-04 00:00:00.000,1,700,Afghanistan,Kunar province,Sirkanay district,34.750462,71.118319,3,130,Government of Afghanistan,9172,NMF,false,Check geography,700,,candidate,26.01.26.06,GEDEvent_v26_01_26_06.csv,ucdp_333,review,unknown_actor,True
3,XXX615,1,615986,5,2026,2026-02-01 00:00:00.000,2026-02-01 00:00:00.000,1,615,Algeria,Ain Defla province,,35.926739,1.998679,5,3598,XXX615,3598,XXX615,false,Check dyad,,,candidate,26.01.26.06,GEDEvent_v26_01_26_06.csv,ucdp_3,review,same_actor_on_both_sides,True
3,XXX615,1,622622,5,2026,2026-03-01 00:00:00.000,2026-03-01 00:00:00.000,1,615,Algeria,Ain Defla province,Ain Defla district,36.264055,1.967897,1,3598,XXX615,3598,XXX615,false,Check dyad,,,candidate,26.01.26.06,GEDEvent_v26_01_26_06.csv,ucdp_3,review,same_actor_on_both_sides,True
16905,"Iran - Israel, United States of America",1,622618,18868,2026,2026-03-02 00:00:00.000,2026-03-02 00:00:00.000,1,692,Bahrain,,,26.000000,50.550000,6,114,Government of Iran,9865,"Government of Israel, Government of United States of America",true,Check type of violence,630,,candidate,26.01.26.06,GEDEvent_v26_01_26_06.csv,ucdp_16905,review,unknown_actor,True
16905,"Iran - Israel, United States of America",1,624759,18868,2026,2026-03-10 00:00:00.000,2026-03-10 00:00:00.000,1,692,Bahrain,Al ‘Āşimah governorate,,26.236111,50.583056,1,114,Government of Iran,9865,"Government of Israel, Government of United States of America",true,Clear,630,,candidate,26.01.26.06,GEDEvent_v26_01_26_06.csv,ucdp_16905,review,unknown_actor,True
16905,"Iran - Israel, United States of America",1,624765,18868,2026,2026-03-24 00:00:00.000,2026-03-24 00:00:00.000,1,692,Bahrain,,,26.000000,50.550000,6,114,Government of Iran,9865,"Government of Israel, Government of United States of America",true,Check dyad,630,,candidate,26.01.26.06,GEDEvent_v26_01_26_06.csv,ucdp_16905,review,unknown_actor,True
12,XXX771,1,613918,23,2026,2026-01-19 00:00:00.000,2026-01-19 00:00:00.000,1,771,Bangladesh,Chittagong division,Chittagong district,22.392948,91.758636,2,3607,XXX771,3607,XXX771,false,Check dyad,,,candidate,26.01.26.06,GEDEvent_v26_01_26_06.csv,ucdp_12,review,same_actor_on_both_sides,True
322,Bangladesh: Chittagong Hill Tracts,1,633799,11067,2026,2026-06-24 00:00:00.000,2026-06-24 00:00:00.000,1,771,Bangladesh,Chittagong division,Khagrachhari district,22.945910,91.797810,2,143,Government of Bangladesh,2457,UPDF,false,Clear,771,,candidate,26.01.26.06,GEDEvent_v26_01_26_06.csv,ucdp_322,review,unknown_actor,True
16,XXX80,1,620516,31,2026,2026-01-25 00:00:00.000,2026-01-25 00:00:00.000,1,80,Belize,Belize district,,17.550000,-88.416670,4,3611,XXX80,3611,XXX80,false,Check dyad,,,candidate,26.01.26.06,GEDEvent_v26_01_26_06.csv,ucdp_16,review,same_actor_on_both_sides,True
22,XXX140,1,612950,43,2026,2026-01-18 00:00:00.000,2026-01-18 00:00:00.000,1,140,Brazil,Amapá state,Macapá municipality,0.038890,-51.066390,1,3617,XXX140,3617,XXX140,false,Check dyad,,,candidate,26.01.26.06,GEDEvent_v26_01_26_06.csv,ucdp_22,review,same_actor_on_both_sides,True
22,XXX140,1,627376,43,2026,2026-02-27 00:00:00.000,2026-02-27 00:00:00.000,1,140,Brazil,Rio Grande do Norte state,Caicó municipality,-6.447130,-37.047760,3,3617,XXX140,3617,XXX140,false,Check dyad,,,candidate,26.01.26.06,GEDEvent_v26_01_26_06.csv,ucdp_22,review,same_actor_on_both_sides,True
22,XXX140,1,627523,43,2026,2026-03-07 00:00:00.000,2026-03-07 00:00:00.000,1,140,Brazil,Rio Grande do Norte state,Areia Branca municipality,-4.956110,-37.136940,1,3617,XXX140,3617,XXX140,false,Check dyad,,,candidate,26.01.26.06,GEDEvent_v26_01_26_06.csv,ucdp_22,review,same_actor_on_both_sides,True
26,XXX516,1,632034,16345,2026,2026-05-23 00:00:00.000,2026-05-24 00:00:00.000,2,516,Burundi,Buhumuza province,Gisagara commune,-3.205000,30.684444,3,93,Government of Burundi,7691,Supporters of CNL,false,Check dyad,516,,candidate,26.01.26.06,GEDEvent_v26_01_26_06.csv,ucdp_26,review,unknown_actor,True
28,XXX471,1,627815,55,2026,2026-04-25 00:00:00.000,2026-04-25 00:00:00.000,1,471,Cameroon,Far North region,Mayo-Sava department,11.233056,14.171111,1,3623,XXX471,3623,XXX471,false,Check deaths,,,candidate,26.01.26.06,GEDEvent_v26_01_26_06.csv,ucdp_28,review,same_actor_on_both_sides,True
31,XXX482,1,622724,61,2026,2026-02-04 00:00:00.000,2026-02-04 00:00:00.000,1,482,Central African Republic,Haute-Kotto prefecture,,7.000000,23.000000,4,3626,XXX482,3626,XXX482,false,Check dyad,,,candidate,26.01.26.06,GEDEvent_v26_01_26_06.csv,ucdp_31,review,same_actor_on_both_sides,True
31,XXX482,1,622771,61,2026,2026-02-15 00:00:00.000,2026-02-15 00:00:00.000,1,482,Central African Republic,Vakaga prefecture,Ouadjia sub-prefecture,9.787337,21.613256,2,3626,XXX482,3626,XXX482,false,Check dyad,,,candidate,26.01.26.06,GEDEvent_v26_01_26_06.csv,ucdp_31,review,same_actor_on_both_sides,True
31,XXX482,1,626935,61,2026,2026-03-11 00:00:00.000,2026-03-11 00:00:00.000,1,482,Central African Republic,Ombella-M'Poko prefecture,,5.000000,18.000000,4,3626,XXX482,3626,XXX482,false,Check dyad,,,candidate,26.01.26.06,GEDEvent_v26_01_26_06.csv,ucdp_31,review,same_actor_on_both_sides,True
31,XXX482,1,626936,61,2026,2026-03-27 00:00:00.000,2026-03-27 00:00:00.000,1,482,Central African Republic,Ouaka prefecture,Bambari sub-prefecture,6.138944,20.777868,1,3626,XXX482,3626,XXX482,false,Check dyad,,,candidate,26.01.26.06,GEDEvent_v26_01_26_06.csv,ucdp_31,review,same_actor_on_both_sides,True
31,XXX482,1,629643,61,2026,2026-04-04 00:00:00.000,2026-04-05 00:00:00.000,2,482,Central African Republic,Vakaga prefecture,Amdafock sub-prefecture,10.462710,23.289000,2,3626,XXX482,3626,XXX482,false,Check dyad,,,candidate,26.01.26.06,GEDEvent_v26_01_26_06.csv,ucdp_31,review,same_actor_on_both_sides,True
31,XXX482,1,629644,61,2026,2026-04-11 00:00:00.000,2026-04-11 00:00:00.000,1,482,Central African Republic,Vakaga prefecture,,10.333333,22.750000,4,3626,XXX482,3626,XXX482,false,Check dyad,,,candidate,26.01.26.06,GEDEvent_v26_01_26_06.csv,ucdp_31,review,same_actor_on_both_sides,True
416,Central African Republic: Government,1,634120,19005,2026,2026-06-30 00:00:00.000,2026-06-30 00:00:00.000,1,482,Central African Republic,Vakaga prefecture,Amdafock sub-prefecture,10.462710,23.289000,1,86,Government of Central African Republic,9971,ASP,false,Check dyad,482,,candidate,26.01.26.06,GEDEvent_v26_01_26_06.csv,ucdp_416,review,unknown_actor,True
32,XXX483,1,612791,63,2026,2026-01-13 00:00:00.000,2026-01-13 00:00:00.000,1,483,Chad,Moyen-Chari region,Barh Kôh department,10.006002,17.710564,1,3627,XXX483,3627,XXX483,false,Check dyad,,,candidate,26.01.26.06,GEDEvent_v26_01_26_06.csv,ucdp_32,review,same_actor_on_both_sides,True
35,XXX100,1,633843,69,2026,2026-06-05 00:00:00.000,2026-06-05 00:00:00.000,1,100,Colombia,Casanare department,Yopal municipality,5.337750,-72.395860,2,3630,XXX100,3630,XXX100,false,Check dyad,,,candidate,26.01.26.06,GEDEvent_v26_01_26_06.csv,ucdp_35,review,same_actor_on_both_sides,True
35,XXX100,1,634026,69,2026,2026-06-07 00:00:00.000,2026-06-07 00:00:00.000,1,100,Colombia,Nariño department,,1.500000,-78.000000,4,3630,XXX100,3630,XXX100,false,Check dyad,,,candidate,26.01.26.06,GEDEvent_v26_01_26_06.csv,ucdp_35,review,same_actor_on_both_sides,True
35,XXX100,1,635032,69,2026,2026-06-07 00:00:00.000,2026-06-07 00:00:00.000,1,100,Colombia,Caldas department,Manizales municipality,5.029759,-75.561370,2,3630,XXX100,3630,XXX100,false,Check dyad,,,candidate,26.01.26.06,GEDEvent_v26_01_26_06.csv,ucdp_35,review,same_actor_on_both_sides,True
35,XXX100,1,634614,69,2026,2026-06-12 00:00:00.000,2026-06-19 00:00:00.000,4,100,Colombia,Antioquia department,Santa Bárbara municipality,5.874580,-75.567060,1,3630,XXX100,3630,XXX100,false,Check dyad,,,candidate,26.01.26.06,GEDEvent_v26_01_26_06.csv,ucdp_35,review,same_actor_on_both_sides,True
35,XXX100,1,634198,69,2026,2026-06-23 00:00:00.000,2026-06-23 00:00:00.000,1,100,Colombia,Valle del Cauca department,Buenaventura municipality,3.864250,-77.035450,3,3630,XXX100,3630,XXX100,false,Check dyad,,,candidate,26.01.26.06,GEDEvent_v26_01_26_06.csv,ucdp_35,review,same_actor_on_both_sides,True
164,XXX2,1,613415,327,2026,2026-01-13 00:00:00.000,2026-01-13 00:00:00.000,1,100,Colombia,Norte de Santander department,Cucutilla municipality,7.500000,-72.750000,3,3759,XXX2,3759,XXX2,false,Check dyad,,,candidate,26.01.26.06,GEDEvent_v26_01_26_06.csv,ucdp_164,review,same_actor_on_both_sides,True
289,Colombia: Government,1,629216,18532,2026,2026-04-20 00:00:00.000,2026-04-20 00:00:00.000,1,100,Colombia,Nariño department,Ipiales municipality,0.830178,-77.649594,1,17,Government of Colombia,9299,Guerrilla Coordinadora Nacional Ejército Bolivariano,false,Clear,100,,candidate,26.01.26.06,GEDEvent_v26_01_26_06.csv,ucdp_289,review,unknown_actor,True
379,Djibouti: Government,1,613093,15486,2026,2026-01-18 00:00:00.000,2026-01-18 00:00:00.000,1,522,Djibouti,Tadjourah region,,11.909428,42.280064,1,96,Government of Djibouti,7012,FRUD-C-MK,false,Check dyad,522,,candidate,26.01.26.06,GEDEvent_v26_01_26_06.csv,ucdp_379,review,unknown_actor,True
379,Djibouti: Government,1,620777,15486,2026,2026-03-02 00:00:00.000,2026-03-02 00:00:00.000,1,522,Djibouti,Dikhil region,,11.500000,42.166667,4,96,Government of Djibouti,7012,FRUD-C-MK,false,Clear,522,,candidate,26.01.26.06,GEDEvent_v26_01_26_06.csv,ucdp_379,review,unknown_actor,True
38,XXX490,1,630054,75,2026,2026-05-21 00:00:00.000,2026-05-21 00:00:00.000,1,490,DR Congo (Zaire),Nord Kivu province,Rutshuru territory,-0.575650,29.607720,1,3633,XXX490,3633,XXX490,false,Check dyad,,,candidate,26.01.26.06,GEDEvent_v26_01_26_06.csv,ucdp_38,review,same_actor_on_both_sides,True
49,XXX130,1,627571,97,2026,2026-01-23 00:00:00.000,2026-01-23 00:00:00.000,1,130,Ecuador,Santa Elena province,Cantón Santa Elena,-2.226700,-80.858300,3,3644,XXX130,3644,XXX130,false,Check dyad,,,candidate,26.01.26.06,GEDEvent_v26_01_26_06.csv,ucdp_49,review,same_actor_on_both_sides,True
49,XXX130,1,627576,97,2026,2026-01-28 00:00:00.000,2026-01-28 00:00:00.000,1,130,Ecuador,Guayas province,Cantón Samborondón,-2.183333,-79.883333,3,3644,XXX130,3644,XXX130,false,Check dyad,,,candidate,26.01.26.06,GEDEvent_v26_01_26_06.csv,ucdp_49,review,same_actor_on_both_sides,True
49,XXX130,1,623888,97,2026,2026-03-06 00:00:00.000,2026-03-06 00:00:00.000,1,130,Ecuador,,,-2.000000,-77.500000,6,3644,XXX130,3644,XXX130,false,Check,,,candidate,26.01.26.06,GEDEvent_v26_01_26_06.csv,ucdp_49,review,same_actor_on_both_sides,True
49,XXX130,1,628065,97,2026,2026-04-10 00:00:00.000,2026-04-10 00:00:00.000,1,130,Ecuador,Guayas province,Cantón Guayaquil,-2.196160,-79.886210,1,3644,XXX130,3644,XXX130,false,Check type of violence,,,candidate,26.01.26.06,GEDEvent_v26_01_26_06.csv,ucdp_49,review,same_actor_on_both_sides,True
49,XXX130,1,628158,97,2026,2026-04-21 00:00:00.000,2026-04-21 00:00:00.000,1,130,Ecuador,Manabí province,Cantón Sucre,-0.600330,-80.424440,1,3644,XXX130,3644,XXX130,false,Check type of violence,,,candidate,26.01.26.06,GEDEvent_v26_01_26_06.csv,ucdp_49,review,same_actor_on_both_sides,True
55,XXX530,1,613122,109,2026,2026-01-28 00:00:00.000,2026-01-28 00:00:00.000,1,530,Ethiopia,Tigray state,Western zone,13.771653,37.697742,2,3650,XXX530,3650,XXX530,false,Check deaths,,,candidate,26.01.26.06,GEDEvent_v26_01_26_06.csv,ucdp_55,review,same_actor_on_both_sides,True
55,XXX530,1,622923,109,2026,2026-03-19 00:00:00.000,2026-03-21 00:00:00.000,2,530,Ethiopia,South Ethiopia regional state,Gardula zone,5.666667,37.333333,3,3650,XXX530,3650,XXX530,false,Check dyad,,,candidate,26.01.26.06,GEDEvent_v26_01_26_06.csv,ucdp_55,review,same_actor_on_both_sides,True
16055,Ethiopia: Agew,1,622527,18869,2026,2026-03-09 00:00:00.000,2026-03-12 00:00:00.000,2,530,Ethiopia,Amhara state,Wag Hamra zone,12.765000,38.843000,3,97,Government of Ethiopia,9866,ALF,false,Check deaths,530,,candidate,26.01.26.06,GEDEvent_v26_01_26_06.csv,ucdp_16055,review,unknown_actor,True
16055,Ethiopia: Agew,1,632039,18869,2026,2026-05-27 00:00:00.000,2026-05-27 00:00:00.000,1,530,Ethiopia,Amhara state,Wag Hamra zone,13.150248,38.823626,5,97,Government of Ethiopia,9866,ALF,false,Check deaths,530,,candidate,26.01.26.06,GEDEvent_v26_01_26_06.csv,ucdp_16055,review,unknown_actor,True
16055,Ethiopia: Agew,1,632031,18869,2026,2026-05-27 00:00:00.000,2026-05-27 00:00:00.000,1,530,Ethiopia,Amhara state,Wag Hamra zone,12.703100,39.214500,5,97,Government of Ethiopia,9866,ALF,false,Check dyad,530,,candidate,26.01.26.06,GEDEvent_v26_01_26_06.csv,ucdp_16055,review,unknown_actor,True
16055,Ethiopia: Agew,1,628017,18918,2026,2026-04-20 00:00:00.000,2026-04-22 00:00:00.000,2,530,Ethiopia,Amhara state,Wag Hamra zone,13.150248,38.823626,5,97,Government of Ethiopia,9903,Agew Shengo,false,Clear,530,,candidate,26.01.26.06,GEDEvent_v26_01_26_06.csv,ucdp_16055,review,unknown_actor,True
16951,Ethiopia: Benishangul-Gumuz,1,633121,18931,2026,2026-06-13 00:00:00.000,2026-06-13 00:00:00.000,1,530,Ethiopia,Benishangul-Gumuz state,Asosa zone,10.666670,34.833330,2,97,Government of Ethiopia,9914,BDF,false,Clear,530,,candidate,26.01.26.06,GEDEvent_v26_01_26_06.csv,ucdp_16951,review,unknown_actor,True
16951,Ethiopia: Benishangul-Gumuz,1,630094,18932,2026,2026-05-12 00:00:00.000,2026-05-12 00:00:00.000,1,530,Ethiopia,Benishangul-Gumuz state,Metekel zone,11.304603,35.612485,2,97,Government of Ethiopia,9915,GFNF,false,Check type of violence,530,,candidate,26.01.26.06,GEDEvent_v26_01_26_06.csv,ucdp_16951,review,unknown_actor,True
16951,Ethiopia: Benishangul-Gumuz,1,630219,18932,2026,2026-05-23 00:00:00.000,2026-05-24 00:00:00.000,2,530,Ethiopia,Benishangul-Gumuz state,Metekel zone,11.160755,36.342554,2,97,Government of Ethiopia,9915,GFNF,false,Check deaths,530,,candidate,26.01.26.06,GEDEvent_v26_01_26_06.csv,ucdp_16951,review,unknown_actor,True
64,XXX452,1,612796,127,2026,2026-01-20 00:00:00.000,2026-01-20 00:00:00.000,1,452,Ghana,Bono region,,7.650000,-2.500000,4,3659,XXX452,3659,XXX452,false,Check dyad,,,candidate,26.01.26.06,GEDEvent_v26_01_26_06.csv,ucdp_64,review,same_actor_on_both_sides,True
64,XXX452,1,620793,127,2026,2026-02-08 00:00:00.000,2026-02-08 00:00:00.000,1,452,Ghana,Upper East region,Bawku West district,10.971406,-0.565437,1,3659,XXX452,3659,XXX452,false,Check dyad,,,candidate,26.01.26.06,GEDEvent_v26_01_26_06.csv,ucdp_64,review,same_actor_on_both_sides,True
64,XXX452,1,627830,127,2026,2026-04-27 00:00:00.000,2026-04-27 00:00:00.000,1,452,Ghana,Upper East region,Binduri district,10.969488,-0.306223,1,3659,XXX452,3659,XXX452,false,Check type of violence,,,candidate,26.01.26.06,GEDEvent_v26_01_26_06.csv,ucdp_64,review,same_actor_on_both_sides,True
70,XXX41,1,622522,139,2026,2026-02-01 00:00:00.000,2026-02-01 00:00:00.000,1,41,Haiti,Ouest department,Croix-des-Bouquets arrondissement,18.606567,-72.222182,5,3665,XXX41,3665,XXX41,false,Check dyad,,,candidate,26.01.26.06,GEDEvent_v26_01_26_06.csv,ucdp_70,review,same_actor_on_both_sides,True
70,XXX41,1,622853,139,2026,2026-02-15 00:00:00.000,2026-02-17 00:00:00.000,2,41,Haiti,Nord department,,19.600000,-72.300000,4,3665,XXX41,3665,XXX41,false,Check type of violence,,,candidate,26.01.26.06,GEDEvent_v26_01_26_06.csv,ucdp_70,review,same_actor_on_both_sides,True
70,XXX41,1,622830,139,2026,2026-03-07 00:00:00.000,2026-03-07 00:00:00.000,1,41,Haiti,Nord department,,19.600000,-72.300000,4,3665,XXX41,3665,XXX41,false,Check dyad,,,candidate,26.01.26.06,GEDEvent_v26_01_26_06.csv,ucdp_70,review,same_actor_on_both_sides,True
70,XXX41,1,628464,139,2026,2026-04-16 00:00:00.000,2026-04-16 00:00:00.000,1,41,Haiti,Nord department,Cap-Haïtien arrondissement,19.760000,-72.200000,1,3665,XXX41,3665,XXX41,false,Check type of violence,,,candidate,26.01.26.06,GEDEvent_v26_01_26_06.csv,ucdp_70,review,same_actor_on_both_sides,True
70,XXX41,1,628459,139,2026,2026-05-02 00:00:00.000,2026-05-02 00:00:00.000,1,41,Haiti,Ouest department,Port-au-Prince arrondissement,18.500000,-72.366670,3,3665,XXX41,3665,XXX41,false,Check dyad,,,candidate,26.01.26.06,GEDEvent_v26_01_26_06.csv,ucdp_70,review,same_actor_on_both_sides,True
70,XXX41,1,631391,139,2026,2026-05-13 00:00:00.000,2026-05-13 00:00:00.000,1,41,Haiti,Ouest department,Port-au-Prince arrondissement,18.552166,-72.257446,2,3665,XXX41,3665,XXX41,false,Check,,,candidate,26.01.26.06,GEDEvent_v26_01_26_06.csv,ucdp_70,review,same_actor_on_both_sides,True
70,XXX41,1,631418,139,2026,2026-06-04 00:00:00.000,2026-06-04 00:00:00.000,1,41,Haiti,Nord department,Cap-Haïtien arrondissement,19.760000,-72.200000,2,3665,XXX41,3665,XXX41,false,Check,,,candidate,26.01.26.06,GEDEvent_v26_01_26_06.csv,ucdp_70,review,same_actor_on_both_sides,True
74,XXX750,1,627818,147,2026,2026-04-07 00:00:00.000,2026-04-07 00:00:00.000,1,750,India,Manipur state,Bishnupur district,24.473236,93.747163,1,3669,XXX750,3669,XXX750,false,Check dyad,,,candidate,26.01.26.06,GEDEvent_v26_01_26_06.csv,ucdp_74,review,same_actor_on_both_sides,True
74,XXX750,1,630318,147,2026,2026-05-29 00:00:00.000,2026-05-29 00:00:00.000,1,750,India,Manipur state,Ukhrul district,24.962000,94.253329,1,3669,XXX750,3669,XXX750,false,Check dyad,,,candidate,26.01.26.06,GEDEvent_v26_01_26_06.csv,ucdp_74,review,same_actor_on_both_sides,True
364,India: Kashmir,1,619404,16080,2026,2026-02-04 00:00:00.000,2026-02-04 00:00:00.000,1,750,India,Jammu and Kashmir state,Udhampur district,32.808860,75.544480,2,141,Government of India,2205,Jaish-i-Mohammed,false,Clear,750,,candidate,26.01.26.06,GEDEvent_v26_01_26_06.csv,ucdp_364,review,unknown_actor,True
347,India: Manipur,1,630311,18658,2026,2026-05-14 00:00:00.000,2026-05-14 00:00:00.000,1,750,India,Assam state,Cachar district,26.749270,94.205323,2,141,Government of India,9533,UKNA,false,Check dyad,750,,candidate,26.01.26.06,GEDEvent_v26_01_26_06.csv,ucdp_347,review,unknown_actor,True
347,India: Manipur,1,633602,18658,2026,2026-06-16 00:00:00.000,2026-06-16 00:00:00.000,1,750,India,Manipur state,Churachandpur district,24.595090,93.529920,1,141,Government of India,9533,UKNA,false,Clear,750,,candidate,26.01.26.06,GEDEvent_v26_01_26_06.csv,ucdp_347,review,unknown_actor,True
76,XXX630,1,615276,151,2026,2026-01-08 00:00:00.000,2026-01-08 00:00:00.000,1,630,Iran,Kermanshah province,Kermanshah county,34.340278,47.095833,1,3671,XXX630,3671,XXX630,false,Check dyad,,,candidate,26.01.26.06,GEDEvent_v26_01_26_06.csv,ucdp_76,review,same_actor_on_both_sides,True
76,XXX630,1,615965,151,2026,2026-01-28 00:00:00.000,2026-01-28 00:00:00.000,1,630,Iran,Sistan and Baluchestan province,Saravan county,26.828800,62.640500,2,3671,XXX630,3671,XXX630,false,Check dyad,,,candidate,26.01.26.06,GEDEvent_v26_01_26_06.csv,ucdp_76,review,same_actor_on_both_sides,True
76,XXX630,1,615964,151,2026,2026-01-29 00:00:00.000,2026-01-29 00:00:00.000,1,630,Iran,Sistan and Baluchestan province,Rasak county,26.236820,61.399010,1,3671,XXX630,3671,XXX630,false,Check type of violence,,,candidate,26.01.26.06,GEDEvent_v26_01_26_06.csv,ucdp_76,review,same_actor_on_both_sides,True
76,XXX630,1,620869,151,2026,2026-02-04 00:00:00.000,2026-02-04 00:00:00.000,1,630,Iran,Kohgiluyeh and Buyer Ahmad province,,30.202300,50.826900,1,3671,XXX630,3671,XXX630,false,Check dyad,,,candidate,26.01.26.06,GEDEvent_v26_01_26_06.csv,ucdp_76,review,same_actor_on_both_sides,True
76,XXX630,1,620873,151,2026,2026-02-13 00:00:00.000,2026-02-13 00:00:00.000,1,630,Iran,South Khorasan province,Ferdows county,33.956670,57.970000,3,3671,XXX630,3671,XXX630,false,Check dyad,,,candidate,26.01.26.06,GEDEvent_v26_01_26_06.csv,ucdp_76,review,same_actor_on_both_sides,True
76,XXX630,1,629396,151,2026,2026-04-29 00:00:00.000,2026-04-29 00:00:00.000,1,630,Iran,Sistan and Baluchestan province,Iranshahr county,27.566667,59.883333,3,3671,XXX630,3671,XXX630,false,Check dyad,,,candidate,26.01.26.06,GEDEvent_v26_01_26_06.csv,ucdp_76,review,same_actor_on_both_sides,True
338,Iran: Government,1,615486,15234,2026,2026-01-21 00:00:00.000,2026-01-21 00:00:00.000,1,630,Iran,Sistan and Baluchestan province,Zahedan county,29.496389,60.862778,1,114,Government of Iran,6822,Ansar al-Furqan,false,Clear,630,,candidate,26.01.26.06,GEDEvent_v26_01_26_06.csv,ucdp_338,review,unknown_actor,True
16905,"Iran - Israel, United States of America",1,620876,18868,2026,2026-02-28 00:00:00.000,2026-02-28 00:00:00.000,1,630,Iran,Hormozgan province,Minab county,27.149158,57.074776,1,114,Government of Iran,9865,"Government of Israel, Government of United States of America",true,Check deaths,630,,candidate,26.01.26.06,GEDEvent_v26_01_26_06.csv,ucdp_16905,review,unknown_actor,True
16905,"Iran - Israel, United States of America",1,620877,18868,2026,2026-02-28 00:00:00.000,2026-02-28 00:00:00.000,1,630,Iran,Tehran province,Tehran county,35.696111,51.423056,1,114,Government of Iran,9865,"Government of Israel, Government of United States of America",true,Clear,630,,candidate,26.01.26.06,GEDEvent_v26_01_26_06.csv,ucdp_16905,review,unknown_actor,True
16905,"Iran - Israel, United States of America",1,620878,18868,2026,2026-02-28 00:00:00.000,2026-03-01 00:00:00.000,2,630,Iran,,,32.000000,53.000000,6,114,Government of Iran,9865,"Government of Israel, Government of United States of America",true,Check geography,630,,candidate,26.01.26.06,GEDEvent_v26_01_26_06.csv,ucdp_16905,review,unknown_actor,True
16905,"Iran - Israel, United States of America",1,625367,18868,2026,2026-02-28 00:00:00.000,2026-03-29 00:00:00.000,4,630,Iran,Hormozgan province,,27.188400,56.276800,4,114,Government of Iran,9865,"Government of Israel, Government of United States of America",true,Check deaths,630,,candidate,26.01.26.06,GEDEvent_v26_01_26_06.csv,ucdp_16905,review,unknown_actor,True
16905,"Iran - Israel, United States of America",1,625374,18868,2026,2026-02-28 00:00:00.000,2026-04-03 00:00:00.000,5,630,Iran,Alborz province,,35.816667,50.966667,4,114,Government of Iran,9865,"Government of Israel, Government of United States of America",true,Check deaths,630,,candidate,26.01.26.06,GEDEvent_v26_01_26_06.csv,ucdp_16905,review,unknown_actor,True
16905,"Iran - Israel, United States of America",1,625182,18868,2026,2026-02-28 00:00:00.000,2026-04-07 00:00:00.000,5,630,Iran,,,32.000000,53.000000,6,114,Government of Iran,9865,"Government of Israel, Government of United States of America",true,Check deaths,630,,candidate,26.01.26.06,GEDEvent_v26_01_26_06.csv,ucdp_16905,review,unknown_actor,True
16905,"Iran - Israel, United States of America",1,621091,18868,2026,2026-02-28 00:00:00.000,2026-03-01 00:00:00.000,2,630,Iran,,,32.000000,53.000000,6,114,Government of Iran,9865,"Government of Israel, Government of United States of America",true,Check deaths,630,,candidate,26.01.26.06,GEDEvent_v26_01_26_06.csv,ucdp_16905,review,unknown_actor,True
16905,"Iran - Israel, United States of America",1,629412,18868,2026,2026-02-28 00:00:00.000,2026-05-05 00:00:00.000,5,630,Iran,,,26.660000,56.520000,5,114,Government of Iran,9865,"Government of Israel, Government of United States of America",true,Check deaths,630,,candidate,26.01.26.06,GEDEvent_v26_01_26_06.csv,ucdp_16905,review,unknown_actor,True
16905,"Iran - Israel, United States of America",1,629399,18868,2026,2026-02-28 00:00:00.000,2026-04-01 00:00:00.000,5,630,Iran,,,26.660000,56.520000,5,114,Government of Iran,9865,"Government of Israel, Government of United States of America",true,Check geography,630,,candidate,26.01.26.06,GEDEvent_v26_01_26_06.csv,ucdp_16905,review,unknown_actor,True
16905,"Iran - Israel, United States of America",1,620879,18868,2026,2026-03-01 00:00:00.000,2026-03-01 00:00:00.000,1,630,Iran,Ilam province,Mehran county,33.295910,46.210680,3,114,Government of Iran,9865,"Government of Israel, Government of United States of America",true,Clear,630,,candidate,26.01.26.06,GEDEvent_v26_01_26_06.csv,ucdp_16905,review,unknown_actor,True
16905,"Iran - Israel, United States of America",1,625357,18868,2026,2026-03-02 00:00:00.000,2026-03-02 00:00:00.000,1,630,Iran,Tehran province,Tehran county,35.696111,51.423056,1,114,Government of Iran,9865,"Government of Israel, Government of United States of America",true,Clear,630,,candidate,26.01.26.06,GEDEvent_v26_01_26_06.csv,ucdp_16905,review,unknown_actor,True
16905,"Iran - Israel, United States of America",1,621092,18868,2026,2026-03-02 00:00:00.000,2026-03-02 00:00:00.000,1,630,Iran,Kordestan province,Sanandaj county,35.314444,46.992222,1,114,Government of Iran,9865,"Government of Israel, Government of United States of America",true,Clear,630,,candidate,26.01.26.06,GEDEvent_v26_01_26_06.csv,ucdp_16905,review,unknown_actor,True
16905,"Iran - Israel, United States of America",1,621096,18868,2026,2026-03-03 00:00:00.000,2026-03-03 00:00:00.000,1,630,Iran,Tehran province,Tehran county,35.696111,51.423056,1,114,Government of Iran,9865,"Government of Israel, Government of United States of America",true,Clear,630,,candidate,26.01.26.06,GEDEvent_v26_01_26_06.csv,ucdp_16905,review,unknown_actor,True
16905,"Iran - Israel, United States of America",1,625183,18868,2026,2026-03-04 00:00:00.000,2026-03-04 00:00:00.000,1,630,Iran,,,32.000000,53.000000,6,114,Government of Iran,9865,"Government of Israel, Government of United States of America",true,Check vague or biased source,630,,candidate,26.01.26.06,GEDEvent_v26_01_26_06.csv,ucdp_16905,review,unknown_actor,True
16905,"Iran - Israel, United States of America",1,625185,18868,2026,2026-03-06 00:00:00.000,2026-03-06 00:00:00.000,1,630,Iran,Fars province,Shiraz county,29.608533,52.545822,1,114,Government of Iran,9865,"Government of Israel, Government of United States of America",true,Check deaths,630,,candidate,26.01.26.06,GEDEvent_v26_01_26_06.csv,ucdp_16905,review,unknown_actor,True
16905,"Iran - Israel, United States of America",1,625186,18868,2026,2026-03-07 00:00:00.000,2026-03-07 00:00:00.000,1,630,Iran,Esfahan province,,32.657700,51.669200,4,114,Government of Iran,9865,"Government of Israel, Government of United States of America",true,Clear,630,,candidate,26.01.26.06,GEDEvent_v26_01_26_06.csv,ucdp_16905,review,unknown_actor,True
16905,"Iran - Israel, United States of America",1,625187,18868,2026,2026-03-08 00:00:00.000,2026-03-08 00:00:00.000,1,630,Iran,Tehran province,Tehran county,35.696111,51.423056,2,114,Government of Iran,9865,"Government of Israel, Government of United States of America",true,Check geography,630,,candidate,26.01.26.06,GEDEvent_v26_01_26_06.csv,ucdp_16905,review,unknown_actor,True
16905,"Iran - Israel, United States of America",1,633791,18868,2026,2026-03-08 00:00:00.000,2026-03-08 00:00:00.000,1,630,Iran,Lorestan province,Borujerd county,33.897300,48.751600,1,114,Government of Iran,9865,"Government of Israel, Government of United States of America",true,Clear,630,,candidate,26.01.26.06,GEDEvent_v26_01_26_06.csv,ucdp_16905,review,unknown_actor,True
16905,"Iran - Israel, United States of America",1,625190,18868,2026,2026-03-11 00:00:00.000,2026-03-11 00:00:00.000,1,630,Iran,Tehran province,Tehran county,35.696111,51.423056,1,114,Government of Iran,9865,"Government of Israel, Government of United States of America",true,Clear,630,,candidate,26.01.26.06,GEDEvent_v26_01_26_06.csv,ucdp_16905,review,unknown_actor,True
16905,"Iran - Israel, United States of America",1,625192,18868,2026,2026-03-13 00:00:00.000,2026-03-13 00:00:00.000,1,630,Iran,Tehran province,Tehran county,35.696111,51.423056,1,114,Government of Iran,9865,"Government of Israel, Government of United States of America",true,Clear,630,,candidate,26.01.26.06,GEDEvent_v26_01_26_06.csv,ucdp_16905,review,unknown_actor,True
16905,"Iran - Israel, United States of America",1,625194,18868,2026,2026-03-13 00:00:00.000,2026-03-13 00:00:00.000,1,630,Iran,Tehran province,Tehran county,35.696111,51.423056,1,114,Government of Iran,9865,"Government of Israel, Government of United States of America",true,Clear,630,,candidate,26.01.26.06,GEDEvent_v26_01_26_06.csv,ucdp_16905,review,unknown_actor,True
16905,"Iran - Israel, United States of America",1,625193,18868,2026,2026-03-14 00:00:00.000,2026-03-14 00:00:00.000,1,630,Iran,Esfahan province,Esfahan county,32.644791,51.659981,1,114,Government of Iran,9865,"Government of Israel, Government of United States of America",true,Clear,630,,candidate,26.01.26.06,GEDEvent_v26_01_26_06.csv,ucdp_16905,review,unknown_actor,True
16905,"Iran - Israel, United States of America",1,633711,18868,2026,2026-03-14 00:00:00.000,2026-03-14 00:00:00.000,1,630,Iran,Ilam province,Eyvan county,33.827200,46.309700,1,114,Government of Iran,9865,"Government of Israel, Government of United States of America",true,Check deaths,630,,candidate,26.01.26.06,GEDEvent_v26_01_26_06.csv,ucdp_16905,review,unknown_actor,True
16905,"Iran - Israel, United States of America",1,625196,18868,2026,2026-03-17 00:00:00.000,2026-03-17 00:00:00.000,1,630,Iran,Tehran province,Tehran county,35.696111,51.423056,1,114,Government of Iran,9865,"Government of Israel, Government of United States of America",true,Clear,630,,candidate,26.01.26.06,GEDEvent_v26_01_26_06.csv,ucdp_16905,review,unknown_actor,True
16905,"Iran - Israel, United States of America",1,625197,18868,2026,2026-03-17 00:00:00.000,2026-03-17 00:00:00.000,1,630,Iran,Tehran province,Tehran county,35.696111,51.423056,1,114,Government of Iran,9865,"Government of Israel, Government of United States of America",true,Clear,630,,candidate,26.01.26.06,GEDEvent_v26_01_26_06.csv,ucdp_16905,review,unknown_actor,True
16905,"Iran - Israel, United States of America",1,625198,18868,2026,2026-03-18 00:00:00.000,2026-03-18 00:00:00.000,1,630,Iran,Tehran province,Tehran county,35.696111,51.423056,1,114,Government of Iran,9865,"Government of Israel, Government of United States of America",true,Check deaths,630,,candidate,26.01.26.06,GEDEvent_v26_01_26_06.csv,ucdp_16905,review,unknown_actor,True
16905,"Iran - Israel, United States of America",1,625358,18868,2026,2026-03-20 00:00:00.000,2026-03-20 00:00:00.000,1,630,Iran,Tehran province,Tehran county,35.696111,51.423056,1,114,Government of Iran,9865,"Government of Israel, Government of United States of America",true,Check geography,630,,candidate,26.01.26.06,GEDEvent_v26_01_26_06.csv,ucdp_16905,review,unknown_actor,True
16905,"Iran - Israel, United States of America",1,625359,18868,2026,2026-03-23 00:00:00.000,2026-03-23 00:00:00.000,1,630,Iran,Hormozgan province,Bandar Abbas county,27.186500,56.280800,1,114,Government of Iran,9865,"Government of Israel, Government of United States of America",true,Check geography,630,,candidate,26.01.26.06,GEDEvent_v26_01_26_06.csv,ucdp_16905,review,unknown_actor,True
16905,"Iran - Israel, United States of America",1,625362,18868,2026,2026-03-25 00:00:00.000,2026-03-25 00:00:00.000,1,630,Iran,Fars province,Shiraz county,29.501060,52.486280,1,114,Government of Iran,9865,"Government of Israel, Government of United States of America",true,Clear,630,,candidate,26.01.26.06,GEDEvent_v26_01_26_06.csv,ucdp_16905,review,unknown_actor,True
16905,"Iran - Israel, United States of America",1,625361,18868,2026,2026-03-26 00:00:00.000,2026-03-26 00:00:00.000,1,630,Iran,Hormozgan province,Bandar Abbas county,27.186500,56.280800,1,114,Government of Iran,9865,"Government of Israel, Government of United States of America",true,Clear,630,,candidate,26.01.26.06,GEDEvent_v26_01_26_06.csv,ucdp_16905,review,unknown_actor,True
16905,"Iran - Israel, United States of America",1,625363,18868,2026,2026-03-27 00:00:00.000,2026-03-27 00:00:00.000,1,630,Iran,Qom province,Qom county,34.640100,50.876400,1,114,Government of Iran,9865,"Government of Israel, Government of United States of America",true,Check deaths,630,,candidate,26.01.26.06,GEDEvent_v26_01_26_06.csv,ucdp_16905,review,unknown_actor,True
16905,"Iran - Israel, United States of America",1,625364,18868,2026,2026-03-27 00:00:00.000,2026-03-27 00:00:00.000,1,630,Iran,West Azarbaijan province,Urmia county,37.555278,45.072500,1,114,Government of Iran,9865,"Government of Israel, Government of United States of America",true,Check deaths,630,,candidate,26.01.26.06,GEDEvent_v26_01_26_06.csv,ucdp_16905,review,unknown_actor,True
16905,"Iran - Israel, United States of America",1,625365,18868,2026,2026-03-29 00:00:00.000,2026-03-29 00:00:00.000,1,630,Iran,Bushehr province,Bushehr county,28.968870,50.836570,1,114,Government of Iran,9865,"Government of Israel, Government of United States of America",true,Clear,630,,candidate,26.01.26.06,GEDEvent_v26_01_26_06.csv,ucdp_16905,review,unknown_actor,True
16905,"Iran - Israel, United States of America",1,625366,18868,2026,2026-03-29 00:00:00.000,2026-03-29 00:00:00.000,1,630,Iran,Hormozgan province,Khamir county,27.008333,55.738333,1,114,Government of Iran,9865,"Government of Israel, Government of United States of America",true,Clear,630,,candidate,26.01.26.06,GEDEvent_v26_01_26_06.csv,ucdp_16905,review,unknown_actor,True
16905,"Iran - Israel, United States of America",1,625369,18868,2026,2026-03-30 00:00:00.000,2026-03-30 00:00:00.000,1,630,Iran,Markazi province,Mahallat county,33.916670,50.416670,3,114,Government of Iran,9865,"Government of Israel, Government of United States of America",true,Check deaths,630,,candidate,26.01.26.06,GEDEvent_v26_01_26_06.csv,ucdp_16905,review,unknown_actor,True
16905,"Iran - Israel, United States of America",1,625368,18868,2026,2026-03-31 00:00:00.000,2026-03-31 00:00:00.000,1,630,Iran,Zanjan province,Zanjan county,36.676420,48.496280,1,114,Government of Iran,9865,"Government of Israel, Government of United States of America",true,Clear,630,,candidate,26.01.26.06,GEDEvent_v26_01_26_06.csv,ucdp_16905,review,unknown_actor,True
16905,"Iran - Israel, United States of America",1,625371,18868,2026,2026-03-31 00:00:00.000,2026-03-31 00:00:00.000,1,630,Iran,Tehran province,Tehran county,35.696111,51.423056,1,114,Government of Iran,9865,"Government of Israel, Government of United States of America",true,Clear,630,,candidate,26.01.26.06,GEDEvent_v26_01_26_06.csv,ucdp_16905,review,unknown_actor,True
16905,"Iran - Israel, United States of America",1,625372,18868,2026,2026-04-01 00:00:00.000,2026-04-01 00:00:00.000,1,630,Iran,,,32.000000,53.000000,6,114,Government of Iran,9865,"Government of Israel, Government of United States of America",true,Check geography,630,,candidate,26.01.26.06,GEDEvent_v26_01_26_06.csv,ucdp_16905,review,unknown_actor,True
16905,"Iran - Israel, United States of America",1,629315,18868,2026,2026-04-01 00:00:00.000,2026-04-01 00:00:00.000,1,630,Iran,Tehran province,Tehran county,35.696111,51.423056,1,114,Government of Iran,9865,"Government of Israel, Government of United States of America",true,Check type of violence,630,,candidate,26.01.26.06,GEDEvent_v26_01_26_06.csv,ucdp_16905,review,unknown_actor,True
16905,"Iran - Israel, United States of America",1,625373,18868,2026,2026-04-02 00:00:00.000,2026-04-02 00:00:00.000,1,630,Iran,Alborz province,Karaj county,35.835556,51.010278,1,114,Government of Iran,9865,"Government of Israel, Government of United States of America",true,Clear,630,,candidate,26.01.26.06,GEDEvent_v26_01_26_06.csv,ucdp_16905,review,unknown_actor,True
16905,"Iran - Israel, United States of America",1,629300,18868,2026,2026-04-03 00:00:00.000,2026-04-03 00:00:00.000,1,630,Iran,Tehran province,Tehran county,35.696111,51.423056,1,114,Government of Iran,9865,"Government of Israel, Government of United States of America",true,Check vague or biased source,630,,candidate,26.01.26.06,GEDEvent_v26_01_26_06.csv,ucdp_16905,review,unknown_actor,True
16905,"Iran - Israel, United States of America",1,629314,18868,2026,2026-04-04 00:00:00.000,2026-04-04 00:00:00.000,1,630,Iran,Khuzestan province,Bandar-e Mahshahr county,30.554300,49.185890,1,114,Government of Iran,9865,"Government of Israel, Government of United States of America",true,Clear,630,,candidate,26.01.26.06,GEDEvent_v26_01_26_06.csv,ucdp_16905,review,unknown_actor,True
16905,"Iran - Israel, United States of America",1,629298,18868,2026,2026-04-04 00:00:00.000,2026-04-04 00:00:00.000,1,630,Iran,Bushehr province,Bushehr county,28.968870,50.836570,1,114,Government of Iran,9865,"Government of Israel, Government of United States of America",true,Check geography,630,,candidate,26.01.26.06,GEDEvent_v26_01_26_06.csv,ucdp_16905,review,unknown_actor,True
16905,"Iran - Israel, United States of America",1,628242,18868,2026,2026-04-04 00:00:00.000,2026-04-04 00:00:00.000,1,630,Iran,Khuzestan province,Khorramshahr county,30.505260,48.026560,1,114,Government of Iran,9865,"Government of Israel, Government of United States of America",true,Clear,630,,candidate,26.01.26.06,GEDEvent_v26_01_26_06.csv,ucdp_16905,review,unknown_actor,True
16905,"Iran - Israel, United States of America",1,629309,18868,2026,2026-04-05 00:00:00.000,2026-04-05 00:00:00.000,1,630,Iran,Tehran province,Tehran county,35.696111,51.423056,1,114,Government of Iran,9865,"Government of Israel, Government of United States of America",true,Clear,630,,candidate,26.01.26.06,GEDEvent_v26_01_26_06.csv,ucdp_16905,review,unknown_actor,True
16905,"Iran - Israel, United States of America",1,629301,18868,2026,2026-04-05 00:00:00.000,2026-04-05 00:00:00.000,1,630,Iran,Kohgiluyeh and Buyer Ahmad province,Boyer-Ahmad county,30.875000,51.133330,3,114,Government of Iran,9865,"Government of Israel, Government of United States of America",true,Check deaths,630,,candidate,26.01.26.06,GEDEvent_v26_01_26_06.csv,ucdp_16905,review,unknown_actor,True
16905,"Iran - Israel, United States of America",1,629302,18868,2026,2026-04-05 00:00:00.000,2026-04-05 00:00:00.000,1,630,Iran,Ardebil province,,38.251400,48.297300,4,114,Government of Iran,9865,"Government of Israel, Government of United States of America",true,Check geography,630,,candidate,26.01.26.06,GEDEvent_v26_01_26_06.csv,ucdp_16905,review,unknown_actor,True
16905,"Iran - Israel, United States of America",1,629304,18868,2026,2026-04-06 00:00:00.000,2026-04-06 00:00:00.000,1,630,Iran,Tehran province,Eslamshahr county,35.546944,51.223889,1,114,Government of Iran,9865,"Government of Israel, Government of United States of America",true,Clear,630,,candidate,26.01.26.06,GEDEvent_v26_01_26_06.csv,ucdp_16905,review,unknown_actor,True
16905,"Iran - Israel, United States of America",1,629305,18868,2026,2026-04-06 00:00:00.000,2026-04-06 00:00:00.000,1,630,Iran,Tehran province,Tehran county,35.696111,51.423056,1,114,Government of Iran,9865,"Government of Israel, Government of United States of America",true,Clear,630,,candidate,26.01.26.06,GEDEvent_v26_01_26_06.csv,ucdp_16905,review,unknown_actor,True
16905,"Iran - Israel, United States of America",1,629306,18868,2026,2026-04-06 00:00:00.000,2026-04-06 00:00:00.000,1,630,Iran,Tehran province,Baharestan county,35.533330,51.150000,3,114,Government of Iran,9865,"Government of Israel, Government of United States of America",true,Clear,630,,candidate,26.01.26.06,GEDEvent_v26_01_26_06.csv,ucdp_16905,review,unknown_actor,True
16905,"Iran - Israel, United States of America",1,629307,18868,2026,2026-04-06 00:00:00.000,2026-04-06 00:00:00.000,1,630,Iran,Hormozgan province,Bandar Lengeh county,26.567770,54.893317,1,114,Government of Iran,9865,"Government of Israel, Government of United States of America",true,Clear,630,,candidate,26.01.26.06,GEDEvent_v26_01_26_06.csv,ucdp_16905,review,unknown_actor,True
16905,"Iran - Israel, United States of America",1,629308,18868,2026,2026-04-06 00:00:00.000,2026-04-06 00:00:00.000,1,630,Iran,Qom province,Qom county,34.640100,50.876400,1,114,Government of Iran,9865,"Government of Israel, Government of United States of America",true,Clear,630,,candidate,26.01.26.06,GEDEvent_v26_01_26_06.csv,ucdp_16905,review,unknown_actor,True
16905,"Iran - Israel, United States of America",1,629310,18868,2026,2026-04-07 00:00:00.000,2026-04-07 00:00:00.000,1,630,Iran,Alborz province,,35.816667,50.966667,4,114,Government of Iran,9865,"Government of Israel, Government of United States of America",true,Check geography,630,,candidate,26.01.26.06,GEDEvent_v26_01_26_06.csv,ucdp_16905,review,unknown_actor,True
16905,"Iran - Israel, United States of America",1,629311,18868,2026,2026-04-07 00:00:00.000,2026-04-07 00:00:00.000,1,630,Iran,Esfahan province,Kashan county,33.982370,51.427690,1,114,Government of Iran,9865,"Government of Israel, Government of United States of America",true,Check geography,630,,candidate,26.01.26.06,GEDEvent_v26_01_26_06.csv,ucdp_16905,review,unknown_actor,True
16905,"Iran - Israel, United States of America",1,629312,18868,2026,2026-04-07 00:00:00.000,2026-04-08 00:00:00.000,2,630,Iran,Tehran province,Pardis county,35.746870,51.812220,1,114,Government of Iran,9865,"Government of Israel, Government of United States of America",true,Clear,630,,candidate,26.01.26.06,GEDEvent_v26_01_26_06.csv,ucdp_16905,review,unknown_actor,True
16905,"Iran - Israel, United States of America",1,629313,18868,2026,2026-04-07 00:00:00.000,2026-04-08 00:00:00.000,2,630,Iran,Tehran province,Shahriar county,35.658840,51.057750,1,114,Government of Iran,9865,"Government of Israel, Government of United States of America",true,Clear,630,,candidate,26.01.26.06,GEDEvent_v26_01_26_06.csv,ucdp_16905,review,unknown_actor,True
16905,"Iran - Israel, United States of America",1,629398,18868,2026,2026-05-01 00:00:00.000,2026-05-01 00:00:00.000,1,630,Iran,Zanjan province,,36.675100,48.484500,4,114,Government of Iran,9865,"Government of Israel, Government of United States of America",true,Check type of violence,630,,candidate,26.01.26.06,GEDEvent_v26_01_26_06.csv,ucdp_16905,review,unknown_actor,True
16905,"Iran - Israel, United States of America",1,629402,18868,2026,2026-05-04 00:00:00.000,2026-05-04 00:00:00.000,1,630,Iran,,,32.000000,53.000000,6,114,Government of Iran,9865,"Government of Israel, Government of United States of America",true,Check geography,630,,candidate,26.01.26.06,GEDEvent_v26_01_26_06.csv,ucdp_16905,review,unknown_actor,True
16905,"Iran - Israel, United States of America",1,635421,18868,2026,2026-06-08 00:00:00.000,2026-06-08 00:00:00.000,1,630,Iran,Tehran province,Tehran county,35.696111,51.423056,1,114,Government of Iran,9865,"Government of Israel, Government of United States of America",true,Check geography,630,,candidate,26.01.26.06,GEDEvent_v26_01_26_06.csv,ucdp_16905,review,unknown_actor,True
12,XXX771,1,629249,23,2026,2026-03-25 00:00:00.000,2026-03-25 00:00:00.000,1,645,Iraq,Kirkūk province,Dāqūq district,35.139234,44.449067,1,3607,XXX771,3607,XXX771,false,Check dyad,,,candidate,26.01.26.06,GEDEvent_v26_01_26_06.csv,ucdp_12,review,same_actor_on_both_sides,True
77,XXX645,1,626784,153,2026,2026-03-21 00:00:00.000,2026-03-21 00:00:00.000,1,645,Iraq,Baghdād province,,33.340582,44.400876,1,3672,XXX645,3672,XXX645,false,Check dyad,,,candidate,26.01.26.06,GEDEvent_v26_01_26_06.csv,ucdp_77,review,same_actor_on_both_sides,True
77,XXX645,1,626788,153,2026,2026-03-25 00:00:00.000,2026-03-25 00:00:00.000,1,645,Iraq,Kirkūk province,Qaḑā’ Kirkūk,35.468056,44.392222,1,3672,XXX645,3672,XXX645,false,Check dyad,,,candidate,26.01.26.06,GEDEvent_v26_01_26_06.csv,ucdp_77,review,same_actor_on_both_sides,True
77,XXX645,1,630381,153,2026,2026-05-01 00:00:00.000,2026-05-01 00:00:00.000,1,645,Iraq,Al Anbār province,,31.829678,43.038074,5,3672,XXX645,3672,XXX645,false,Check dyad,,,candidate,26.01.26.06,GEDEvent_v26_01_26_06.csv,ucdp_77,review,same_actor_on_both_sides,True
77,XXX645,1,630942,153,2026,2026-05-28 00:00:00.000,2026-05-28 00:00:00.000,1,645,Iraq,Maysān province,,32.000000,47.000000,4,3672,XXX645,3672,XXX645,false,Check dyad,,,candidate,26.01.26.06,GEDEvent_v26_01_26_06.csv,ucdp_77,review,same_actor_on_both_sides,True
205,Iran: Kurdistan,1,626530,10793,2026,2026-03-07 00:00:00.000,2026-03-07 00:00:00.000,1,645,Iraq,Sulaymānīyah province,Qaḑā’ Sulaymānīyah,35.413670,45.460320,1,114,Government of Iran,2278,Komalah,false,Clear,630,,candidate,26.01.26.06,GEDEvent_v26_01_26_06.csv,ucdp_205,review,unknown_actor,True
205,Iran: Kurdistan,1,620416,10793,2026,2026-03-08 00:00:00.000,2026-03-08 00:00:00.000,1,645,Iraq,Sulaymānīyah province,Qaḑā’ Sulaymānīyah,35.413670,45.460320,1,114,Government of Iran,2278,Komalah,false,Clear,630,,candidate,26.01.26.06,GEDEvent_v26_01_26_06.csv,ucdp_205,review,unknown_actor,True
205,Iran: Kurdistan,1,626546,10793,2026,2026-03-11 00:00:00.000,2026-03-11 00:00:00.000,1,645,Iraq,Sulaymānīyah province,Qaḑā’ Sulaymānīyah,35.406751,45.466035,2,114,Government of Iran,2278,Komalah,false,Check dyad,630,,candidate,26.01.26.06,GEDEvent_v26_01_26_06.csv,ucdp_205,review,unknown_actor,True
205,Iran: Kurdistan,1,628291,10793,2026,2026-04-14 00:00:00.000,2026-04-14 00:00:00.000,1,645,Iraq,Sulaymānīyah province,Dokan district,35.861940,45.102850,2,114,Government of Iran,2278,Komalah,false,Clear,630,,candidate,26.01.26.06,GEDEvent_v26_01_26_06.csv,ucdp_205,review,unknown_actor,True
205,Iran: Kurdistan,1,620449,15236,2026,2026-02-28 00:00:00.000,2026-03-04 00:00:00.000,2,645,Iraq,,,33.000000,44.000000,6,114,Government of Iran,6823,PAK,false,Check geography,630,,candidate,26.01.26.06,GEDEvent_v26_01_26_06.csv,ucdp_205,review,unknown_actor,True
205,Iran: Kurdistan,1,620415,15236,2026,2026-03-04 00:00:00.000,2026-03-04 00:00:00.000,1,645,Iraq,Arbīl province,Kuwaysinjaq district,36.180106,44.382111,1,114,Government of Iran,6823,PAK,false,Clear,630,,candidate,26.01.26.06,GEDEvent_v26_01_26_06.csv,ucdp_205,review,unknown_actor,True
205,Iran: Kurdistan,1,626652,15236,2026,2026-03-15 00:00:00.000,2026-03-15 00:00:00.000,1,645,Iraq,Sulaymānīyah province,Qaḑā’ Sulaymānīyah,35.564964,45.432905,2,114,Government of Iran,6823,PAK,false,Check dyad,630,,candidate,26.01.26.06,GEDEvent_v26_01_26_06.csv,ucdp_205,review,unknown_actor,True
205,Iran: Kurdistan,1,634286,15236,2026,2026-06-27 00:00:00.000,2026-06-27 00:00:00.000,1,645,Iraq,Arbīl province,Qaḑā’ Arbīl,36.192573,44.010620,1,114,Government of Iran,6823,PAK,false,Check dyad,630,,candidate,26.01.26.06,GEDEvent_v26_01_26_06.csv,ucdp_205,review,unknown_actor,True
16905,"Iran - Israel, United States of America",1,620475,18868,2026,2026-02-28 00:00:00.000,2026-02-28 00:00:00.000,1,645,Iraq,Karbalā’ province,Qaḑā Karbalā’,32.241397,43.990121,5,114,Government of Iran,9865,"Government of Israel, Government of United States of America",true,Clear,630,,candidate,26.01.26.06,GEDEvent_v26_01_26_06.csv,ucdp_16905,review,unknown_actor,True
16905,"Iran - Israel, United States of America",1,626410,18868,2026,2026-03-04 00:00:00.000,2026-03-04 00:00:00.000,1,645,Iraq,Baghdād province,,33.133333,44.250000,4,114,Government of Iran,9865,"Government of Israel, Government of United States of America",true,Check dyad,630,,candidate,26.01.26.06,GEDEvent_v26_01_26_06.csv,ucdp_16905,review,unknown_actor,True
16905,"Iran - Israel, United States of America",1,620447,18868,2026,2026-03-08 00:00:00.000,2026-03-08 00:00:00.000,1,645,Iraq,Arbīl province,Qaḑā’ Arbīl,36.192573,44.010620,1,114,Government of Iran,9865,"Government of Israel, Government of United States of America",true,Check dyad,630,,candidate,26.01.26.06,GEDEvent_v26_01_26_06.csv,ucdp_16905,review,unknown_actor,True
16905,"Iran - Israel, United States of America",1,625345,18868,2026,2026-03-12 00:00:00.000,2026-03-12 00:00:00.000,1,645,Iraq,Arbīl province,Qaḑā’ Arbīl,36.100000,44.000000,3,114,Government of Iran,9865,"Government of Israel, Government of United States of America",true,Check dyad,630,,candidate,26.01.26.06,GEDEvent_v26_01_26_06.csv,ucdp_16905,review,unknown_actor,True
16905,"Iran - Israel, United States of America",1,626780,18868,2026,2026-03-17 00:00:00.000,2026-03-17 00:00:00.000,1,645,Iraq,Baghdād province,,33.340582,44.400876,1,114,Government of Iran,9865,"Government of Israel, Government of United States of America",true,Clear,630,,candidate,26.01.26.06,GEDEvent_v26_01_26_06.csv,ucdp_16905,review,unknown_actor,True
16905,"Iran - Israel, United States of America",1,626876,18868,2026,2026-03-21 00:00:00.000,2026-03-21 00:00:00.000,1,645,Iraq,Şalāḩ ad Dīn province,Tooz district,34.803556,44.625437,3,114,Government of Iran,9865,"Government of Israel, Government of United States of America",true,Check dyad,630,,candidate,26.01.26.06,GEDEvent_v26_01_26_06.csv,ucdp_16905,review,unknown_actor,True
77,XXX645,1,630904,18904,2026,2026-03-03 00:00:00.000,2026-03-03 00:00:00.000,1,645,Iraq,Karbalā’ province,Qaḑā Karbalā’,32.241397,43.990121,5,116,Government of Iraq,9865,"Government of Israel, Government of United States of America",false,Check dyad,645,,candidate,26.01.26.06,GEDEvent_v26_01_26_06.csv,ucdp_77,review,unknown_actor,True
77,XXX645,1,626403,18904,2026,2026-03-04 00:00:00.000,2026-03-04 00:00:00.000,1,645,Iraq,Karbalā’ province,Qaḑā Karbalā’,32.241397,43.990121,5,116,Government of Iraq,9865,"Government of Israel, Government of United States of America",false,Check dyad,645,,candidate,26.01.26.06,GEDEvent_v26_01_26_06.csv,ucdp_77,review,unknown_actor,True
77,XXX645,1,626415,18904,2026,2026-03-07 00:00:00.000,2026-03-07 00:00:00.000,1,645,Iraq,Nīnawá province,Sinjār district,36.320901,42.074798,3,116,Government of Iraq,9865,"Government of Israel, Government of United States of America",false,Check dyad,645,,candidate,26.01.26.06,GEDEvent_v26_01_26_06.csv,ucdp_77,review,unknown_actor,True
77,XXX645,1,626539,18904,2026,2026-03-10 00:00:00.000,2026-03-10 00:00:00.000,1,645,Iraq,Kirkūk province,Qaḑā’ Dibis,35.680834,43.903857,3,116,Government of Iraq,9865,"Government of Israel, Government of United States of America",false,Check dyad,645,,candidate,26.01.26.06,GEDEvent_v26_01_26_06.csv,ucdp_77,review,unknown_actor,True
77,XXX645,1,626553,18904,2026,2026-03-11 00:00:00.000,2026-03-11 00:00:00.000,1,645,Iraq,Wāsiţ province,Qaḑā’ aş Şuwayrah,32.925556,44.775833,1,116,Government of Iraq,9865,"Government of Israel, Government of United States of America",false,Check dyad,645,,candidate,26.01.26.06,GEDEvent_v26_01_26_06.csv,ucdp_77,review,unknown_actor,True
77,XXX645,1,626589,18904,2026,2026-03-11 00:00:00.000,2026-03-12 00:00:00.000,2,645,Iraq,Kirkūk province,Qaḑā’ Kirkūk,35.468056,44.392222,1,116,Government of Iraq,9865,"Government of Israel, Government of United States of America",false,Check dyad,645,,candidate,26.01.26.06,GEDEvent_v26_01_26_06.csv,ucdp_77,review,unknown_actor,True
77,XXX645,1,626616,18904,2026,2026-03-12 00:00:00.000,2026-03-12 00:00:00.000,1,645,Iraq,Al Anbār province,Qaḑā’ ar Ruţbah,33.690833,39.949722,1,116,Government of Iraq,9865,"Government of Israel, Government of United States of America",false,Check dyad,645,,candidate,26.01.26.06,GEDEvent_v26_01_26_06.csv,ucdp_77,review,unknown_actor,True
77,XXX645,1,626650,18904,2026,2026-03-14 00:00:00.000,2026-03-14 00:00:00.000,1,645,Iraq,Baghdād province,,33.340582,44.400876,1,116,Government of Iraq,9865,"Government of Israel, Government of United States of America",false,Check dyad,645,,candidate,26.01.26.06,GEDEvent_v26_01_26_06.csv,ucdp_77,review,unknown_actor,True
77,XXX645,1,626651,18904,2026,2026-03-14 00:00:00.000,2026-03-14 00:00:00.000,1,645,Iraq,Şalāḩ ad Dīn province,Tooz district,34.794281,44.666707,2,116,Government of Iraq,9865,"Government of Israel, Government of United States of America",false,Check dyad,645,,candidate,26.01.26.06,GEDEvent_v26_01_26_06.csv,ucdp_77,review,unknown_actor,True
77,XXX645,1,626653,18904,2026,2026-03-15 00:00:00.000,2026-03-15 00:00:00.000,1,645,Iraq,Al Anbār province,Al Qā’im district,34.368367,41.162221,1,116,Government of Iraq,9865,"Government of Israel, Government of United States of America",false,Check dyad,645,,candidate,26.01.26.06,GEDEvent_v26_01_26_06.csv,ucdp_77,review,unknown_actor,True
77,XXX645,1,626781,18904,2026,2026-03-18 00:00:00.000,2026-03-18 00:00:00.000,1,645,Iraq,Al Anbār province,Al Qā’im district,34.368367,41.162221,2,116,Government of Iraq,9865,"Government of Israel, Government of United States of America",false,Check dyad,645,,candidate,26.01.26.06,GEDEvent_v26_01_26_06.csv,ucdp_77,review,unknown_actor,True
77,XXX645,1,626782,18904,2026,2026-03-19 00:00:00.000,2026-03-19 00:00:00.000,1,645,Iraq,Nīnawá province,,36.166667,42.583333,4,116,Government of Iraq,9865,"Government of Israel, Government of United States of America",false,Check dyad,645,,candidate,26.01.26.06,GEDEvent_v26_01_26_06.csv,ucdp_77,review,unknown_actor,True
77,XXX645,1,626783,18904,2026,2026-03-19 00:00:00.000,2026-03-19 00:00:00.000,1,645,Iraq,Şalāḩ ad Dīn province,Tooz district,34.927192,44.499762,1,116,Government of Iraq,9865,"Government of Israel, Government of United States of America",false,Check dyad,645,,candidate,26.01.26.06,GEDEvent_v26_01_26_06.csv,ucdp_77,review,unknown_actor,True
77,XXX645,1,626785,18904,2026,2026-03-23 00:00:00.000,2026-03-23 00:00:00.000,1,645,Iraq,Al Anbār province,,33.000000,41.750000,4,116,Government of Iraq,9865,"Government of Israel, Government of United States of America",false,Check dyad,645,,candidate,26.01.26.06,GEDEvent_v26_01_26_06.csv,ucdp_77,review,unknown_actor,True
77,XXX645,1,626787,18904,2026,2026-03-25 00:00:00.000,2026-03-25 00:00:00.000,1,645,Iraq,Al Anbār province,Qaḑā’ ar Ramādī,33.383601,43.585462,1,116,Government of Iraq,9865,"Government of Israel, Government of United States of America",false,Check dyad,645,,candidate,26.01.26.06,GEDEvent_v26_01_26_06.csv,ucdp_77,review,unknown_actor,True
77,XXX645,1,626795,18904,2026,2026-03-28 00:00:00.000,2026-03-28 00:00:00.000,1,645,Iraq,Kirkūk province,,35.250000,44.166667,4,116,Government of Iraq,9865,"Government of Israel, Government of United States of America",false,Check dyad,645,,candidate,26.01.26.06,GEDEvent_v26_01_26_06.csv,ucdp_77,review,unknown_actor,True
77,XXX645,1,626793,18904,2026,2026-03-28 00:00:00.000,2026-03-28 00:00:00.000,1,645,Iraq,Nīnawá province,Qaḑā’ al Mawşil,36.335000,43.118889,1,116,Government of Iraq,9865,"Government of Israel, Government of United States of America",false,Check dyad,645,,candidate,26.01.26.06,GEDEvent_v26_01_26_06.csv,ucdp_77,review,unknown_actor,True
77,XXX645,1,628232,18904,2026,2026-03-31 00:00:00.000,2026-03-31 00:00:00.000,1,645,Iraq,Nīnawá province,Qaḑā’ Tall ‘Afar,36.379134,42.448065,2,116,Government of Iraq,9865,"Government of Israel, Government of United States of America",false,Check dyad,645,,candidate,26.01.26.06,GEDEvent_v26_01_26_06.csv,ucdp_77,review,unknown_actor,True
77,XXX645,1,628243,18904,2026,2026-04-04 00:00:00.000,2026-04-04 00:00:00.000,1,645,Iraq,,,34.390180,40.985326,2,116,Government of Iraq,9865,"Government of Israel, Government of United States of America",false,Check dyad,645,,candidate,26.01.26.06,GEDEvent_v26_01_26_06.csv,ucdp_77,review,unknown_actor,True
77,XXX645,1,628245,18904,2026,2026-04-07 00:00:00.000,2026-04-07 00:00:00.000,1,645,Iraq,Al Anbār province,,33.000000,41.750000,4,116,Government of Iraq,9865,"Government of Israel, Government of United States of America",false,Check dyad,645,,candidate,26.01.26.06,GEDEvent_v26_01_26_06.csv,ucdp_77,review,unknown_actor,True
77,XXX645,1,628264,18904,2026,2026-04-07 00:00:00.000,2026-04-07 00:00:00.000,1,645,Iraq,Baghdād province,,33.340582,44.400876,1,116,Government of Iraq,9865,"Government of Israel, Government of United States of America",false,Check dyad,645,,candidate,26.01.26.06,GEDEvent_v26_01_26_06.csv,ucdp_77,review,unknown_actor,True
77,XXX645,1,628260,18904,2026,2026-04-07 00:00:00.000,2026-04-07 00:00:00.000,1,645,Iraq,Al Başrah province,Qaḑā’ az Zubayr,30.233910,47.779304,1,116,Government of Iraq,9865,"Government of Israel, Government of United States of America",false,Check dyad,645,,candidate,26.01.26.06,GEDEvent_v26_01_26_06.csv,ucdp_77,review,unknown_actor,True
77,XXX645,1,626408,18907,2026,2026-03-04 00:00:00.000,2026-03-04 00:00:00.000,1,645,Iraq,Bābil province,Qaḑā’ al Musayyib,32.873604,44.193877,2,9865,"Government of Israel, Government of United States of America",4515,Kataib Hezbollah,false,Check dyad,,,candidate,26.01.26.06,GEDEvent_v26_01_26_06.csv,ucdp_77,review,unknown_actor,True
77,XXX645,1,626623,18907,2026,2026-03-12 00:00:00.000,2026-03-12 00:00:00.000,1,645,Iraq,Baghdād province,,33.340582,44.400876,2,9865,"Government of Israel, Government of United States of America",4515,Kataib Hezbollah,false,Check dyad,,,candidate,26.01.26.06,GEDEvent_v26_01_26_06.csv,ucdp_77,review,unknown_actor,True
76,XXX630,1,626649,18966,2026,2026-03-13 00:00:00.000,2026-03-13 00:00:00.000,1,645,Iraq,Nīnawá province,Qaḑā’ al Ḩamdānīyah,36.451270,43.343695,2,114,Government of Iran,9943,Xebat,false,Check,630,,candidate,26.01.26.06,GEDEvent_v26_01_26_06.csv,ucdp_76,review,unknown_actor,True
79,XXX666,1,620657,157,2026,2026-02-07 00:00:00.000,2026-02-07 00:00:00.000,1,666,Israel,,,32.666667,35.500000,2,3674,XXX666,3674,XXX666,false,Check dyad,,,candidate,26.01.26.06,GEDEvent_v26_01_26_06.csv,ucdp_79,review,same_actor_on_both_sides,True
16905,"Iran - Israel, United States of America",1,626948,18868,2026,2026-03-18 00:00:00.000,2026-03-18 00:00:00.000,1,666,Israel,Tel Aviv district,Tel Aviv sub-district,32.083333,34.816667,1,114,Government of Iran,9865,"Government of Israel, Government of United States of America",true,Clear,630,,candidate,26.01.26.06,GEDEvent_v26_01_26_06.csv,ucdp_16905,review,unknown_actor,True
16905,"Iran - Israel, United States of America",1,626990,18868,2026,2026-03-27 00:00:00.000,2026-03-27 00:00:00.000,1,666,Israel,Tel Aviv district,Tel Aviv sub-district,32.066667,34.783333,1,114,Government of Iran,9865,"Government of Israel, Government of United States of America",true,Clear,630,,candidate,26.01.26.06,GEDEvent_v26_01_26_06.csv,ucdp_16905,review,unknown_actor,True
16905,"Iran - Israel, United States of America",1,628589,18868,2026,2026-04-05 00:00:00.000,2026-04-05 00:00:00.000,1,666,Israel,Haifa district,Haifa sub-district,32.813030,34.999280,1,114,Government of Iran,9865,"Government of Israel, Government of United States of America",true,Clear,630,,candidate,26.01.26.06,GEDEvent_v26_01_26_06.csv,ucdp_16905,review,unknown_actor,True
16905,"Iran - Israel, United States of America",1,624162,18868,2026,2026-04-06 00:00:00.000,2026-04-06 00:00:00.000,1,666,Israel,Haifa district,Haifa sub-district,32.813030,34.999280,1,114,Government of Iran,9865,"Government of Israel, Government of United States of America",true,Clear,630,,candidate,26.01.26.06,GEDEvent_v26_01_26_06.csv,ucdp_16905,review,unknown_actor,True
81,XXX51,1,631651,161,2026,2026-06-10 00:00:00.000,2026-06-10 00:00:00.000,1,51,Jamaica,Saint James  parish,,18.383333,-77.883333,4,3676,XXX51,3676,XXX51,false,Check,,,candidate,26.01.26.06,GEDEvent_v26_01_26_06.csv,ucdp_81,review,same_actor_on_both_sides,True
85,XXX501,1,631193,169,2026,2026-05-18 00:00:00.000,2026-05-18 00:00:00.000,1,501,Kenya,Nairobi city county,,-1.283333,36.816667,1,3680,XXX501,3680,XXX501,false,Check dyad,,,candidate,26.01.26.06,GEDEvent_v26_01_26_06.csv,ucdp_85,review,same_actor_on_both_sides,True
85,XXX501,1,631139,169,2026,2026-05-18 00:00:00.000,2026-05-18 00:00:00.000,1,501,Kenya,Nakuru county,,-0.283333,36.066667,1,3680,XXX501,3680,XXX501,false,Check type of violence,,,candidate,26.01.26.06,GEDEvent_v26_01_26_06.csv,ucdp_85,review,same_actor_on_both_sides,True
85,XXX501,1,631140,169,2026,2026-05-18 00:00:00.000,2026-05-18 00:00:00.000,1,501,Kenya,Kiambu county,,-1.066667,36.816667,4,3680,XXX501,3680,XXX501,false,Check type of violence,,,candidate,26.01.26.06,GEDEvent_v26_01_26_06.csv,ucdp_85,review,same_actor_on_both_sides,True
85,XXX501,1,631142,169,2026,2026-05-18 00:00:00.000,2026-05-18 00:00:00.000,1,501,Kenya,,,1.000000,38.000000,6,3680,XXX501,3680,XXX501,false,Check type of violence,,,candidate,26.01.26.06,GEDEvent_v26_01_26_06.csv,ucdp_85,review,same_actor_on_both_sides,True
85,XXX501,1,631143,169,2026,2026-05-18 00:00:00.000,2026-05-18 00:00:00.000,1,501,Kenya,,,1.000000,38.000000,6,3680,XXX501,3680,XXX501,false,Check type of violence,,,candidate,26.01.26.06,GEDEvent_v26_01_26_06.csv,ucdp_85,review,same_actor_on_both_sides,True
85,XXX501,1,634494,169,2026,2026-06-09 00:00:00.000,2026-06-09 00:00:00.000,1,501,Kenya,Laikipia county,Laikipia East constituency,0.011274,37.077854,2,3680,XXX501,3680,XXX501,false,Check type of violence,,,candidate,26.01.26.06,GEDEvent_v26_01_26_06.csv,ucdp_85,review,same_actor_on_both_sides,True
16905,"Iran - Israel, United States of America",1,622613,18868,2026,2026-02-28 00:00:00.000,2026-03-01 00:00:00.000,2,690,Kuwait,,,29.337500,47.658100,6,114,Government of Iran,9865,"Government of Israel, Government of United States of America",true,Check geography,630,,candidate,26.01.26.06,GEDEvent_v26_01_26_06.csv,ucdp_16905,review,unknown_actor,True
16905,"Iran - Israel, United States of America",1,622605,18868,2026,2026-03-01 00:00:00.000,2026-03-01 00:00:00.000,1,690,Kuwait,Al Aḩmadī governorate,,29.045842,48.150960,1,114,Government of Iran,9865,"Government of Israel, Government of United States of America",true,Clear,630,,candidate,26.01.26.06,GEDEvent_v26_01_26_06.csv,ucdp_16905,review,unknown_actor,True
16905,"Iran - Israel, United States of America",1,622619,18868,2026,2026-03-02 00:00:00.000,2026-03-02 00:00:00.000,1,690,Kuwait,,,29.337500,47.658100,6,114,Government of Iran,9865,"Government of Israel, Government of United States of America",true,Check geography,630,,candidate,26.01.26.06,GEDEvent_v26_01_26_06.csv,ucdp_16905,review,unknown_actor,True
16905,"Iran - Israel, United States of America",1,624755,18868,2026,2026-03-03 00:00:00.000,2026-03-03 00:00:00.000,1,690,Kuwait,Kuwait governorate,,29.369722,47.978333,1,114,Government of Iran,9865,"Government of Israel, Government of United States of America",true,Clear,630,,candidate,26.01.26.06,GEDEvent_v26_01_26_06.csv,ucdp_16905,review,unknown_actor,True
16905,"Iran - Israel, United States of America",1,624757,18868,2026,2026-03-08 00:00:00.000,2026-03-08 00:00:00.000,1,690,Kuwait,Kuwait governorate,,29.369722,47.978333,1,114,Government of Iran,9865,"Government of Israel, Government of United States of America",true,Check,630,,candidate,26.01.26.06,GEDEvent_v26_01_26_06.csv,ucdp_16905,review,unknown_actor,True
16905,"Iran - Israel, United States of America",1,624767,18868,2026,2026-03-30 00:00:00.000,2026-03-30 00:00:00.000,1,690,Kuwait,,,29.337500,47.658100,6,114,Government of Iran,9865,"Government of Israel, Government of United States of America",true,Check geography,630,,candidate,26.01.26.06,GEDEvent_v26_01_26_06.csv,ucdp_16905,review,unknown_actor,True
16905,"Iran - Israel, United States of America",1,631668,18868,2026,2026-06-03 00:00:00.000,2026-06-03 00:00:00.000,1,690,Kuwait,Kuwait governorate,,29.369722,47.978333,1,114,Government of Iran,9865,"Government of Israel, Government of United States of America",true,Clear,630,,candidate,26.01.26.06,GEDEvent_v26_01_26_06.csv,ucdp_16905,review,unknown_actor,True
16905,"Iran - Israel, United States of America",1,626639,18868,2026,2026-03-02 00:00:00.000,2026-03-02 00:00:00.000,1,660,Lebanon,Beirut province,Beirut county,33.871944,35.509722,1,114,Government of Iran,9865,"Government of Israel, Government of United States of America",true,Clear,630,,candidate,26.01.26.06,GEDEvent_v26_01_26_06.csv,ucdp_16905,review,unknown_actor,True
16905,"Iran - Israel, United States of America",1,624745,18868,2026,2026-03-08 00:00:00.000,2026-03-08 00:00:00.000,1,660,Lebanon,Beirut province,Beirut county,33.871944,35.509722,1,114,Government of Iran,9865,"Government of Israel, Government of United States of America",true,Clear,630,,candidate,26.01.26.06,GEDEvent_v26_01_26_06.csv,ucdp_16905,review,unknown_actor,True
16905,"Iran - Israel, United States of America",1,624733,18868,2026,2026-03-10 00:00:00.000,2026-03-10 00:00:00.000,1,660,Lebanon,Beirut province,Beirut county,33.871944,35.509722,1,114,Government of Iran,9865,"Government of Israel, Government of United States of America",true,Clear,630,,candidate,26.01.26.06,GEDEvent_v26_01_26_06.csv,ucdp_16905,review,unknown_actor,True
16905,"Iran - Israel, United States of America",1,622680,18868,2026,2026-03-11 00:00:00.000,2026-03-12 00:00:00.000,2,660,Lebanon,Mount Lebanon province,Aley county,33.759722,35.519722,2,114,Government of Iran,9865,"Government of Israel, Government of United States of America",true,Clear,630,,candidate,26.01.26.06,GEDEvent_v26_01_26_06.csv,ucdp_16905,review,unknown_actor,True
16905,"Iran - Israel, United States of America",1,624595,18868,2026,2026-03-17 00:00:00.000,2026-03-17 00:00:00.000,1,660,Lebanon,Beirut province,Beirut county,33.871944,35.509722,1,114,Government of Iran,9865,"Government of Israel, Government of United States of America",true,Clear,630,,candidate,26.01.26.06,GEDEvent_v26_01_26_06.csv,ucdp_16905,review,unknown_actor,True
16905,"Iran - Israel, United States of America",1,624801,18868,2026,2026-03-23 00:00:00.000,2026-03-23 00:00:00.000,1,660,Lebanon,Beirut province,Beirut county,33.871944,35.509722,1,114,Government of Iran,9865,"Government of Israel, Government of United States of America",true,Clear,630,,candidate,26.01.26.06,GEDEvent_v26_01_26_06.csv,ucdp_16905,review,unknown_actor,True
16905,"Iran - Israel, United States of America",1,628544,18868,2026,2026-04-05 00:00:00.000,2026-04-05 00:00:00.000,1,660,Lebanon,,,33.833300,35.833300,6,114,Government of Iran,9865,"Government of Israel, Government of United States of America",true,Check dyad,630,,candidate,26.01.26.06,GEDEvent_v26_01_26_06.csv,ucdp_16905,review,unknown_actor,True
95,XXX620,1,610815,189,2026,2026-01-01 00:00:00.000,2026-01-01 00:00:00.000,1,620,Libya,An Nuqat al Khams district,,32.757720,12.377170,1,3690,XXX620,3690,XXX620,false,Check dyad,,,candidate,26.01.26.06,GEDEvent_v26_01_26_06.csv,ucdp_95,review,same_actor_on_both_sides,True
95,XXX620,1,622621,189,2026,2026-03-09 00:00:00.000,2026-03-09 00:00:00.000,1,620,Libya,Zawiyah district,,32.757102,12.727639,1,3690,XXX620,3690,XXX620,false,Check dyad,,,candidate,26.01.26.06,GEDEvent_v26_01_26_06.csv,ucdp_95,review,same_actor_on_both_sides,True
95,XXX620,1,629421,189,2026,2026-05-10 00:00:00.000,2026-05-10 00:00:00.000,1,620,Libya,Zawiyah district,,32.757102,12.727639,1,3690,XXX620,3690,XXX620,false,Check dyad,,,candidate,26.01.26.06,GEDEvent_v26_01_26_06.csv,ucdp_95,review,same_actor_on_both_sides,True
107,XXX70,1,615497,213,2026,2026-01-03 00:00:00.000,2026-01-03 00:00:00.000,1,70,Mexico,Michoacán state,Uruapan municipality,19.413616,-102.052781,1,3702,XXX70,3702,XXX70,false,Check dyad,,,candidate,26.01.26.06,GEDEvent_v26_01_26_06.csv,ucdp_107,review,same_actor_on_both_sides,True
107,XXX70,1,615500,213,2026,2026-01-05 00:00:00.000,2026-01-05 00:00:00.000,1,70,Mexico,Ciudad de México,,19.428470,-99.127660,1,3702,XXX70,3702,XXX70,false,Check dyad,,,candidate,26.01.26.06,GEDEvent_v26_01_26_06.csv,ucdp_107,review,same_actor_on_both_sides,True
107,XXX70,1,615507,213,2026,2026-01-06 00:00:00.000,2026-01-06 00:00:00.000,1,70,Mexico,Durango state,Nombre de Dios municipality,23.813870,-104.135630,2,3702,XXX70,3702,XXX70,false,Check dyad,,,candidate,26.01.26.06,GEDEvent_v26_01_26_06.csv,ucdp_107,review,same_actor_on_both_sides,True
107,XXX70,1,615515,213,2026,2026-01-09 00:00:00.000,2026-01-09 00:00:00.000,1,70,Mexico,Chihuahua state,Juárez municipality,31.739444,-106.486944,1,3702,XXX70,3702,XXX70,false,Check dyad,,,candidate,26.01.26.06,GEDEvent_v26_01_26_06.csv,ucdp_107,review,same_actor_on_both_sides,True
107,XXX70,1,615522,213,2026,2026-01-10 00:00:00.000,2026-01-10 00:00:00.000,1,70,Mexico,Michoacán state,Zamora municipality,19.985500,-102.283870,1,3702,XXX70,3702,XXX70,false,Check dyad,,,candidate,26.01.26.06,GEDEvent_v26_01_26_06.csv,ucdp_107,review,same_actor_on_both_sides,True
107,XXX70,1,615537,213,2026,2026-01-12 00:00:00.000,2026-01-12 00:00:00.000,1,70,Mexico,Ciudad de México,,19.428470,-99.127660,1,3702,XXX70,3702,XXX70,false,Check dyad,,,candidate,26.01.26.06,GEDEvent_v26_01_26_06.csv,ucdp_107,review,same_actor_on_both_sides,True
107,XXX70,1,615538,213,2026,2026-01-13 00:00:00.000,2026-01-13 00:00:00.000,1,70,Mexico,Morelos state,Cuernavaca municipality,18.933725,-99.228488,1,3702,XXX70,3702,XXX70,false,Check dyad,,,candidate,26.01.26.06,GEDEvent_v26_01_26_06.csv,ucdp_107,review,same_actor_on_both_sides,True
107,XXX70,1,615544,213,2026,2026-01-16 00:00:00.000,2026-01-16 00:00:00.000,1,70,Mexico,Morelos state,Jiutepec municipality,18.881390,-99.177780,1,3702,XXX70,3702,XXX70,false,Check dyad,,,candidate,26.01.26.06,GEDEvent_v26_01_26_06.csv,ucdp_107,review,same_actor_on_both_sides,True
107,XXX70,1,615547,213,2026,2026-01-18 00:00:00.000,2026-01-18 00:00:00.000,1,70,Mexico,Chiapas state,Arriaga municipality,16.235890,-93.899950,1,3702,XXX70,3702,XXX70,false,Check dyad,,,candidate,26.01.26.06,GEDEvent_v26_01_26_06.csv,ucdp_107,review,same_actor_on_both_sides,True
107,XXX70,1,615549,213,2026,2026-01-20 00:00:00.000,2026-01-20 00:00:00.000,1,70,Mexico,Sinaloa state,Navolato municipality,24.766100,-107.702250,1,3702,XXX70,3702,XXX70,false,Check dyad,,,candidate,26.01.26.06,GEDEvent_v26_01_26_06.csv,ucdp_107,review,same_actor_on_both_sides,True
107,XXX70,1,615557,213,2026,2026-01-21 00:00:00.000,2026-01-21 00:00:00.000,1,70,Mexico,Tabasco state,,18.000000,-92.666667,4,3702,XXX70,3702,XXX70,false,Check dyad,,,candidate,26.01.26.06,GEDEvent_v26_01_26_06.csv,ucdp_107,review,same_actor_on_both_sides,True
107,XXX70,1,615601,213,2026,2026-01-27 00:00:00.000,2026-01-27 00:00:00.000,1,70,Mexico,Guerrero state,Acapulco de Juárez municipality,16.856933,-99.901496,1,3702,XXX70,3702,XXX70,false,Check dyad,,,candidate,26.01.26.06,GEDEvent_v26_01_26_06.csv,ucdp_107,review,same_actor_on_both_sides,True
107,XXX70,1,631694,213,2026,2026-05-15 00:00:00.000,2026-05-15 00:00:00.000,1,70,Mexico,Sonora state,Cajeme municipality,27.486420,-109.940830,1,3702,XXX70,3702,XXX70,false,Check dyad,,,candidate,26.01.26.06,GEDEvent_v26_01_26_06.csv,ucdp_107,review,same_actor_on_both_sides,True
222,Myanmar (Burma): Government,1,624682,18893,2026,2026-03-31 00:00:00.000,2026-03-31 00:00:00.000,1,775,Myanmar (Burma),Kayin state,Kawkareik district,16.061380,97.991330,5,144,Government of Myanmar (Burma),9884,SCEF,true,Clear,775,,candidate,26.01.26.06,GEDEvent_v26_01_26_06.csv,ucdp_222,review,unknown_actor,True
222,Myanmar (Burma): Government,1,624341,18893,2026,2026-04-02 00:00:00.000,2026-04-02 00:00:00.000,1,775,Myanmar (Burma),Mandalay region,Myingyan district,21.717040,95.468270,1,144,Government of Myanmar (Burma),9884,SCEF,true,Clear,775,,candidate,26.01.26.06,GEDEvent_v26_01_26_06.csv,ucdp_222,review,unknown_actor,True
222,Myanmar (Burma): Government,1,624188,18893,2026,2026-04-03 00:00:00.000,2026-04-03 00:00:00.000,1,775,Myanmar (Burma),Mandalay region,Myingyan district,21.717040,95.468270,2,144,Government of Myanmar (Burma),9884,SCEF,true,Clear,775,,candidate,26.01.26.06,GEDEvent_v26_01_26_06.csv,ucdp_222,review,unknown_actor,True
222,Myanmar (Burma): Government,1,624193,18893,2026,2026-04-04 00:00:00.000,2026-04-04 00:00:00.000,1,775,Myanmar (Burma),Magway region,Pakokku district,21.361959,94.547550,5,144,Government of Myanmar (Burma),9884,SCEF,true,Clear,775,,candidate,26.01.26.06,GEDEvent_v26_01_26_06.csv,ucdp_222,review,unknown_actor,True
222,Myanmar (Burma): Government,1,628665,18893,2026,2026-04-04 00:00:00.000,2026-04-04 00:00:00.000,1,775,Myanmar (Burma),Bago region,Bago district,18.009695,97.020268,5,144,Government of Myanmar (Burma),9884,SCEF,true,Clear,775,,candidate,26.01.26.06,GEDEvent_v26_01_26_06.csv,ucdp_222,review,unknown_actor,True
222,Myanmar (Burma): Government,1,628033,18893,2026,2026-04-05 00:00:00.000,2026-04-05 00:00:00.000,1,775,Myanmar (Burma),Mandalay region,Myingyan district,21.196600,95.526600,1,144,Government of Myanmar (Burma),9884,SCEF,true,Clear,775,,candidate,26.01.26.06,GEDEvent_v26_01_26_06.csv,ucdp_222,review,unknown_actor,True
222,Myanmar (Burma): Government,1,628036,18893,2026,2026-04-06 00:00:00.000,2026-04-06 00:00:00.000,1,775,Myanmar (Burma),Bago region,Thayarwady district,18.471090,95.629330,1,144,Government of Myanmar (Burma),9884,SCEF,true,Clear,775,,candidate,26.01.26.06,GEDEvent_v26_01_26_06.csv,ucdp_222,review,unknown_actor,True
222,Myanmar (Burma): Government,1,624198,18893,2026,2026-04-06 00:00:00.000,2026-04-06 00:00:00.000,1,775,Myanmar (Burma),Sagaing region,Shwebo district,22.629120,95.483140,2,144,Government of Myanmar (Burma),9884,SCEF,true,Clear,775,,candidate,26.01.26.06,GEDEvent_v26_01_26_06.csv,ucdp_222,review,unknown_actor,True
222,Myanmar (Burma): Government,1,628688,18893,2026,2026-04-09 00:00:00.000,2026-04-09 00:00:00.000,1,775,Myanmar (Burma),Magway region,Minbu district,20.325178,94.585602,5,144,Government of Myanmar (Burma),9884,SCEF,true,Clear,775,,candidate,26.01.26.06,GEDEvent_v26_01_26_06.csv,ucdp_222,review,unknown_actor,True
222,Myanmar (Burma): Government,1,628648,18893,2026,2026-04-09 00:00:00.000,2026-04-09 00:00:00.000,1,775,Myanmar (Burma),Bago region,Thayarwady district,18.442245,95.634977,5,144,Government of Myanmar (Burma),9884,SCEF,true,Clear,775,,candidate,26.01.26.06,GEDEvent_v26_01_26_06.csv,ucdp_222,review,unknown_actor,True
222,Myanmar (Burma): Government,1,628644,18893,2026,2026-04-13 00:00:00.000,2026-04-13 00:00:00.000,1,775,Myanmar (Burma),Kayin state,Hpa-an district,16.816444,97.760444,5,144,Government of Myanmar (Burma),9884,SCEF,true,Clear,775,,candidate,26.01.26.06,GEDEvent_v26_01_26_06.csv,ucdp_222,review,unknown_actor,True
222,Myanmar (Burma): Government,1,628453,18893,2026,2026-04-13 00:00:00.000,2026-04-13 00:00:00.000,1,775,Myanmar (Burma),Sagaing region,Shwebo district,22.551010,95.587260,1,144,Government of Myanmar (Burma),9884,SCEF,true,Clear,775,,candidate,26.01.26.06,GEDEvent_v26_01_26_06.csv,ucdp_222,review,unknown_actor,True
222,Myanmar (Burma): Government,1,628455,18893,2026,2026-04-14 00:00:00.000,2026-04-14 00:00:00.000,1,775,Myanmar (Burma),Sagaing region,Monywa district,21.965060,95.030610,5,144,Government of Myanmar (Burma),9884,SCEF,true,Clear,775,,candidate,26.01.26.06,GEDEvent_v26_01_26_06.csv,ucdp_222,review,unknown_actor,True
222,Myanmar (Burma): Government,1,628639,18893,2026,2026-04-14 00:00:00.000,2026-04-14 00:00:00.000,1,775,Myanmar (Burma),Magway region,Pakokku district,21.473870,94.471870,1,144,Government of Myanmar (Burma),9884,SCEF,true,Clear,775,,candidate,26.01.26.06,GEDEvent_v26_01_26_06.csv,ucdp_222,review,unknown_actor,True
222,Myanmar (Burma): Government,1,628460,18893,2026,2026-04-16 00:00:00.000,2026-04-16 00:00:00.000,1,775,Myanmar (Burma),Magway region,Pakokku district,21.406610,94.492000,1,144,Government of Myanmar (Burma),9884,SCEF,true,Clear,775,,candidate,26.01.26.06,GEDEvent_v26_01_26_06.csv,ucdp_222,review,unknown_actor,True
222,Myanmar (Burma): Government,1,628609,18893,2026,2026-04-18 00:00:00.000,2026-04-18 00:00:00.000,1,775,Myanmar (Burma),Mandalay region,Myingyan district,21.291500,95.552480,1,144,Government of Myanmar (Burma),9884,SCEF,true,Clear,775,,candidate,26.01.26.06,GEDEvent_v26_01_26_06.csv,ucdp_222,review,unknown_actor,True
222,Myanmar (Burma): Government,1,628070,18893,2026,2026-04-19 00:00:00.000,2026-04-19 00:00:00.000,1,775,Myanmar (Burma),Kachin state,Mohnyin district,25.679728,96.481155,5,144,Government of Myanmar (Burma),9884,SCEF,true,Clear,775,,candidate,26.01.26.06,GEDEvent_v26_01_26_06.csv,ucdp_222,review,unknown_actor,True
222,Myanmar (Burma): Government,1,628073,18893,2026,2026-04-19 00:00:00.000,2026-04-19 00:00:00.000,1,775,Myanmar (Burma),Kachin state,Mohnyin district,25.679728,96.481155,5,144,Government of Myanmar (Burma),9884,SCEF,true,Clear,775,,candidate,26.01.26.06,GEDEvent_v26_01_26_06.csv,ucdp_222,review,unknown_actor,True
222,Myanmar (Burma): Government,1,628403,18893,2026,2026-04-20 00:00:00.000,2026-04-27 00:00:00.000,4,775,Myanmar (Burma),Mandalay region,Myingyan district,21.457450,95.391822,5,144,Government of Myanmar (Burma),9884,SCEF,true,Clear,775,,candidate,26.01.26.06,GEDEvent_v26_01_26_06.csv,ucdp_222,review,unknown_actor,True
222,Myanmar (Burma): Government,1,628461,18893,2026,2026-04-21 00:00:00.000,2026-04-21 00:00:00.000,1,775,Myanmar (Burma),Sagaing region,Shwebo district,23.069173,95.217100,5,144,Government of Myanmar (Burma),9884,SCEF,true,Clear,775,,candidate,26.01.26.06,GEDEvent_v26_01_26_06.csv,ucdp_222,review,unknown_actor,True
222,Myanmar (Burma): Government,1,628597,18893,2026,2026-04-21 00:00:00.000,2026-04-21 00:00:00.000,1,775,Myanmar (Burma),Mandalay region,Meiktila district,20.617978,96.008838,5,144,Government of Myanmar (Burma),9884,SCEF,true,Clear,775,,candidate,26.01.26.06,GEDEvent_v26_01_26_06.csv,ucdp_222,review,unknown_actor,True
222,Myanmar (Burma): Government,1,628519,18893,2026,2026-04-21 00:00:00.000,2026-04-29 00:00:00.000,4,775,Myanmar (Burma),Sagaing region,Katha district,24.220520,96.142320,2,144,Government of Myanmar (Burma),9884,SCEF,true,Clear,775,,candidate,26.01.26.06,GEDEvent_v26_01_26_06.csv,ucdp_222,review,unknown_actor,True
222,Myanmar (Burma): Government,1,628516,18893,2026,2026-04-21 00:00:00.000,2026-04-21 00:00:00.000,1,775,Myanmar (Burma),Magway region,Magway district,20.493075,95.388576,5,144,Government of Myanmar (Burma),9884,SCEF,true,Clear,775,,candidate,26.01.26.06,GEDEvent_v26_01_26_06.csv,ucdp_222,review,unknown_actor,True
222,Myanmar (Burma): Government,1,628698,18893,2026,2026-04-21 00:00:00.000,2026-04-21 00:00:00.000,1,775,Myanmar (Burma),Sagaing region,Shwebo district,22.577867,95.806672,5,144,Government of Myanmar (Burma),9884,SCEF,true,Clear,775,,candidate,26.01.26.06,GEDEvent_v26_01_26_06.csv,ucdp_222,review,unknown_actor,True
222,Myanmar (Burma): Government,1,628462,18893,2026,2026-04-22 00:00:00.000,2026-04-22 00:00:00.000,1,775,Myanmar (Burma),Mandalay region,Myingyan district,21.894806,95.688663,2,144,Government of Myanmar (Burma),9884,SCEF,true,Clear,775,,candidate,26.01.26.06,GEDEvent_v26_01_26_06.csv,ucdp_222,review,unknown_actor,True
222,Myanmar (Burma): Government,1,628314,18893,2026,2026-04-22 00:00:00.000,2026-04-22 00:00:00.000,1,775,Myanmar (Burma),Bago region,Thayarwady district,17.777943,95.805916,5,144,Government of Myanmar (Burma),9884,SCEF,true,Clear,775,,candidate,26.01.26.06,GEDEvent_v26_01_26_06.csv,ucdp_222,review,unknown_actor,True
222,Myanmar (Burma): Government,1,628087,18893,2026,2026-04-22 00:00:00.000,2026-04-22 00:00:00.000,1,775,Myanmar (Burma),Naypyidaw Union territory,Det Khi Na district,19.509540,96.374400,1,144,Government of Myanmar (Burma),9884,SCEF,true,Clear,775,,candidate,26.01.26.06,GEDEvent_v26_01_26_06.csv,ucdp_222,review,unknown_actor,True
222,Myanmar (Burma): Government,1,628083,18893,2026,2026-04-23 00:00:00.000,2026-04-23 00:00:00.000,1,775,Myanmar (Burma),Chin state,Falam district,22.936139,93.866990,5,144,Government of Myanmar (Burma),9884,SCEF,true,Clear,775,,candidate,26.01.26.06,GEDEvent_v26_01_26_06.csv,ucdp_222,review,unknown_actor,True
222,Myanmar (Burma): Government,1,628603,18893,2026,2026-04-23 00:00:00.000,2026-04-23 00:00:00.000,1,775,Myanmar (Burma),Kachin state,Mohnyin district,25.679728,96.481155,5,144,Government of Myanmar (Burma),9884,SCEF,true,Clear,775,,candidate,26.01.26.06,GEDEvent_v26_01_26_06.csv,ucdp_222,review,unknown_actor,True
222,Myanmar (Burma): Government,1,628695,18893,2026,2026-04-23 00:00:00.000,2026-04-23 00:00:00.000,1,775,Myanmar (Burma),Sagaing region,Shwebo district,22.463155,95.766872,1,144,Government of Myanmar (Burma),9884,SCEF,true,Clear,775,,candidate,26.01.26.06,GEDEvent_v26_01_26_06.csv,ucdp_222,review,unknown_actor,True
222,Myanmar (Burma): Government,1,628406,18893,2026,2026-04-24 00:00:00.000,2026-04-24 00:00:00.000,1,775,Myanmar (Burma),Bago region,Taungoo district,18.345696,96.857289,5,144,Government of Myanmar (Burma),9884,SCEF,true,Clear,775,,candidate,26.01.26.06,GEDEvent_v26_01_26_06.csv,ucdp_222,review,unknown_actor,True
222,Myanmar (Burma): Government,1,628602,18893,2026,2026-04-25 00:00:00.000,2026-04-25 00:00:00.000,1,775,Myanmar (Burma),Magway region,Pakokku district,21.548950,95.283943,1,144,Government of Myanmar (Burma),9884,SCEF,true,Clear,775,,candidate,26.01.26.06,GEDEvent_v26_01_26_06.csv,ucdp_222,review,unknown_actor,True
222,Myanmar (Burma): Government,1,628404,18893,2026,2026-04-26 00:00:00.000,2026-04-27 00:00:00.000,2,775,Myanmar (Burma),Tanintharyi region,Myeik district,12.131050,98.934240,1,144,Government of Myanmar (Burma),9884,SCEF,true,Clear,775,,candidate,26.01.26.06,GEDEvent_v26_01_26_06.csv,ucdp_222,review,unknown_actor,True
222,Myanmar (Burma): Government,1,628593,18893,2026,2026-04-28 00:00:00.000,2026-04-28 00:00:00.000,1,775,Myanmar (Burma),Kachin state,Myitkyina district,24.873730,96.437400,1,144,Government of Myanmar (Burma),9884,SCEF,true,Clear,775,,candidate,26.01.26.06,GEDEvent_v26_01_26_06.csv,ucdp_222,review,unknown_actor,True
222,Myanmar (Burma): Government,1,628575,18893,2026,2026-04-29 00:00:00.000,2026-04-29 00:00:00.000,1,775,Myanmar (Burma),Bago region,Bago district,18.026453,96.862052,1,144,Government of Myanmar (Burma),9884,SCEF,true,Clear,775,,candidate,26.01.26.06,GEDEvent_v26_01_26_06.csv,ucdp_222,review,unknown_actor,True
222,Myanmar (Burma): Government,1,628674,18893,2026,2026-04-30 00:00:00.000,2026-04-30 00:00:00.000,1,775,Myanmar (Burma),Chin state,Falam district,23.001730,93.695220,1,144,Government of Myanmar (Burma),9884,SCEF,true,Clear,775,,candidate,26.01.26.06,GEDEvent_v26_01_26_06.csv,ucdp_222,review,unknown_actor,True
222,Myanmar (Burma): Government,1,630450,18893,2026,2026-05-01 00:00:00.000,2026-05-01 00:00:00.000,1,775,Myanmar (Burma),Magway region,Minbu district,20.680078,94.527363,5,144,Government of Myanmar (Burma),9884,SCEF,true,Clear,775,,candidate,26.01.26.06,GEDEvent_v26_01_26_06.csv,ucdp_222,review,unknown_actor,True
222,Myanmar (Burma): Government,1,630454,18893,2026,2026-05-01 00:00:00.000,2026-05-01 00:00:00.000,1,775,Myanmar (Burma),Chin state,Falam district,22.936139,93.866990,5,144,Government of Myanmar (Burma),9884,SCEF,true,Clear,775,,candidate,26.01.26.06,GEDEvent_v26_01_26_06.csv,ucdp_222,review,unknown_actor,True
222,Myanmar (Burma): Government,1,630419,18893,2026,2026-05-02 00:00:00.000,2026-05-02 00:00:00.000,1,775,Myanmar (Burma),Chin state,Falam district,23.145821,93.533285,5,144,Government of Myanmar (Burma),9884,SCEF,true,Clear,775,,candidate,26.01.26.06,GEDEvent_v26_01_26_06.csv,ucdp_222,review,unknown_actor,True
222,Myanmar (Burma): Government,1,628463,18893,2026,2026-05-04 00:00:00.000,2026-05-04 00:00:00.000,1,775,Myanmar (Burma),Mandalay region,Myingyan district,21.238490,95.573380,2,144,Government of Myanmar (Burma),9884,SCEF,true,Clear,775,,candidate,26.01.26.06,GEDEvent_v26_01_26_06.csv,ucdp_222,review,unknown_actor,True
222,Myanmar (Burma): Government,1,630397,18893,2026,2026-05-04 00:00:00.000,2026-05-04 00:00:00.000,1,775,Myanmar (Burma),Sagaing region,Shwebo district,22.301326,95.766639,5,144,Government of Myanmar (Burma),9884,SCEF,true,Clear,775,,candidate,26.01.26.06,GEDEvent_v26_01_26_06.csv,ucdp_222,review,unknown_actor,True
222,Myanmar (Burma): Government,1,630325,18893,2026,2026-05-04 00:00:00.000,2026-05-04 00:00:00.000,1,775,Myanmar (Burma),Magway region,Pakokku district,21.361959,94.547550,5,144,Government of Myanmar (Burma),9884,SCEF,true,Clear,775,,candidate,26.01.26.06,GEDEvent_v26_01_26_06.csv,ucdp_222,review,unknown_actor,True
222,Myanmar (Burma): Government,1,630324,18893,2026,2026-05-05 00:00:00.000,2026-05-05 00:00:00.000,1,775,Myanmar (Burma),,,19.455636,94.760222,5,144,Government of Myanmar (Burma),9884,SCEF,true,Clear,775,,candidate,26.01.26.06,GEDEvent_v26_01_26_06.csv,ucdp_222,review,unknown_actor,True
222,Myanmar (Burma): Government,1,630317,18893,2026,2026-05-05 00:00:00.000,2026-05-06 00:00:00.000,2,775,Myanmar (Burma),Sagaing region,Shwebo district,22.301326,95.766639,5,144,Government of Myanmar (Burma),9884,SCEF,true,Clear,775,,candidate,26.01.26.06,GEDEvent_v26_01_26_06.csv,ucdp_222,review,unknown_actor,True
222,Myanmar (Burma): Government,1,630583,18893,2026,2026-05-05 00:00:00.000,2026-05-05 00:00:00.000,1,775,Myanmar (Burma),Tanintharyi region,Myeik district,11.794559,99.626914,1,144,Government of Myanmar (Burma),9884,SCEF,true,Clear,775,,candidate,26.01.26.06,GEDEvent_v26_01_26_06.csv,ucdp_222,review,unknown_actor,True
222,Myanmar (Burma): Government,1,630580,18893,2026,2026-05-07 00:00:00.000,2026-05-07 00:00:00.000,1,775,Myanmar (Burma),Kachin state,Mohnyin district,25.656400,96.356849,2,144,Government of Myanmar (Burma),9884,SCEF,true,Clear,775,,candidate,26.01.26.06,GEDEvent_v26_01_26_06.csv,ucdp_222,review,unknown_actor,True
222,Myanmar (Burma): Government,1,630315,18893,2026,2026-05-07 00:00:00.000,2026-05-07 00:00:00.000,1,775,Myanmar (Burma),Mandalay region,Myingyan district,21.761750,95.701920,1,144,Government of Myanmar (Burma),9884,SCEF,true,Clear,775,,candidate,26.01.26.06,GEDEvent_v26_01_26_06.csv,ucdp_222,review,unknown_actor,True
222,Myanmar (Burma): Government,1,630389,18893,2026,2026-05-07 00:00:00.000,2026-05-07 00:00:00.000,1,775,Myanmar (Burma),Bago region,Taungoo district,18.568380,96.523980,1,144,Government of Myanmar (Burma),9884,SCEF,true,Clear,775,,candidate,26.01.26.06,GEDEvent_v26_01_26_06.csv,ucdp_222,review,unknown_actor,True
222,Myanmar (Burma): Government,1,630393,18893,2026,2026-05-07 00:00:00.000,2026-05-07 00:00:00.000,1,775,Myanmar (Burma),Bago region,Taungoo district,18.480828,96.436658,5,144,Government of Myanmar (Burma),9884,SCEF,true,Clear,775,,candidate,26.01.26.06,GEDEvent_v26_01_26_06.csv,ucdp_222,review,unknown_actor,True
222,Myanmar (Burma): Government,1,630395,18893,2026,2026-05-07 00:00:00.000,2026-05-07 00:00:00.000,1,775,Myanmar (Burma),Bago region,Taungoo district,18.807718,96.488567,1,144,Government of Myanmar (Burma),9884,SCEF,true,Clear,775,,candidate,26.01.26.06,GEDEvent_v26_01_26_06.csv,ucdp_222,review,unknown_actor,True
222,Myanmar (Burma): Government,1,630483,18893,2026,2026-05-08 00:00:00.000,2026-05-08 00:00:00.000,1,775,Myanmar (Burma),Sagaing region,Mawlaik district,24.344853,94.771091,1,144,Government of Myanmar (Burma),9884,SCEF,true,Clear,775,,candidate,26.01.26.06,GEDEvent_v26_01_26_06.csv,ucdp_222,review,unknown_actor,True
222,Myanmar (Burma): Government,1,630482,18893,2026,2026-05-09 00:00:00.000,2026-05-09 00:00:00.000,1,775,Myanmar (Burma),Sagaing region,Monywa district,22.172070,95.209486,1,144,Government of Myanmar (Burma),9884,SCEF,true,Clear,775,,candidate,26.01.26.06,GEDEvent_v26_01_26_06.csv,ucdp_222,review,unknown_actor,True
222,Myanmar (Burma): Government,1,630319,18893,2026,2026-05-10 00:00:00.000,2026-05-11 00:00:00.000,2,775,Myanmar (Burma),Sagaing region,Katha district,23.888888,96.333333,5,144,Government of Myanmar (Burma),9884,SCEF,true,Clear,775,,candidate,26.01.26.06,GEDEvent_v26_01_26_06.csv,ucdp_222,review,unknown_actor,True
222,Myanmar (Burma): Government,1,630330,18893,2026,2026-05-11 00:00:00.000,2026-05-11 00:00:00.000,1,775,Myanmar (Burma),Sagaing region,Shwebo district,22.569250,95.698180,2,144,Government of Myanmar (Burma),9884,SCEF,true,Clear,775,,candidate,26.01.26.06,GEDEvent_v26_01_26_06.csv,ucdp_222,review,unknown_actor,True
222,Myanmar (Burma): Government,1,630383,18893,2026,2026-05-12 00:00:00.000,2026-05-12 00:00:00.000,1,775,Myanmar (Burma),Bago region,Taungoo district,18.345696,96.857289,5,144,Government of Myanmar (Burma),9884,SCEF,true,Clear,775,,candidate,26.01.26.06,GEDEvent_v26_01_26_06.csv,ucdp_222,review,unknown_actor,True
222,Myanmar (Burma): Government,1,630473,18893,2026,2026-05-12 00:00:00.000,2026-05-12 00:00:00.000,1,775,Myanmar (Burma),Kayin state,Hpa-an district,16.816444,97.760444,5,144,Government of Myanmar (Burma),9884,SCEF,true,Clear,775,,candidate,26.01.26.06,GEDEvent_v26_01_26_06.csv,ucdp_222,review,unknown_actor,True
222,Myanmar (Burma): Government,1,630474,18893,2026,2026-05-12 00:00:00.000,2026-05-12 00:00:00.000,1,775,Myanmar (Burma),Sagaing region,Monywa district,21.911791,95.243136,5,144,Government of Myanmar (Burma),9884,SCEF,true,Clear,775,,candidate,26.01.26.06,GEDEvent_v26_01_26_06.csv,ucdp_222,review,unknown_actor,True
222,Myanmar (Burma): Government,1,630388,18893,2026,2026-05-13 00:00:00.000,2026-05-13 00:00:00.000,1,775,Myanmar (Burma),Magway region,Pakokku district,21.361959,94.547550,5,144,Government of Myanmar (Burma),9884,SCEF,true,Clear,775,,candidate,26.01.26.06,GEDEvent_v26_01_26_06.csv,ucdp_222,review,unknown_actor,True
222,Myanmar (Burma): Government,1,630557,18893,2026,2026-05-14 00:00:00.000,2026-05-14 00:00:00.000,1,775,Myanmar (Burma),Chin state,Falam district,23.603804,93.689827,1,144,Government of Myanmar (Burma),9884,SCEF,true,Clear,775,,candidate,26.01.26.06,GEDEvent_v26_01_26_06.csv,ucdp_222,review,unknown_actor,True
222,Myanmar (Burma): Government,1,630582,18893,2026,2026-05-17 00:00:00.000,2026-05-19 00:00:00.000,2,775,Myanmar (Burma),Chin state,Falam district,23.603804,93.689827,2,144,Government of Myanmar (Burma),9884,SCEF,true,Clear,775,,candidate,26.01.26.06,GEDEvent_v26_01_26_06.csv,ucdp_222,review,unknown_actor,True
222,Myanmar (Burma): Government,1,630471,18893,2026,2026-05-17 00:00:00.000,2026-05-17 00:00:00.000,1,775,Myanmar (Burma),Kachin state,Mohnyin district,25.679728,96.481155,5,144,Government of Myanmar (Burma),9884,SCEF,true,Clear,775,,candidate,26.01.26.06,GEDEvent_v26_01_26_06.csv,ucdp_222,review,unknown_actor,True
222,Myanmar (Burma): Government,1,630556,18893,2026,2026-05-19 00:00:00.000,2026-05-19 00:00:00.000,1,775,Myanmar (Burma),Sagaing region,Monywa district,22.407649,95.163227,2,144,Government of Myanmar (Burma),9884,SCEF,true,Clear,775,,candidate,26.01.26.06,GEDEvent_v26_01_26_06.csv,ucdp_222,review,unknown_actor,True
222,Myanmar (Burma): Government,1,630558,18893,2026,2026-05-19 00:00:00.000,2026-05-19 00:00:00.000,1,775,Myanmar (Burma),Sagaing region,Monywa district,22.147711,95.190864,5,144,Government of Myanmar (Burma),9884,SCEF,true,Clear,775,,candidate,26.01.26.06,GEDEvent_v26_01_26_06.csv,ucdp_222,review,unknown_actor,True
222,Myanmar (Burma): Government,1,630351,18893,2026,2026-05-19 00:00:00.000,2026-05-19 00:00:00.000,1,775,Myanmar (Burma),Kachin state,Mohnyin district,25.565010,96.301116,1,144,Government of Myanmar (Burma),9884,SCEF,true,Clear,775,,candidate,26.01.26.06,GEDEvent_v26_01_26_06.csv,ucdp_222,review,unknown_actor,True
222,Myanmar (Burma): Government,1,630386,18893,2026,2026-05-21 00:00:00.000,2026-05-21 00:00:00.000,1,775,Myanmar (Burma),Tanintharyi region,Dawei district,13.935320,98.275860,1,144,Government of Myanmar (Burma),9884,SCEF,true,Clear,775,,candidate,26.01.26.06,GEDEvent_v26_01_26_06.csv,ucdp_222,review,unknown_actor,True
222,Myanmar (Burma): Government,1,630542,18893,2026,2026-05-21 00:00:00.000,2026-05-21 00:00:00.000,1,775,Myanmar (Burma),Sagaing region,Shwebo district,22.790157,95.765001,5,144,Government of Myanmar (Burma),9884,SCEF,true,Clear,775,,candidate,26.01.26.06,GEDEvent_v26_01_26_06.csv,ucdp_222,review,unknown_actor,True
222,Myanmar (Burma): Government,1,630352,18893,2026,2026-05-22 00:00:00.000,2026-05-23 00:00:00.000,2,775,Myanmar (Burma),Magway region,Pakokku district,21.553579,94.848213,1,144,Government of Myanmar (Burma),9884,SCEF,true,Clear,775,,candidate,26.01.26.06,GEDEvent_v26_01_26_06.csv,ucdp_222,review,unknown_actor,True
222,Myanmar (Burma): Government,1,630368,18893,2026,2026-05-26 00:00:00.000,2026-05-26 00:00:00.000,1,775,Myanmar (Burma),Magway region,Pakokku district,21.468470,94.160770,1,144,Government of Myanmar (Burma),9884,SCEF,true,Clear,775,,candidate,26.01.26.06,GEDEvent_v26_01_26_06.csv,ucdp_222,review,unknown_actor,True
222,Myanmar (Burma): Government,1,630356,18893,2026,2026-05-27 00:00:00.000,2026-05-27 00:00:00.000,1,775,Myanmar (Burma),Mandalay region,Myingyan district,21.778463,95.708192,5,144,Government of Myanmar (Burma),9884,SCEF,true,Clear,775,,candidate,26.01.26.06,GEDEvent_v26_01_26_06.csv,ucdp_222,review,unknown_actor,True
222,Myanmar (Burma): Government,1,630357,18893,2026,2026-05-27 00:00:00.000,2026-05-27 00:00:00.000,1,775,Myanmar (Burma),Mandalay region,Myingyan district,21.778463,95.708192,5,144,Government of Myanmar (Burma),9884,SCEF,true,Clear,775,,candidate,26.01.26.06,GEDEvent_v26_01_26_06.csv,ucdp_222,review,unknown_actor,True
222,Myanmar (Burma): Government,1,630358,18893,2026,2026-05-27 00:00:00.000,2026-05-27 00:00:00.000,1,775,Myanmar (Burma),Mandalay region,Myingyan district,21.893330,95.599090,1,144,Government of Myanmar (Burma),9884,SCEF,true,Clear,775,,candidate,26.01.26.06,GEDEvent_v26_01_26_06.csv,ucdp_222,review,unknown_actor,True
222,Myanmar (Burma): Government,1,630366,18893,2026,2026-05-27 00:00:00.000,2026-05-27 00:00:00.000,1,775,Myanmar (Burma),Bago region,Thayarwady district,18.229820,95.777065,5,144,Government of Myanmar (Burma),9884,SCEF,true,Clear,775,,candidate,26.01.26.06,GEDEvent_v26_01_26_06.csv,ucdp_222,review,unknown_actor,True
222,Myanmar (Burma): Government,1,634336,18893,2026,2026-05-27 00:00:00.000,2026-05-27 00:00:00.000,1,775,Myanmar (Burma),Mon state,Mawlamyine district,15.343650,97.932579,5,144,Government of Myanmar (Burma),9884,SCEF,true,Clear,775,,candidate,26.01.26.06,GEDEvent_v26_01_26_06.csv,ucdp_222,review,unknown_actor,True
222,Myanmar (Burma): Government,1,635289,18893,2026,2026-06-01 00:00:00.000,2026-06-01 00:00:00.000,1,775,Myanmar (Burma),Sagaing region,Shwebo district,22.814967,95.569760,1,144,Government of Myanmar (Burma),9884,SCEF,true,Clear,775,,candidate,26.01.26.06,GEDEvent_v26_01_26_06.csv,ucdp_222,review,unknown_actor,True
222,Myanmar (Burma): Government,1,635286,18893,2026,2026-06-01 00:00:00.000,2026-06-01 00:00:00.000,1,775,Myanmar (Burma),Tanintharyi region,Dawei district,13.957940,98.244780,1,144,Government of Myanmar (Burma),9884,SCEF,true,Clear,775,,candidate,26.01.26.06,GEDEvent_v26_01_26_06.csv,ucdp_222,review,unknown_actor,True
222,Myanmar (Burma): Government,1,635517,18893,2026,2026-06-03 00:00:00.000,2026-06-03 00:00:00.000,1,775,Myanmar (Burma),Kayah state,,19.250000,97.500000,4,144,Government of Myanmar (Burma),9884,SCEF,true,Check geography,775,,candidate,26.01.26.06,GEDEvent_v26_01_26_06.csv,ucdp_222,review,unknown_actor,True
222,Myanmar (Burma): Government,1,634317,18893,2026,2026-06-04 00:00:00.000,2026-06-04 00:00:00.000,1,775,Myanmar (Burma),Kachin state,Bhamo district,24.128960,96.742580,1,144,Government of Myanmar (Burma),9884,SCEF,true,Clear,775,,candidate,26.01.26.06,GEDEvent_v26_01_26_06.csv,ucdp_222,review,unknown_actor,True
222,Myanmar (Burma): Government,1,634314,18893,2026,2026-06-04 00:00:00.000,2026-06-04 00:00:00.000,1,775,Myanmar (Burma),Kayah state,Loikaw district,19.531482,97.046837,5,144,Government of Myanmar (Burma),9884,SCEF,true,Check vague or biased source,775,,candidate,26.01.26.06,GEDEvent_v26_01_26_06.csv,ucdp_222,review,unknown_actor,True
222,Myanmar (Burma): Government,1,635284,18893,2026,2026-06-05 00:00:00.000,2026-06-05 00:00:00.000,1,775,Myanmar (Burma),Mandalay region,Meiktila district,21.026495,95.648518,5,144,Government of Myanmar (Burma),9884,SCEF,true,Clear,775,,candidate,26.01.26.06,GEDEvent_v26_01_26_06.csv,ucdp_222,review,unknown_actor,True
222,Myanmar (Burma): Government,1,635285,18893,2026,2026-06-05 00:00:00.000,2026-06-05 00:00:00.000,1,775,Myanmar (Burma),Sagaing region,Monywa district,21.911791,95.243136,5,144,Government of Myanmar (Burma),9884,SCEF,true,Clear,775,,candidate,26.01.26.06,GEDEvent_v26_01_26_06.csv,ucdp_222,review,unknown_actor,True
222,Myanmar (Burma): Government,1,635250,18893,2026,2026-06-05 00:00:00.000,2026-06-05 00:00:00.000,1,775,Myanmar (Burma),Mon state,Thaton district,17.364590,97.107300,2,144,Government of Myanmar (Burma),9884,SCEF,true,Clear,775,,candidate,26.01.26.06,GEDEvent_v26_01_26_06.csv,ucdp_222,review,unknown_actor,True
222,Myanmar (Burma): Government,1,635346,18893,2026,2026-06-05 00:00:00.000,2026-06-05 00:00:00.000,1,775,Myanmar (Burma),Bago region,Taungoo district,19.292329,96.378013,1,144,Government of Myanmar (Burma),9884,SCEF,true,Clear,775,,candidate,26.01.26.06,GEDEvent_v26_01_26_06.csv,ucdp_222,review,unknown_actor,True
222,Myanmar (Burma): Government,1,635273,18893,2026,2026-06-06 00:00:00.000,2026-06-06 00:00:00.000,1,775,Myanmar (Burma),Bago region,Taungoo district,19.267571,96.401400,1,144,Government of Myanmar (Burma),9884,SCEF,true,Clear,775,,candidate,26.01.26.06,GEDEvent_v26_01_26_06.csv,ucdp_222,review,unknown_actor,True
222,Myanmar (Burma): Government,1,635268,18893,2026,2026-06-16 00:00:00.000,2026-06-16 00:00:00.000,1,775,Myanmar (Burma),Bago region,Thayarwady district,18.442245,95.634977,5,144,Government of Myanmar (Burma),9884,SCEF,true,Clear,775,,candidate,26.01.26.06,GEDEvent_v26_01_26_06.csv,ucdp_222,review,unknown_actor,True
222,Myanmar (Burma): Government,1,635340,18893,2026,2026-06-16 00:00:00.000,2026-06-16 00:00:00.000,1,775,Myanmar (Burma),Sagaing region,Shwebo district,22.293900,95.822010,1,144,Government of Myanmar (Burma),9884,SCEF,true,Clear,775,,candidate,26.01.26.06,GEDEvent_v26_01_26_06.csv,ucdp_222,review,unknown_actor,True
222,Myanmar (Burma): Government,1,635337,18893,2026,2026-06-17 00:00:00.000,2026-06-17 00:00:00.000,1,775,Myanmar (Burma),Sagaing region,Shwebo district,22.234492,95.839086,1,144,Government of Myanmar (Burma),9884,SCEF,true,Clear,775,,candidate,26.01.26.06,GEDEvent_v26_01_26_06.csv,ucdp_222,review,unknown_actor,True
222,Myanmar (Burma): Government,1,635339,18893,2026,2026-06-17 00:00:00.000,2026-06-17 00:00:00.000,1,775,Myanmar (Burma),Kachin state,Bhamo district,24.226730,96.790850,1,144,Government of Myanmar (Burma),9884,SCEF,true,Clear,775,,candidate,26.01.26.06,GEDEvent_v26_01_26_06.csv,ucdp_222,review,unknown_actor,True
222,Myanmar (Burma): Government,1,635259,18893,2026,2026-06-18 00:00:00.000,2026-06-18 00:00:00.000,1,775,Myanmar (Burma),Mon state,Thaton district,17.420489,96.994378,5,144,Government of Myanmar (Burma),9884,SCEF,true,Clear,775,,candidate,26.01.26.06,GEDEvent_v26_01_26_06.csv,ucdp_222,review,unknown_actor,True
222,Myanmar (Burma): Government,1,635334,18893,2026,2026-06-19 00:00:00.000,2026-06-19 00:00:00.000,1,775,Myanmar (Burma),Sagaing region,Shwebo district,22.843010,95.726060,1,144,Government of Myanmar (Burma),9884,SCEF,true,Clear,775,,candidate,26.01.26.06,GEDEvent_v26_01_26_06.csv,ucdp_222,review,unknown_actor,True
222,Myanmar (Burma): Government,1,634436,18893,2026,2026-06-19 00:00:00.000,2026-06-19 00:00:00.000,1,775,Myanmar (Burma),Chin state,Mindat district,20.949561,93.840256,1,144,Government of Myanmar (Burma),9884,SCEF,true,Clear,775,,candidate,26.01.26.06,GEDEvent_v26_01_26_06.csv,ucdp_222,review,unknown_actor,True
222,Myanmar (Burma): Government,1,634434,18893,2026,2026-06-22 00:00:00.000,2026-06-22 00:00:00.000,1,775,Myanmar (Burma),Chin state,Mindat district,20.935258,93.882647,5,144,Government of Myanmar (Burma),9884,SCEF,true,Clear,775,,candidate,26.01.26.06,GEDEvent_v26_01_26_06.csv,ucdp_222,review,unknown_actor,True
222,Myanmar (Burma): Government,1,635333,18893,2026,2026-06-22 00:00:00.000,2026-06-22 00:00:00.000,1,775,Myanmar (Burma),Mon state,Thaton district,17.240070,97.253310,1,144,Government of Myanmar (Burma),9884,SCEF,true,Clear,775,,candidate,26.01.26.06,GEDEvent_v26_01_26_06.csv,ucdp_222,review,unknown_actor,True
222,Myanmar (Burma): Government,1,635220,18893,2026,2026-06-22 00:00:00.000,2026-06-22 00:00:00.000,1,775,Myanmar (Burma),Sagaing region,Tamu district,23.805314,94.146304,1,144,Government of Myanmar (Burma),9884,SCEF,true,Clear,775,,candidate,26.01.26.06,GEDEvent_v26_01_26_06.csv,ucdp_222,review,unknown_actor,True
222,Myanmar (Burma): Government,1,635173,18893,2026,2026-06-22 00:00:00.000,2026-06-30 00:00:00.000,4,775,Myanmar (Burma),Mon state,Thaton district,17.280924,97.327985,5,144,Government of Myanmar (Burma),9884,SCEF,true,Clear,775,,candidate,26.01.26.06,GEDEvent_v26_01_26_06.csv,ucdp_222,review,unknown_actor,True
222,Myanmar (Burma): Government,1,635193,18893,2026,2026-06-24 00:00:00.000,2026-06-24 00:00:00.000,1,775,Myanmar (Burma),Mandalay region,Meiktila district,21.026495,95.648518,5,144,Government of Myanmar (Burma),9884,SCEF,true,Clear,775,,candidate,26.01.26.06,GEDEvent_v26_01_26_06.csv,ucdp_222,review,unknown_actor,True
222,Myanmar (Burma): Government,1,634345,18893,2026,2026-06-25 00:00:00.000,2026-06-25 00:00:00.000,1,775,Myanmar (Burma),Magway region,Magway district,20.493075,95.388576,5,144,Government of Myanmar (Burma),9884,SCEF,true,Clear,775,,candidate,26.01.26.06,GEDEvent_v26_01_26_06.csv,ucdp_222,review,unknown_actor,True
222,Myanmar (Burma): Government,1,635172,18893,2026,2026-06-26 00:00:00.000,2026-06-26 00:00:00.000,1,775,Myanmar (Burma),Sagaing region,Shwebo district,22.756240,95.468220,1,144,Government of Myanmar (Burma),9884,SCEF,true,Clear,775,,candidate,26.01.26.06,GEDEvent_v26_01_26_06.csv,ucdp_222,review,unknown_actor,True
222,Myanmar (Burma): Government,1,634343,18893,2026,2026-06-28 00:00:00.000,2026-06-28 00:00:00.000,1,775,Myanmar (Burma),Sagaing region,Sagaing district,22.038530,95.826002,5,144,Government of Myanmar (Burma),9884,SCEF,true,Clear,775,,candidate,26.01.26.06,GEDEvent_v26_01_26_06.csv,ucdp_222,review,unknown_actor,True
222,Myanmar (Burma): Government,1,620562,18941,2026,2026-02-08 00:00:00.000,2026-02-08 00:00:00.000,1,775,Myanmar (Burma),Chin state,Mindat district,21.795605,93.436685,5,144,Government of Myanmar (Burma),9919,CPU,false,Clear,775,,candidate,26.01.26.06,GEDEvent_v26_01_26_06.csv,ucdp_222,review,unknown_actor,True
222,Myanmar (Burma): Government,1,628507,18941,2026,2026-04-29 00:00:00.000,2026-04-30 00:00:00.000,2,775,Myanmar (Burma),Chin state,Mindat district,20.949561,93.840256,2,144,Government of Myanmar (Burma),9919,CPU,false,Clear,775,,candidate,26.01.26.06,GEDEvent_v26_01_26_06.csv,ucdp_222,review,unknown_actor,True
222,Myanmar (Burma): Government,1,630328,18941,2026,2026-05-11 00:00:00.000,2026-05-11 00:00:00.000,1,775,Myanmar (Burma),Chin state,Mindat district,21.376475,93.966364,2,144,Government of Myanmar (Burma),9919,CPU,false,Clear,775,,candidate,26.01.26.06,GEDEvent_v26_01_26_06.csv,ucdp_222,review,unknown_actor,True
222,Myanmar (Burma): Government,1,630571,18941,2026,2026-05-19 00:00:00.000,2026-05-19 00:00:00.000,1,775,Myanmar (Burma),Chin state,Mindat district,21.596022,93.445715,1,144,Government of Myanmar (Burma),9919,CPU,false,Clear,775,,candidate,26.01.26.06,GEDEvent_v26_01_26_06.csv,ucdp_222,review,unknown_actor,True
222,Myanmar (Burma): Government,1,634431,18941,2026,2026-06-29 00:00:00.000,2026-06-29 00:00:00.000,1,775,Myanmar (Burma),Chin state,Mindat district,21.324550,93.933100,1,144,Government of Myanmar (Burma),9919,CPU,false,Check dyad,775,,candidate,26.01.26.06,GEDEvent_v26_01_26_06.csv,ucdp_222,review,unknown_actor,True
118,XXX436,1,613082,235,2026,2026-01-05 00:00:00.000,2026-01-11 00:00:00.000,3,436,Niger,,,16.000000,8.000000,6,3713,XXX436,3713,XXX436,false,Check dyad,,,candidate,26.01.26.06,GEDEvent_v26_01_26_06.csv,ucdp_118,review,same_actor_on_both_sides,True
118,XXX436,1,613050,235,2026,2026-01-25 00:00:00.000,2026-01-25 00:00:00.000,1,436,Niger,Tillabéri region,Tillabéri department,13.794290,1.636220,2,3713,XXX436,3713,XXX436,false,Check dyad,,,candidate,26.01.26.06,GEDEvent_v26_01_26_06.csv,ucdp_118,review,same_actor_on_both_sides,True
118,XXX436,1,621225,235,2026,2026-02-02 00:00:00.000,2026-02-02 00:00:00.000,1,436,Niger,Tillabéri region,,14.333330,2.083330,4,3713,XXX436,3713,XXX436,false,Check dyad,,,candidate,26.01.26.06,GEDEvent_v26_01_26_06.csv,ucdp_118,review,same_actor_on_both_sides,True
118,XXX436,1,621227,235,2026,2026-02-07 00:00:00.000,2026-02-07 00:00:00.000,1,436,Niger,Dosso region,Dogondoutchi department,13.144600,3.877800,2,3713,XXX436,3713,XXX436,false,Check type of violence,,,candidate,26.01.26.06,GEDEvent_v26_01_26_06.csv,ucdp_118,review,same_actor_on_both_sides,True
118,XXX436,1,620419,235,2026,2026-02-09 00:00:00.000,2026-02-15 00:00:00.000,3,436,Niger,,,16.000000,8.000000,6,3713,XXX436,3713,XXX436,false,Check dyad,,,candidate,26.01.26.06,GEDEvent_v26_01_26_06.csv,ucdp_118,review,same_actor_on_both_sides,True
118,XXX436,1,620448,235,2026,2026-02-10 00:00:00.000,2026-02-10 00:00:00.000,1,436,Niger,Diffa region,Diffa department,13.882380,13.173330,2,3713,XXX436,3713,XXX436,false,Check dyad,,,candidate,26.01.26.06,GEDEvent_v26_01_26_06.csv,ucdp_118,review,same_actor_on_both_sides,True
118,XXX436,1,620466,235,2026,2026-02-27 00:00:00.000,2026-02-27 00:00:00.000,1,436,Niger,Dosso region,Loga department,13.524562,3.593060,2,3713,XXX436,3713,XXX436,false,Check dyad,,,candidate,26.01.26.06,GEDEvent_v26_01_26_06.csv,ucdp_118,review,same_actor_on_both_sides,True
118,XXX436,1,628278,235,2026,2026-04-01 00:00:00.000,2026-04-10 00:00:00.000,4,436,Niger,,,16.000000,8.000000,6,3713,XXX436,3713,XXX436,false,Check dyad,,,candidate,26.01.26.06,GEDEvent_v26_01_26_06.csv,ucdp_118,review,same_actor_on_both_sides,True
118,XXX436,1,628280,235,2026,2026-04-06 00:00:00.000,2026-04-06 00:00:00.000,1,436,Niger,,,16.000000,8.000000,6,3713,XXX436,3713,XXX436,false,Check dyad,,,candidate,26.01.26.06,GEDEvent_v26_01_26_06.csv,ucdp_118,review,same_actor_on_both_sides,True
118,XXX436,1,628281,235,2026,2026-04-07 00:00:00.000,2026-04-07 00:00:00.000,1,436,Niger,,,16.000000,8.000000,6,3713,XXX436,3713,XXX436,false,Check dyad,,,candidate,26.01.26.06,GEDEvent_v26_01_26_06.csv,ucdp_118,review,same_actor_on_both_sides,True
118,XXX436,1,628282,235,2026,2026-04-08 00:00:00.000,2026-04-08 00:00:00.000,1,436,Niger,,,16.000000,8.000000,6,3713,XXX436,3713,XXX436,false,Check dyad,,,candidate,26.01.26.06,GEDEvent_v26_01_26_06.csv,ucdp_118,review,same_actor_on_both_sides,True
118,XXX436,1,628277,235,2026,2026-04-09 00:00:00.000,2026-04-09 00:00:00.000,1,436,Niger,,,16.000000,8.000000,6,3713,XXX436,3713,XXX436,false,Check dyad,,,candidate,26.01.26.06,GEDEvent_v26_01_26_06.csv,ucdp_118,review,same_actor_on_both_sides,True
118,XXX436,1,628279,235,2026,2026-04-11 00:00:00.000,2026-04-11 00:00:00.000,1,436,Niger,,,16.000000,8.000000,6,3713,XXX436,3713,XXX436,false,Check dyad,,,candidate,26.01.26.06,GEDEvent_v26_01_26_06.csv,ucdp_118,review,same_actor_on_both_sides,True
118,XXX436,1,627828,235,2026,2026-04-18 00:00:00.000,2026-04-18 00:00:00.000,1,436,Niger,Tillabéri region,,14.333330,2.083330,4,3713,XXX436,3713,XXX436,false,Check dyad,,,candidate,26.01.26.06,GEDEvent_v26_01_26_06.csv,ucdp_118,review,same_actor_on_both_sides,True
118,XXX436,1,633251,235,2026,2026-06-19 00:00:00.000,2026-06-19 00:00:00.000,1,436,Niger,Agadez region,Bilma department,21.946966,13.646927,1,3713,XXX436,3713,XXX436,false,Check dyad,,,candidate,26.01.26.06,GEDEvent_v26_01_26_06.csv,ucdp_118,review,same_actor_on_both_sides,True
430,Niger: Government,1,620295,18220,2026,2026-02-10 00:00:00.000,2026-02-10 00:00:00.000,1,436,Niger,Diffa region,Nguigmi department,16.841574,13.285175,2,75,Government of Niger,9303,MPLJ,false,Check deaths,436,,candidate,26.01.26.06,GEDEvent_v26_01_26_06.csv,ucdp_430,review,unknown_actor,True
119,XXX475,1,610278,237,2026,2026-01-01 00:00:00.000,2026-01-02 00:00:00.000,2,475,Nigeria,Katsina state,Kafur lga,11.673760,7.689710,3,3714,XXX475,3714,XXX475,false,Check dyad,,,candidate,26.01.26.06,GEDEvent_v26_01_26_06.csv,ucdp_119,review,same_actor_on_both_sides,True
119,XXX475,1,609860,237,2026,2026-01-01 00:00:00.000,2026-01-01 00:00:00.000,1,475,Nigeria,Plateau state,Wase lga,9.082610,10.205190,3,3714,XXX475,3714,XXX475,false,Check dyad,,,candidate,26.01.26.06,GEDEvent_v26_01_26_06.csv,ucdp_119,review,same_actor_on_both_sides,True
119,XXX475,1,609868,237,2026,2026-01-04 00:00:00.000,2026-01-04 00:00:00.000,1,475,Nigeria,Zamfara state,Maru lga,11.600000,6.283333,3,3714,XXX475,3714,XXX475,false,Check dyad,,,candidate,26.01.26.06,GEDEvent_v26_01_26_06.csv,ucdp_119,review,same_actor_on_both_sides,True
119,XXX475,1,612494,237,2026,2026-01-05 00:00:00.000,2026-01-05 00:00:00.000,1,475,Nigeria,Niger state,Borgu lga,10.358612,4.128719,3,3714,XXX475,3714,XXX475,false,Check dyad,,,candidate,26.01.26.06,GEDEvent_v26_01_26_06.csv,ucdp_119,review,same_actor_on_both_sides,True
119,XXX475,1,613920,237,2026,2026-01-07 00:00:00.000,2026-01-07 00:00:00.000,1,475,Nigeria,Benue state,Ukum lga,7.629936,9.645133,3,3714,XXX475,3714,XXX475,false,Check dyad,,,candidate,26.01.26.06,GEDEvent_v26_01_26_06.csv,ucdp_119,review,same_actor_on_both_sides,True
119,XXX475,1,612508,237,2026,2026-01-08 00:00:00.000,2026-01-08 00:00:00.000,1,475,Nigeria,Plateau state,,9.166667,9.750000,4,3714,XXX475,3714,XXX475,false,Check dyad,,,candidate,26.01.26.06,GEDEvent_v26_01_26_06.csv,ucdp_119,review,same_actor_on_both_sides,True
119,XXX475,1,612548,237,2026,2026-01-11 00:00:00.000,2026-01-11 00:00:00.000,1,475,Nigeria,Benue state,Oturkpo lga,7.307360,8.074940,3,3714,XXX475,3714,XXX475,false,Check dyad,,,candidate,26.01.26.06,GEDEvent_v26_01_26_06.csv,ucdp_119,review,same_actor_on_both_sides,True
119,XXX475,1,614043,237,2026,2026-01-15 00:00:00.000,2026-01-15 00:00:00.000,1,475,Nigeria,Borno state,Monguno lga,12.637450,13.685600,1,3714,XXX475,3714,XXX475,false,Check dyad,,,candidate,26.01.26.06,GEDEvent_v26_01_26_06.csv,ucdp_119,review,same_actor_on_both_sides,True
119,XXX475,1,614054,237,2026,2026-01-17 00:00:00.000,2026-01-19 00:00:00.000,2,475,Nigeria,Zamfara state,,12.166670,6.250000,4,3714,XXX475,3714,XXX475,false,Check dyad,,,candidate,26.01.26.06,GEDEvent_v26_01_26_06.csv,ucdp_119,review,same_actor_on_both_sides,True
119,XXX475,1,614067,237,2026,2026-01-18 00:00:00.000,2026-01-21 00:00:00.000,2,475,Nigeria,Katsina state,Matazu lga,12.258994,7.617798,3,3714,XXX475,3714,XXX475,false,Check dyad,,,candidate,26.01.26.06,GEDEvent_v26_01_26_06.csv,ucdp_119,review,same_actor_on_both_sides,True
119,XXX475,1,614252,237,2026,2026-01-19 00:00:00.000,2026-01-21 00:00:00.000,2,475,Nigeria,Borno state,,11.500000,13.000000,4,3714,XXX475,3714,XXX475,false,Check dyad,,,candidate,26.01.26.06,GEDEvent_v26_01_26_06.csv,ucdp_119,review,same_actor_on_both_sides,True
119,XXX475,1,613099,237,2026,2026-01-19 00:00:00.000,2026-01-19 00:00:00.000,1,475,Nigeria,Zamfara state,,12.166670,6.250000,4,3714,XXX475,3714,XXX475,false,Check dyad,,,candidate,26.01.26.06,GEDEvent_v26_01_26_06.csv,ucdp_119,review,same_actor_on_both_sides,True
119,XXX475,1,612677,237,2026,2026-01-22 00:00:00.000,2026-01-25 00:00:00.000,2,475,Nigeria,Zamfara state,Maradun lga,12.777870,6.244960,3,3714,XXX475,3714,XXX475,false,Check dyad,,,candidate,26.01.26.06,GEDEvent_v26_01_26_06.csv,ucdp_119,review,same_actor_on_both_sides,True
119,XXX475,1,612597,237,2026,2026-01-22 00:00:00.000,2026-01-22 00:00:00.000,1,475,Nigeria,Benue state,Buruku lga,7.365340,9.260740,3,3714,XXX475,3714,XXX475,false,Check dyad,,,candidate,26.01.26.06,GEDEvent_v26_01_26_06.csv,ucdp_119,review,same_actor_on_both_sides,True
119,XXX475,1,614081,237,2026,2026-01-22 00:00:00.000,2026-01-22 00:00:00.000,1,475,Nigeria,Borno state,,11.500000,13.000000,4,3714,XXX475,3714,XXX475,false,Check dyad,,,candidate,26.01.26.06,GEDEvent_v26_01_26_06.csv,ucdp_119,review,same_actor_on_both_sides,True
119,XXX475,1,615206,237,2026,2026-01-23 00:00:00.000,2026-01-29 00:00:00.000,3,475,Nigeria,Kwara state,,8.500000,5.000000,4,3714,XXX475,3714,XXX475,false,Check dyad,,,candidate,26.01.26.06,GEDEvent_v26_01_26_06.csv,ucdp_119,review,same_actor_on_both_sides,True
119,XXX475,1,614470,237,2026,2026-01-25 00:00:00.000,2026-01-25 00:00:00.000,1,475,Nigeria,Niger state,Mariga lga,10.699170,5.840381,3,3714,XXX475,3714,XXX475,false,Check dyad,,,candidate,26.01.26.06,GEDEvent_v26_01_26_06.csv,ucdp_119,review,same_actor_on_both_sides,True
119,XXX475,1,612686,237,2026,2026-01-25 00:00:00.000,2026-01-25 00:00:00.000,1,475,Nigeria,Kaduna state,Jema'a lga,9.382690,8.268130,3,3714,XXX475,3714,XXX475,false,Check dyad,,,candidate,26.01.26.06,GEDEvent_v26_01_26_06.csv,ucdp_119,review,same_actor_on_both_sides,True
119,XXX475,1,614240,237,2026,2026-01-26 00:00:00.000,2026-01-26 00:00:00.000,1,475,Nigeria,Benue state,Gwer West lga,7.632110,8.216560,3,3714,XXX475,3714,XXX475,false,Check dyad,,,candidate,26.01.26.06,GEDEvent_v26_01_26_06.csv,ucdp_119,review,same_actor_on_both_sides,True
119,XXX475,1,615210,237,2026,2026-01-29 00:00:00.000,2026-01-29 00:00:00.000,1,475,Nigeria,Borno state,Gwoza lga,11.103593,13.712983,3,3714,XXX475,3714,XXX475,false,Check dyad,,,candidate,26.01.26.06,GEDEvent_v26_01_26_06.csv,ucdp_119,review,same_actor_on_both_sides,True
119,XXX475,1,612762,237,2026,2026-01-29 00:00:00.000,2026-01-29 00:00:00.000,1,475,Nigeria,Benue state,,7.333333,8.750000,4,3714,XXX475,3714,XXX475,false,Check dyad,,,candidate,26.01.26.06,GEDEvent_v26_01_26_06.csv,ucdp_119,review,same_actor_on_both_sides,True
119,XXX475,1,612752,237,2026,2026-01-30 00:00:00.000,2026-01-30 00:00:00.000,1,475,Nigeria,Borno state,,11.500000,13.000000,4,3714,XXX475,3714,XXX475,false,Check dyad,,,candidate,26.01.26.06,GEDEvent_v26_01_26_06.csv,ucdp_119,review,same_actor_on_both_sides,True
119,XXX475,1,612763,237,2026,2026-01-31 00:00:00.000,2026-01-31 00:00:00.000,1,475,Nigeria,Borno state,Konduga lga,11.586050,13.002780,3,3714,XXX475,3714,XXX475,false,Check dyad,,,candidate,26.01.26.06,GEDEvent_v26_01_26_06.csv,ucdp_119,review,same_actor_on_both_sides,True
119,XXX475,1,612773,237,2026,2026-01-31 00:00:00.000,2026-01-31 00:00:00.000,1,475,Nigeria,Katsina state,Funtua lga,11.471960,7.306990,3,3714,XXX475,3714,XXX475,false,Check dyad,,,candidate,26.01.26.06,GEDEvent_v26_01_26_06.csv,ucdp_119,review,same_actor_on_both_sides,True
119,XXX475,1,612782,237,2026,2026-02-01 00:00:00.000,2026-02-01 00:00:00.000,1,475,Nigeria,Katsina state,Sabuwa lga,11.321567,7.077542,3,3714,XXX475,3714,XXX475,false,Check dyad,,,candidate,26.01.26.06,GEDEvent_v26_01_26_06.csv,ucdp_119,review,same_actor_on_both_sides,True
119,XXX475,1,620856,237,2026,2026-02-07 00:00:00.000,2026-02-07 00:00:00.000,1,475,Nigeria,Niger state,,10.000000,6.000000,4,3714,XXX475,3714,XXX475,false,Check dyad,,,candidate,26.01.26.06,GEDEvent_v26_01_26_06.csv,ucdp_119,review,same_actor_on_both_sides,True
119,XXX475,1,620852,237,2026,2026-02-08 00:00:00.000,2026-02-08 00:00:00.000,1,475,Nigeria,Katsina state,Musawa lga,12.084690,7.688908,3,3714,XXX475,3714,XXX475,false,Check dyad,,,candidate,26.01.26.06,GEDEvent_v26_01_26_06.csv,ucdp_119,review,same_actor_on_both_sides,True
119,XXX475,1,620857,237,2026,2026-02-09 00:00:00.000,2026-02-09 00:00:00.000,1,475,Nigeria,Benue state,Katsina-Ala lga,7.289600,9.553300,3,3714,XXX475,3714,XXX475,false,Check incompatibility,,,candidate,26.01.26.06,GEDEvent_v26_01_26_06.csv,ucdp_119,review,same_actor_on_both_sides,True
119,XXX475,1,621333,237,2026,2026-02-09 00:00:00.000,2026-02-09 00:00:00.000,1,475,Nigeria,Benue state,Katsina-Ala lga,7.289600,9.553300,3,3714,XXX475,3714,XXX475,false,Check dyad,,,candidate,26.01.26.06,GEDEvent_v26_01_26_06.csv,ucdp_119,review,same_actor_on_both_sides,True
119,XXX475,1,620111,237,2026,2026-02-11 00:00:00.000,2026-02-11 00:00:00.000,1,475,Nigeria,Benue state,Apa lga,7.636554,7.977486,1,3714,XXX475,3714,XXX475,false,Check dyad,,,candidate,26.01.26.06,GEDEvent_v26_01_26_06.csv,ucdp_119,review,same_actor_on_both_sides,True
119,XXX475,1,621231,237,2026,2026-02-12 00:00:00.000,2026-02-12 00:00:00.000,1,475,Nigeria,Niger state,Katcha lga,9.150000,6.233330,3,3714,XXX475,3714,XXX475,false,Check dyad,,,candidate,26.01.26.06,GEDEvent_v26_01_26_06.csv,ucdp_119,review,same_actor_on_both_sides,True
119,XXX475,1,620114,237,2026,2026-02-13 00:00:00.000,2026-02-13 00:00:00.000,1,475,Nigeria,Katsina state,Rimi lga,12.839300,7.693180,3,3714,XXX475,3714,XXX475,false,Check dyad,,,candidate,26.01.26.06,GEDEvent_v26_01_26_06.csv,ucdp_119,review,same_actor_on_both_sides,True
119,XXX475,1,620115,237,2026,2026-02-13 00:00:00.000,2026-02-13 00:00:00.000,1,475,Nigeria,Benue state,Logo lga,7.507000,9.348040,1,3714,XXX475,3714,XXX475,false,Check dyad,,,candidate,26.01.26.06,GEDEvent_v26_01_26_06.csv,ucdp_119,review,same_actor_on_both_sides,True
119,XXX475,1,620127,237,2026,2026-02-16 00:00:00.000,2026-02-19 00:00:00.000,2,475,Nigeria,Niger state,,10.000000,6.000000,4,3714,XXX475,3714,XXX475,false,Check dyad,,,candidate,26.01.26.06,GEDEvent_v26_01_26_06.csv,ucdp_119,review,same_actor_on_both_sides,True
119,XXX475,1,620123,237,2026,2026-02-17 00:00:00.000,2026-02-17 00:00:00.000,1,475,Nigeria,Katsina state,Dandume lga,11.412817,7.190437,3,3714,XXX475,3714,XXX475,false,Check dyad,,,candidate,26.01.26.06,GEDEvent_v26_01_26_06.csv,ucdp_119,review,same_actor_on_both_sides,True
119,XXX475,1,620157,237,2026,2026-02-20 00:00:00.000,2026-02-20 00:00:00.000,1,475,Nigeria,Borno state,,11.500000,13.000000,4,3714,XXX475,3714,XXX475,false,Check dyad,,,candidate,26.01.26.06,GEDEvent_v26_01_26_06.csv,ucdp_119,review,same_actor_on_both_sides,True
119,XXX475,1,620191,237,2026,2026-02-22 00:00:00.000,2026-02-22 00:00:00.000,1,475,Nigeria,Benue state,Apa lga,7.608969,7.931000,3,3714,XXX475,3714,XXX475,false,Check dyad,,,candidate,26.01.26.06,GEDEvent_v26_01_26_06.csv,ucdp_119,review,same_actor_on_both_sides,True
119,XXX475,1,620190,237,2026,2026-02-23 00:00:00.000,2026-02-23 00:00:00.000,1,475,Nigeria,Zamfara state,Maradun lga,12.777870,6.244960,3,3714,XXX475,3714,XXX475,false,Check dyad,,,candidate,26.01.26.06,GEDEvent_v26_01_26_06.csv,ucdp_119,review,same_actor_on_both_sides,True
119,XXX475,1,620246,237,2026,2026-02-24 00:00:00.000,2026-02-24 00:00:00.000,1,475,Nigeria,Borno state,Gwoza lga,11.103593,13.712983,3,3714,XXX475,3714,XXX475,false,Check dyad,,,candidate,26.01.26.06,GEDEvent_v26_01_26_06.csv,ucdp_119,review,same_actor_on_both_sides,True
119,XXX475,1,620240,237,2026,2026-02-25 00:00:00.000,2026-02-25 00:00:00.000,1,475,Nigeria,Zamfara state,Tsafe lga,11.882510,6.894700,3,3714,XXX475,3714,XXX475,false,Check dyad,,,candidate,26.01.26.06,GEDEvent_v26_01_26_06.csv,ucdp_119,review,same_actor_on_both_sides,True
119,XXX475,1,620244,237,2026,2026-02-25 00:00:00.000,2026-02-25 00:00:00.000,1,475,Nigeria,Borno state,Konduga lga,11.586050,13.002780,3,3714,XXX475,3714,XXX475,false,Check dyad,,,candidate,26.01.26.06,GEDEvent_v26_01_26_06.csv,ucdp_119,review,same_actor_on_both_sides,True
119,XXX475,1,621432,237,2026,2026-02-27 00:00:00.000,2026-03-02 00:00:00.000,2,475,Nigeria,Benue state,,7.333333,8.750000,4,3714,XXX475,3714,XXX475,false,Check dyad,,,candidate,26.01.26.06,GEDEvent_v26_01_26_06.csv,ucdp_119,review,same_actor_on_both_sides,True
119,XXX475,1,621439,237,2026,2026-03-03 00:00:00.000,2026-03-04 00:00:00.000,2,475,Nigeria,Borno state,Gwoza lga,11.226071,13.783778,1,3714,XXX475,3714,XXX475,false,Check dyad,,,candidate,26.01.26.06,GEDEvent_v26_01_26_06.csv,ucdp_119,review,same_actor_on_both_sides,True
119,XXX475,1,621441,237,2026,2026-03-05 00:00:00.000,2026-03-05 00:00:00.000,1,475,Nigeria,Kebbi state,Bagudo lga,11.330676,3.907953,3,3714,XXX475,3714,XXX475,false,Check dyad,,,candidate,26.01.26.06,GEDEvent_v26_01_26_06.csv,ucdp_119,review,same_actor_on_both_sides,True
119,XXX475,1,622893,237,2026,2026-03-06 00:00:00.000,2026-03-09 00:00:00.000,2,475,Nigeria,Sokoto state,Tangaza lga,13.496872,4.962863,3,3714,XXX475,3714,XXX475,false,Check dyad,,,candidate,26.01.26.06,GEDEvent_v26_01_26_06.csv,ucdp_119,review,same_actor_on_both_sides,True
119,XXX475,1,622887,237,2026,2026-03-07 00:00:00.000,2026-03-07 00:00:00.000,1,475,Nigeria,Benue state,Katsina-Ala lga,7.289600,9.553300,3,3714,XXX475,3714,XXX475,false,Check dyad,,,candidate,26.01.26.06,GEDEvent_v26_01_26_06.csv,ucdp_119,review,same_actor_on_both_sides,True
119,XXX475,1,622841,237,2026,2026-03-07 00:00:00.000,2026-03-07 00:00:00.000,1,475,Nigeria,Katsina state,Kankara lga,11.973840,7.362660,3,3714,XXX475,3714,XXX475,false,Check dyad,,,candidate,26.01.26.06,GEDEvent_v26_01_26_06.csv,ucdp_119,review,same_actor_on_both_sides,True
119,XXX475,1,622845,237,2026,2026-03-08 00:00:00.000,2026-03-08 00:00:00.000,1,475,Nigeria,Borno state,,11.250000,13.416667,5,3714,XXX475,3714,XXX475,false,Check dyad,,,candidate,26.01.26.06,GEDEvent_v26_01_26_06.csv,ucdp_119,review,same_actor_on_both_sides,True
119,XXX475,1,622897,237,2026,2026-03-09 00:00:00.000,2026-03-09 00:00:00.000,1,475,Nigeria,Benue state,Katsina-Ala lga,7.289600,9.553300,3,3714,XXX475,3714,XXX475,false,Check dyad,,,candidate,26.01.26.06,GEDEvent_v26_01_26_06.csv,ucdp_119,review,same_actor_on_both_sides,True
119,XXX475,1,625272,237,2026,2026-03-10 00:00:00.000,2026-03-13 00:00:00.000,2,475,Nigeria,Kwara state,Edu lga,8.891807,5.210115,3,3714,XXX475,3714,XXX475,false,Check dyad,,,candidate,26.01.26.06,GEDEvent_v26_01_26_06.csv,ucdp_119,review,same_actor_on_both_sides,True
119,XXX475,1,625336,237,2026,2026-03-11 00:00:00.000,2026-03-11 00:00:00.000,1,475,Nigeria,Borno state,,11.250000,13.416667,5,3714,XXX475,3714,XXX475,false,Check dyad,,,candidate,26.01.26.06,GEDEvent_v26_01_26_06.csv,ucdp_119,review,same_actor_on_both_sides,True
119,XXX475,1,623248,237,2026,2026-03-12 00:00:00.000,2026-03-15 00:00:00.000,2,475,Nigeria,,,10.000000,8.000000,6,3714,XXX475,3714,XXX475,false,Check dyad,,,candidate,26.01.26.06,GEDEvent_v26_01_26_06.csv,ucdp_119,review,same_actor_on_both_sides,True
119,XXX475,1,625453,237,2026,2026-03-13 00:00:00.000,2026-03-19 00:00:00.000,3,475,Nigeria,Zamfara state,Shinkafi lga,13.037615,6.511988,3,3714,XXX475,3714,XXX475,false,Check dyad,,,candidate,26.01.26.06,GEDEvent_v26_01_26_06.csv,ucdp_119,review,same_actor_on_both_sides,True
119,XXX475,1,622911,237,2026,2026-03-13 00:00:00.000,2026-03-13 00:00:00.000,1,475,Nigeria,Zamfara state,Shinkafi lga,13.037615,6.511988,3,3714,XXX475,3714,XXX475,false,Check dyad,,,candidate,26.01.26.06,GEDEvent_v26_01_26_06.csv,ucdp_119,review,same_actor_on_both_sides,True
119,XXX475,1,622915,237,2026,2026-03-14 00:00:00.000,2026-03-14 00:00:00.000,1,475,Nigeria,Yobe state,Yunusari lga,13.099690,12.107900,1,3714,XXX475,3714,XXX475,false,Check type of violence,,,candidate,26.01.26.06,GEDEvent_v26_01_26_06.csv,ucdp_119,review,same_actor_on_both_sides,True
119,XXX475,1,625076,237,2026,2026-03-15 00:00:00.000,2026-03-15 00:00:00.000,1,475,Nigeria,Borno state,Jere lga,11.899120,13.291550,3,3714,XXX475,3714,XXX475,false,Check dyad,,,candidate,26.01.26.06,GEDEvent_v26_01_26_06.csv,ucdp_119,review,same_actor_on_both_sides,True
119,XXX475,1,622969,237,2026,2026-03-19 00:00:00.000,2026-03-19 00:00:00.000,1,475,Nigeria,Benue state,Makurdi lga,7.741100,8.512100,1,3714,XXX475,3714,XXX475,false,Check dyad,,,candidate,26.01.26.06,GEDEvent_v26_01_26_06.csv,ucdp_119,review,same_actor_on_both_sides,True
119,XXX475,1,623000,237,2026,2026-03-20 00:00:00.000,2026-03-20 00:00:00.000,1,475,Nigeria,Borno state,,11.250000,13.416667,5,3714,XXX475,3714,XXX475,false,Check dyad,,,candidate,26.01.26.06,GEDEvent_v26_01_26_06.csv,ucdp_119,review,same_actor_on_both_sides,True
119,XXX475,1,623021,237,2026,2026-03-20 00:00:00.000,2026-03-23 00:00:00.000,2,475,Nigeria,Borno state,Gwoza lga,11.082700,13.768600,1,3714,XXX475,3714,XXX475,false,Check dyad,,,candidate,26.01.26.06,GEDEvent_v26_01_26_06.csv,ucdp_119,review,same_actor_on_both_sides,True
119,XXX475,1,631869,237,2026,2026-03-20 00:00:00.000,2026-03-31 00:00:00.000,4,475,Nigeria,Zamfara state,Maradun lga,12.777870,6.244960,3,3714,XXX475,3714,XXX475,false,Check dyad,,,candidate,26.01.26.06,GEDEvent_v26_01_26_06.csv,ucdp_119,review,same_actor_on_both_sides,True
119,XXX475,1,623543,237,2026,2026-03-23 00:00:00.000,2026-03-23 00:00:00.000,1,475,Nigeria,Sokoto state,Tangaza lga,13.496872,4.962863,3,3714,XXX475,3714,XXX475,false,Check dyad,,,candidate,26.01.26.06,GEDEvent_v26_01_26_06.csv,ucdp_119,review,same_actor_on_both_sides,True
119,XXX475,1,623544,237,2026,2026-03-23 00:00:00.000,2026-03-23 00:00:00.000,1,475,Nigeria,Sokoto state,Tangaza lga,13.496872,4.962863,3,3714,XXX475,3714,XXX475,false,Check dyad,,,candidate,26.01.26.06,GEDEvent_v26_01_26_06.csv,ucdp_119,review,same_actor_on_both_sides,True
119,XXX475,1,623549,237,2026,2026-03-23 00:00:00.000,2026-03-23 00:00:00.000,1,475,Nigeria,Kogi state,Kabba Bunu lga,8.123768,6.155444,3,3714,XXX475,3714,XXX475,false,Check dyad,,,candidate,26.01.26.06,GEDEvent_v26_01_26_06.csv,ucdp_119,review,same_actor_on_both_sides,True
119,XXX475,1,623547,237,2026,2026-03-23 00:00:00.000,2026-03-23 00:00:00.000,1,475,Nigeria,Benue state,Gwer West lga,7.632110,8.216560,3,3714,XXX475,3714,XXX475,false,Check dyad,,,candidate,26.01.26.06,GEDEvent_v26_01_26_06.csv,ucdp_119,review,same_actor_on_both_sides,True
119,XXX475,1,625570,237,2026,2026-03-23 00:00:00.000,2026-03-23 00:00:00.000,1,475,Nigeria,Niger state,Borgu lga,10.358612,4.128719,3,3714,XXX475,3714,XXX475,false,Check dyad,,,candidate,26.01.26.06,GEDEvent_v26_01_26_06.csv,ucdp_119,review,same_actor_on_both_sides,True
119,XXX475,1,625603,237,2026,2026-03-24 00:00:00.000,2026-03-24 00:00:00.000,1,475,Nigeria,Kwara state,Ifelodun lga,8.559710,5.010720,3,3714,XXX475,3714,XXX475,false,Check dyad,,,candidate,26.01.26.06,GEDEvent_v26_01_26_06.csv,ucdp_119,review,same_actor_on_both_sides,True
119,XXX475,1,623571,237,2026,2026-03-24 00:00:00.000,2026-03-24 00:00:00.000,1,475,Nigeria,Kogi state,Lokoja lga,8.204880,6.563050,3,3714,XXX475,3714,XXX475,false,Check dyad,,,candidate,26.01.26.06,GEDEvent_v26_01_26_06.csv,ucdp_119,review,same_actor_on_both_sides,True
119,XXX475,1,623585,237,2026,2026-03-27 00:00:00.000,2026-03-27 00:00:00.000,1,475,Nigeria,Benue state,Kwande lga,6.800990,9.470210,3,3714,XXX475,3714,XXX475,false,Check dyad,,,candidate,26.01.26.06,GEDEvent_v26_01_26_06.csv,ucdp_119,review,same_actor_on_both_sides,True
119,XXX475,1,623587,237,2026,2026-03-28 00:00:00.000,2026-03-28 00:00:00.000,1,475,Nigeria,Benue state,Apa lga,7.608969,7.931000,3,3714,XXX475,3714,XXX475,false,Check dyad,,,candidate,26.01.26.06,GEDEvent_v26_01_26_06.csv,ucdp_119,review,same_actor_on_both_sides,True
119,XXX475,1,628626,237,2026,2026-03-28 00:00:00.000,2026-03-28 00:00:00.000,1,475,Nigeria,Borno state,Gwoza lga,11.175034,13.793771,2,3714,XXX475,3714,XXX475,false,Check dyad,,,candidate,26.01.26.06,GEDEvent_v26_01_26_06.csv,ucdp_119,review,same_actor_on_both_sides,True
119,XXX475,1,624608,237,2026,2026-03-30 00:00:00.000,2026-03-30 00:00:00.000,1,475,Nigeria,Kebbi state,Wasagu/Danko lga,11.505398,5.589948,3,3714,XXX475,3714,XXX475,false,Check dyad,,,candidate,26.01.26.06,GEDEvent_v26_01_26_06.csv,ucdp_119,review,same_actor_on_both_sides,True
119,XXX475,1,624613,237,2026,2026-04-01 00:00:00.000,2026-04-01 00:00:00.000,1,475,Nigeria,Borno state,Bama lga,11.520590,14.096610,3,3714,XXX475,3714,XXX475,false,Check dyad,,,candidate,26.01.26.06,GEDEvent_v26_01_26_06.csv,ucdp_119,review,same_actor_on_both_sides,True
119,XXX475,1,629163,237,2026,2026-04-01 00:00:00.000,2026-04-30 00:00:00.000,4,475,Nigeria,Nasarawa state,,8.500000,8.250000,4,3714,XXX475,3714,XXX475,false,Check dyad,,,candidate,26.01.26.06,GEDEvent_v26_01_26_06.csv,ucdp_119,review,same_actor_on_both_sides,True
119,XXX475,1,629158,237,2026,2026-04-01 00:00:00.000,2026-04-30 00:00:00.000,4,475,Nigeria,Benue state,,7.333333,8.750000,4,3714,XXX475,3714,XXX475,false,Check dyad,,,candidate,26.01.26.06,GEDEvent_v26_01_26_06.csv,ucdp_119,review,same_actor_on_both_sides,True
119,XXX475,1,628481,237,2026,2026-04-02 00:00:00.000,2026-04-02 00:00:00.000,1,475,Nigeria,Kwara state,Pategi lga,8.730000,5.750000,3,3714,XXX475,3714,XXX475,false,Check dyad,,,candidate,26.01.26.06,GEDEvent_v26_01_26_06.csv,ucdp_119,review,same_actor_on_both_sides,True
119,XXX475,1,624632,237,2026,2026-04-02 00:00:00.000,2026-04-02 00:00:00.000,1,475,Nigeria,Plateau state,Wase lga,9.082610,10.205190,3,3714,XXX475,3714,XXX475,false,Check dyad,,,candidate,26.01.26.06,GEDEvent_v26_01_26_06.csv,ucdp_119,review,same_actor_on_both_sides,True
119,XXX475,1,624637,237,2026,2026-04-02 00:00:00.000,2026-04-02 00:00:00.000,1,475,Nigeria,Borno state,Konduga lga,11.586050,13.002780,3,3714,XXX475,3714,XXX475,false,Check dyad,,,candidate,26.01.26.06,GEDEvent_v26_01_26_06.csv,ucdp_119,review,same_actor_on_both_sides,True
119,XXX475,1,624670,237,2026,2026-04-04 00:00:00.000,2026-04-04 00:00:00.000,1,475,Nigeria,Plateau state,Wase lga,9.082610,10.205190,3,3714,XXX475,3714,XXX475,false,Check dyad,,,candidate,26.01.26.06,GEDEvent_v26_01_26_06.csv,ucdp_119,review,same_actor_on_both_sides,True
119,XXX475,1,624681,237,2026,2026-04-05 00:00:00.000,2026-04-05 00:00:00.000,1,475,Nigeria,Plateau state,Qua'an Pan lga,8.760780,9.161420,3,3714,XXX475,3714,XXX475,false,Check dyad,,,candidate,26.01.26.06,GEDEvent_v26_01_26_06.csv,ucdp_119,review,same_actor_on_both_sides,True
119,XXX475,1,628504,237,2026,2026-04-05 00:00:00.000,2026-04-05 00:00:00.000,1,475,Nigeria,Katsina state,Matazu lga,12.258994,7.617798,3,3714,XXX475,3714,XXX475,false,Check dyad,,,candidate,26.01.26.06,GEDEvent_v26_01_26_06.csv,ucdp_119,review,same_actor_on_both_sides,True
119,XXX475,1,626929,237,2026,2026-04-05 00:00:00.000,2026-04-05 00:00:00.000,1,475,Nigeria,Zamfara state,Kaura-Namoda lga,12.561955,6.576168,3,3714,XXX475,3714,XXX475,false,Check dyad,,,candidate,26.01.26.06,GEDEvent_v26_01_26_06.csv,ucdp_119,review,same_actor_on_both_sides,True
119,XXX475,1,626941,237,2026,2026-04-06 00:00:00.000,2026-04-06 00:00:00.000,1,475,Nigeria,Borno state,Gwoza lga,11.103593,13.712983,3,3714,XXX475,3714,XXX475,false,Check dyad,,,candidate,26.01.26.06,GEDEvent_v26_01_26_06.csv,ucdp_119,review,same_actor_on_both_sides,True
119,XXX475,1,626958,237,2026,2026-04-06 00:00:00.000,2026-04-06 00:00:00.000,1,475,Nigeria,Zamfara state,Tsafe lga,11.882510,6.894700,3,3714,XXX475,3714,XXX475,false,Check dyad,,,candidate,26.01.26.06,GEDEvent_v26_01_26_06.csv,ucdp_119,review,same_actor_on_both_sides,True
119,XXX475,1,626968,237,2026,2026-04-07 00:00:00.000,2026-04-07 00:00:00.000,1,475,Nigeria,Niger state,Shiroro lga,10.115430,6.683070,3,3714,XXX475,3714,XXX475,false,Check dyad,,,candidate,26.01.26.06,GEDEvent_v26_01_26_06.csv,ucdp_119,review,same_actor_on_both_sides,True
119,XXX475,1,626985,237,2026,2026-04-07 00:00:00.000,2026-04-07 00:00:00.000,1,475,Nigeria,Katsina state,Musawa lga,12.084690,7.688908,3,3714,XXX475,3714,XXX475,false,Check dyad,,,candidate,26.01.26.06,GEDEvent_v26_01_26_06.csv,ucdp_119,review,same_actor_on_both_sides,True
119,XXX475,1,628703,237,2026,2026-04-07 00:00:00.000,2026-04-07 00:00:00.000,1,475,Nigeria,Zamfara state,Bungudu lga,12.188684,6.489373,3,3714,XXX475,3714,XXX475,false,Check dyad,,,candidate,26.01.26.06,GEDEvent_v26_01_26_06.csv,ucdp_119,review,same_actor_on_both_sides,True
119,XXX475,1,627003,237,2026,2026-04-08 00:00:00.000,2026-04-08 00:00:00.000,1,475,Nigeria,Zamfara state,Shinkafi lga,13.037615,6.511988,3,3714,XXX475,3714,XXX475,false,Check dyad,,,candidate,26.01.26.06,GEDEvent_v26_01_26_06.csv,ucdp_119,review,same_actor_on_both_sides,True
119,XXX475,1,627007,237,2026,2026-04-08 00:00:00.000,2026-04-08 00:00:00.000,1,475,Nigeria,Kano state,,11.500000,8.500000,4,3714,XXX475,3714,XXX475,false,Check dyad,,,candidate,26.01.26.06,GEDEvent_v26_01_26_06.csv,ucdp_119,review,same_actor_on_both_sides,True
119,XXX475,1,627016,237,2026,2026-04-09 00:00:00.000,2026-04-09 00:00:00.000,1,475,Nigeria,Plateau state,,9.166667,9.750000,4,3714,XXX475,3714,XXX475,false,Check dyad,,,candidate,26.01.26.06,GEDEvent_v26_01_26_06.csv,ucdp_119,review,same_actor_on_both_sides,True
119,XXX475,1,627928,237,2026,2026-04-10 00:00:00.000,2026-04-14 00:00:00.000,2,475,Nigeria,Kebbi state,Shanga lga,11.211654,4.609506,3,3714,XXX475,3714,XXX475,false,Check dyad,,,candidate,26.01.26.06,GEDEvent_v26_01_26_06.csv,ucdp_119,review,same_actor_on_both_sides,True
119,XXX475,1,627202,237,2026,2026-04-11 00:00:00.000,2026-04-11 00:00:00.000,1,475,Nigeria,Borno state,Bama lga,11.461269,13.818763,2,3714,XXX475,3714,XXX475,false,Check dyad,,,candidate,26.01.26.06,GEDEvent_v26_01_26_06.csv,ucdp_119,review,same_actor_on_both_sides,True
119,XXX475,1,627279,237,2026,2026-04-13 00:00:00.000,2026-04-13 00:00:00.000,1,475,Nigeria,Borno state,Bama lga,11.520590,14.096610,3,3714,XXX475,3714,XXX475,false,Check dyad,,,candidate,26.01.26.06,GEDEvent_v26_01_26_06.csv,ucdp_119,review,same_actor_on_both_sides,True
119,XXX475,1,627232,237,2026,2026-04-13 00:00:00.000,2026-04-13 00:00:00.000,1,475,Nigeria,Bauchi state,,10.500000,10.000000,4,3714,XXX475,3714,XXX475,false,Check dyad,,,candidate,26.01.26.06,GEDEvent_v26_01_26_06.csv,ucdp_119,review,same_actor_on_both_sides,True
119,XXX475,1,627359,237,2026,2026-04-13 00:00:00.000,2026-04-13 00:00:00.000,1,475,Nigeria,Borno state,,11.500000,13.000000,4,3714,XXX475,3714,XXX475,false,Check dyad,,,candidate,26.01.26.06,GEDEvent_v26_01_26_06.csv,ucdp_119,review,same_actor_on_both_sides,True
119,XXX475,1,628980,237,2026,2026-04-20 00:00:00.000,2026-04-20 00:00:00.000,1,475,Nigeria,Kwara state,Kaiama lga,9.436617,4.166990,3,3714,XXX475,3714,XXX475,false,Check dyad,,,candidate,26.01.26.06,GEDEvent_v26_01_26_06.csv,ucdp_119,review,same_actor_on_both_sides,True
119,XXX475,1,627472,237,2026,2026-04-21 00:00:00.000,2026-04-21 00:00:00.000,1,475,Nigeria,Plateau state,Barkin Ladi lga,9.549690,8.934400,3,3714,XXX475,3714,XXX475,false,Check dyad,,,candidate,26.01.26.06,GEDEvent_v26_01_26_06.csv,ucdp_119,review,same_actor_on_both_sides,True
119,XXX475,1,627475,237,2026,2026-04-22 00:00:00.000,2026-04-22 00:00:00.000,1,475,Nigeria,Borno state,Konduga lga,11.433940,13.370880,1,3714,XXX475,3714,XXX475,false,Check dyad,,,candidate,26.01.26.06,GEDEvent_v26_01_26_06.csv,ucdp_119,review,same_actor_on_both_sides,True
119,XXX475,1,629040,237,2026,2026-04-22 00:00:00.000,2026-04-22 00:00:00.000,1,475,Nigeria,Kaduna state,Jema'a lga,9.382690,8.268130,3,3714,XXX475,3714,XXX475,false,Check dyad,,,candidate,26.01.26.06,GEDEvent_v26_01_26_06.csv,ucdp_119,review,same_actor_on_both_sides,True
119,XXX475,1,629094,237,2026,2026-04-23 00:00:00.000,2026-04-23 00:00:00.000,1,475,Nigeria,Zamfara state,Maradun lga,12.777870,6.244960,3,3714,XXX475,3714,XXX475,false,Check dyad,,,candidate,26.01.26.06,GEDEvent_v26_01_26_06.csv,ucdp_119,review,same_actor_on_both_sides,True
119,XXX475,1,627484,237,2026,2026-04-23 00:00:00.000,2026-04-23 00:00:00.000,1,475,Nigeria,Sokoto state,Wurno lga,13.256806,5.486486,3,3714,XXX475,3714,XXX475,false,Check dyad,,,candidate,26.01.26.06,GEDEvent_v26_01_26_06.csv,ucdp_119,review,same_actor_on_both_sides,True
119,XXX475,1,627485,237,2026,2026-04-25 00:00:00.000,2026-04-25 00:00:00.000,1,475,Nigeria,Adamawa state,Madagali lga,10.873699,13.539221,2,3714,XXX475,3714,XXX475,false,Check dyad,,,candidate,26.01.26.06,GEDEvent_v26_01_26_06.csv,ucdp_119,review,same_actor_on_both_sides,True
119,XXX475,1,627772,237,2026,2026-04-26 00:00:00.000,2026-04-26 00:00:00.000,1,475,Nigeria,Kwara state,Pategi lga,8.730000,5.750000,3,3714,XXX475,3714,XXX475,false,Check dyad,,,candidate,26.01.26.06,GEDEvent_v26_01_26_06.csv,ucdp_119,review,same_actor_on_both_sides,True
119,XXX475,1,627776,237,2026,2026-04-26 00:00:00.000,2026-04-26 00:00:00.000,1,475,Nigeria,Zamfara state,Tsafe lga,11.958385,6.918344,1,3714,XXX475,3714,XXX475,false,Check dyad,,,candidate,26.01.26.06,GEDEvent_v26_01_26_06.csv,ucdp_119,review,same_actor_on_both_sides,True
119,XXX475,1,627777,237,2026,2026-04-27 00:00:00.000,2026-04-27 00:00:00.000,1,475,Nigeria,Zamfara state,Tsafe lga,11.882510,6.894700,3,3714,XXX475,3714,XXX475,false,Check dyad,,,candidate,26.01.26.06,GEDEvent_v26_01_26_06.csv,ucdp_119,review,same_actor_on_both_sides,True
119,XXX475,1,627857,237,2026,2026-04-28 00:00:00.000,2026-04-28 00:00:00.000,1,475,Nigeria,Katsina state,Bakori lga,11.639836,7.428764,3,3714,XXX475,3714,XXX475,false,Check dyad,,,candidate,26.01.26.06,GEDEvent_v26_01_26_06.csv,ucdp_119,review,same_actor_on_both_sides,True
119,XXX475,1,627861,237,2026,2026-04-29 00:00:00.000,2026-04-29 00:00:00.000,1,475,Nigeria,Zamfara state,Gusau lga,11.875554,6.619844,3,3714,XXX475,3714,XXX475,false,Check dyad,,,candidate,26.01.26.06,GEDEvent_v26_01_26_06.csv,ucdp_119,review,same_actor_on_both_sides,True
119,XXX475,1,629157,237,2026,2026-04-29 00:00:00.000,2026-04-29 00:00:00.000,1,475,Nigeria,Borno state,,11.500000,13.000000,4,3714,XXX475,3714,XXX475,false,Check dyad,,,candidate,26.01.26.06,GEDEvent_v26_01_26_06.csv,ucdp_119,review,same_actor_on_both_sides,True
119,XXX475,1,627876,237,2026,2026-04-30 00:00:00.000,2026-04-30 00:00:00.000,1,475,Nigeria,Katsina state,Kankara lga,11.973840,7.362660,3,3714,XXX475,3714,XXX475,false,Check dyad,,,candidate,26.01.26.06,GEDEvent_v26_01_26_06.csv,ucdp_119,review,same_actor_on_both_sides,True
119,XXX475,1,627880,237,2026,2026-04-30 00:00:00.000,2026-04-30 00:00:00.000,1,475,Nigeria,Kwara state,Ifelodun lga,8.559710,5.010720,3,3714,XXX475,3714,XXX475,false,Check dyad,,,candidate,26.01.26.06,GEDEvent_v26_01_26_06.csv,ucdp_119,review,same_actor_on_both_sides,True
119,XXX475,1,627887,237,2026,2026-04-30 00:00:00.000,2026-04-30 00:00:00.000,1,475,Nigeria,Zamfara state,Talata Mafara lga,12.383520,6.054470,3,3714,XXX475,3714,XXX475,false,Check dyad,,,candidate,26.01.26.06,GEDEvent_v26_01_26_06.csv,ucdp_119,review,same_actor_on_both_sides,True
119,XXX475,1,627874,237,2026,2026-04-30 00:00:00.000,2026-04-30 00:00:00.000,1,475,Nigeria,Borno state,,11.250000,13.416667,5,3714,XXX475,3714,XXX475,false,Check dyad,,,candidate,26.01.26.06,GEDEvent_v26_01_26_06.csv,ucdp_119,review,same_actor_on_both_sides,True
119,XXX475,1,627885,237,2026,2026-05-01 00:00:00.000,2026-05-01 00:00:00.000,1,475,Nigeria,Katsina state,Dandume lga,11.412817,7.190437,3,3714,XXX475,3714,XXX475,false,Check dyad,,,candidate,26.01.26.06,GEDEvent_v26_01_26_06.csv,ucdp_119,review,same_actor_on_both_sides,True
119,XXX475,1,631261,237,2026,2026-05-01 00:00:00.000,2026-05-01 00:00:00.000,1,475,Nigeria,Zamfara state,Kaura-Namoda lga,12.561955,6.576168,3,3714,XXX475,3714,XXX475,false,Check dyad,,,candidate,26.01.26.06,GEDEvent_v26_01_26_06.csv,ucdp_119,review,same_actor_on_both_sides,True
119,XXX475,1,627891,237,2026,2026-05-02 00:00:00.000,2026-05-03 00:00:00.000,2,475,Nigeria,Katsina state,Dutsin-Ma lga,12.454111,7.522408,3,3714,XXX475,3714,XXX475,false,Check dyad,,,candidate,26.01.26.06,GEDEvent_v26_01_26_06.csv,ucdp_119,review,same_actor_on_both_sides,True
119,XXX475,1,627894,237,2026,2026-05-02 00:00:00.000,2026-05-02 00:00:00.000,1,475,Nigeria,Kwara state,Kaiama lga,9.660350,3.963330,1,3714,XXX475,3714,XXX475,false,Check dyad,,,candidate,26.01.26.06,GEDEvent_v26_01_26_06.csv,ucdp_119,review,same_actor_on_both_sides,True
119,XXX475,1,631486,237,2026,2026-05-02 00:00:00.000,2026-05-08 00:00:00.000,3,475,Nigeria,Zamfara state,,12.166670,6.250000,4,3714,XXX475,3714,XXX475,false,Check dyad,,,candidate,26.01.26.06,GEDEvent_v26_01_26_06.csv,ucdp_119,review,same_actor_on_both_sides,True
119,XXX475,1,627902,237,2026,2026-05-03 00:00:00.000,2026-05-03 00:00:00.000,1,475,Nigeria,Zamfara state,Anka lga,11.859590,5.997160,2,3714,XXX475,3714,XXX475,false,Check dyad,,,candidate,26.01.26.06,GEDEvent_v26_01_26_06.csv,ucdp_119,review,same_actor_on_both_sides,True
119,XXX475,1,631471,237,2026,2026-05-04 00:00:00.000,2026-05-04 00:00:00.000,1,475,Nigeria,Kebbi state,Wasagu/Danko lga,11.505398,5.589948,3,3714,XXX475,3714,XXX475,false,Check dyad,,,candidate,26.01.26.06,GEDEvent_v26_01_26_06.csv,ucdp_119,review,same_actor_on_both_sides,True
119,XXX475,1,628256,237,2026,2026-05-04 00:00:00.000,2026-05-04 00:00:00.000,1,475,Nigeria,Zamfara state,Shinkafi lga,13.037615,6.511988,3,3714,XXX475,3714,XXX475,false,Check dyad,,,candidate,26.01.26.06,GEDEvent_v26_01_26_06.csv,ucdp_119,review,same_actor_on_both_sides,True
119,XXX475,1,628227,237,2026,2026-05-04 00:00:00.000,2026-05-04 00:00:00.000,1,475,Nigeria,Zamfara state,Maradun lga,12.777870,6.244960,3,3714,XXX475,3714,XXX475,false,Check dyad,,,candidate,26.01.26.06,GEDEvent_v26_01_26_06.csv,ucdp_119,review,same_actor_on_both_sides,True
119,XXX475,1,630647,237,2026,2026-05-06 00:00:00.000,2026-05-09 00:00:00.000,2,475,Nigeria,Plateau state,Mangu lga,9.390520,9.179680,3,3714,XXX475,3714,XXX475,false,Check dyad,,,candidate,26.01.26.06,GEDEvent_v26_01_26_06.csv,ucdp_119,review,same_actor_on_both_sides,True
119,XXX475,1,631485,237,2026,2026-05-07 00:00:00.000,2026-05-07 00:00:00.000,1,475,Nigeria,Zamfara state,Anka lga,11.989785,5.958816,2,3714,XXX475,3714,XXX475,false,Check dyad,,,candidate,26.01.26.06,GEDEvent_v26_01_26_06.csv,ucdp_119,review,same_actor_on_both_sides,True
119,XXX475,1,631509,237,2026,2026-05-09 00:00:00.000,2026-05-09 00:00:00.000,1,475,Nigeria,Katsina state,Dutsin-Ma lga,12.454111,7.522408,3,3714,XXX475,3714,XXX475,false,Check dyad,,,candidate,26.01.26.06,GEDEvent_v26_01_26_06.csv,ucdp_119,review,same_actor_on_both_sides,True
119,XXX475,1,631512,237,2026,2026-05-10 00:00:00.000,2026-05-10 00:00:00.000,1,475,Nigeria,Kogi state,Lokoja lga,8.204880,6.563050,3,3714,XXX475,3714,XXX475,false,Check dyad,,,candidate,26.01.26.06,GEDEvent_v26_01_26_06.csv,ucdp_119,review,same_actor_on_both_sides,True
119,XXX475,1,631510,237,2026,2026-05-10 00:00:00.000,2026-05-10 00:00:00.000,1,475,Nigeria,Niger state,Shiroro lga,10.115430,6.683070,3,3714,XXX475,3714,XXX475,false,Check dyad,,,candidate,26.01.26.06,GEDEvent_v26_01_26_06.csv,ucdp_119,review,same_actor_on_both_sides,True
119,XXX475,1,631516,237,2026,2026-05-10 00:00:00.000,2026-05-10 00:00:00.000,1,475,Nigeria,Zamfara state,,12.166670,6.250000,4,3714,XXX475,3714,XXX475,false,Check type of violence,,,candidate,26.01.26.06,GEDEvent_v26_01_26_06.csv,ucdp_119,review,same_actor_on_both_sides,True
119,XXX475,1,631519,237,2026,2026-05-10 00:00:00.000,2026-05-10 00:00:00.000,1,475,Nigeria,Zamfara state,Zurmi lga,12.777486,6.783674,2,3714,XXX475,3714,XXX475,false,Check dyad,,,candidate,26.01.26.06,GEDEvent_v26_01_26_06.csv,ucdp_119,review,same_actor_on_both_sides,True
119,XXX475,1,630660,237,2026,2026-05-10 00:00:00.000,2026-05-10 00:00:00.000,1,475,Nigeria,Niger state,,10.000000,6.000000,4,3714,XXX475,3714,XXX475,false,Check dyad,,,candidate,26.01.26.06,GEDEvent_v26_01_26_06.csv,ucdp_119,review,same_actor_on_both_sides,True
119,XXX475,1,630672,237,2026,2026-05-10 00:00:00.000,2026-05-10 00:00:00.000,1,475,Nigeria,Zamfara state,Shinkafi lga,13.037615,6.511988,3,3714,XXX475,3714,XXX475,false,Check dyad,,,candidate,26.01.26.06,GEDEvent_v26_01_26_06.csv,ucdp_119,review,same_actor_on_both_sides,True
119,XXX475,1,631335,237,2026,2026-05-10 00:00:00.000,2026-05-10 00:00:00.000,1,475,Nigeria,Kwara state,,8.500000,5.000000,4,3714,XXX475,3714,XXX475,false,Check dyad,,,candidate,26.01.26.06,GEDEvent_v26_01_26_06.csv,ucdp_119,review,same_actor_on_both_sides,True
119,XXX475,1,630653,237,2026,2026-05-11 00:00:00.000,2026-05-11 00:00:00.000,1,475,Nigeria,Borno state,,11.500000,13.000000,4,3714,XXX475,3714,XXX475,false,Check dyad,,,candidate,26.01.26.06,GEDEvent_v26_01_26_06.csv,ucdp_119,review,same_actor_on_both_sides,True
119,XXX475,1,630703,237,2026,2026-05-13 00:00:00.000,2026-05-13 00:00:00.000,1,475,Nigeria,Niger state,Borgu lga,10.358612,4.128719,3,3714,XXX475,3714,XXX475,false,Check dyad,,,candidate,26.01.26.06,GEDEvent_v26_01_26_06.csv,ucdp_119,review,same_actor_on_both_sides,True
119,XXX475,1,631757,237,2026,2026-05-15 00:00:00.000,2026-05-15 00:00:00.000,1,475,Nigeria,Kaduna state,Birnin Gwari lga,10.826120,6.655050,3,3714,XXX475,3714,XXX475,false,Check dyad,,,candidate,26.01.26.06,GEDEvent_v26_01_26_06.csv,ucdp_119,review,same_actor_on_both_sides,True
119,XXX475,1,631758,237,2026,2026-05-16 00:00:00.000,2026-05-16 00:00:00.000,1,475,Nigeria,Zamfara state,Maradun lga,12.777870,6.244960,3,3714,XXX475,3714,XXX475,false,Check dyad,,,candidate,26.01.26.06,GEDEvent_v26_01_26_06.csv,ucdp_119,review,same_actor_on_both_sides,True
119,XXX475,1,630710,237,2026,2026-05-16 00:00:00.000,2026-05-16 00:00:00.000,1,475,Nigeria,Borno state,Bama lga,11.520590,14.096610,3,3714,XXX475,3714,XXX475,false,Check dyad,,,candidate,26.01.26.06,GEDEvent_v26_01_26_06.csv,ucdp_119,review,same_actor_on_both_sides,True
119,XXX475,1,630749,237,2026,2026-05-18 00:00:00.000,2026-05-18 00:00:00.000,1,475,Nigeria,Zamfara state,Talata Mafara lga,12.383520,6.054470,3,3714,XXX475,3714,XXX475,false,Check dyad,,,candidate,26.01.26.06,GEDEvent_v26_01_26_06.csv,ucdp_119,review,same_actor_on_both_sides,True
119,XXX475,1,631829,237,2026,2026-05-18 00:00:00.000,2026-05-28 00:00:00.000,4,475,Nigeria,Zamfara state,Talata Mafara lga,12.383520,6.054470,3,3714,XXX475,3714,XXX475,false,Check dyad,,,candidate,26.01.26.06,GEDEvent_v26_01_26_06.csv,ucdp_119,review,same_actor_on_both_sides,True
119,XXX475,1,630750,237,2026,2026-05-19 00:00:00.000,2026-05-19 00:00:00.000,1,475,Nigeria,Sokoto state,Sabon Birni lga,13.484695,6.264093,3,3714,XXX475,3714,XXX475,false,Check dyad,,,candidate,26.01.26.06,GEDEvent_v26_01_26_06.csv,ucdp_119,review,same_actor_on_both_sides,True
119,XXX475,1,631187,237,2026,2026-05-19 00:00:00.000,2026-05-22 00:00:00.000,2,475,Nigeria,Zamfara state,Bukkuyum lga,11.974712,5.586514,3,3714,XXX475,3714,XXX475,false,Check dyad,,,candidate,26.01.26.06,GEDEvent_v26_01_26_06.csv,ucdp_119,review,same_actor_on_both_sides,True
119,XXX475,1,633160,237,2026,2026-05-20 00:00:00.000,2026-05-20 00:00:00.000,1,475,Nigeria,Niger state,Rafi lga,10.184440,6.253330,3,3714,XXX475,3714,XXX475,false,Check dyad,,,candidate,26.01.26.06,GEDEvent_v26_01_26_06.csv,ucdp_119,review,same_actor_on_both_sides,True
119,XXX475,1,633159,237,2026,2026-05-21 00:00:00.000,2026-05-21 00:00:00.000,1,475,Nigeria,Niger state,Rafi lga,10.184440,6.253330,3,3714,XXX475,3714,XXX475,false,Check dyad,,,candidate,26.01.26.06,GEDEvent_v26_01_26_06.csv,ucdp_119,review,same_actor_on_both_sides,True
119,XXX475,1,631195,237,2026,2026-05-21 00:00:00.000,2026-05-21 00:00:00.000,1,475,Nigeria,Katsina state,Sabuwa lga,11.321567,7.077542,3,3714,XXX475,3714,XXX475,false,Check dyad,,,candidate,26.01.26.06,GEDEvent_v26_01_26_06.csv,ucdp_119,review,same_actor_on_both_sides,True
119,XXX475,1,631192,237,2026,2026-05-22 00:00:00.000,2026-05-22 00:00:00.000,1,475,Nigeria,Zamfara state,Tsafe lga,11.882510,6.894700,3,3714,XXX475,3714,XXX475,false,Check dyad,,,candidate,26.01.26.06,GEDEvent_v26_01_26_06.csv,ucdp_119,review,same_actor_on_both_sides,True
119,XXX475,1,631788,237,2026,2026-05-23 00:00:00.000,2026-05-23 00:00:00.000,1,475,Nigeria,Niger state,Mariga lga,10.699170,5.840381,3,3714,XXX475,3714,XXX475,false,Check dyad,,,candidate,26.01.26.06,GEDEvent_v26_01_26_06.csv,ucdp_119,review,same_actor_on_both_sides,True
119,XXX475,1,631781,237,2026,2026-05-26 00:00:00.000,2026-05-26 00:00:00.000,1,475,Nigeria,Zamfara state,Bungudu lga,12.188684,6.489373,3,3714,XXX475,3714,XXX475,false,Check dyad,,,candidate,26.01.26.06,GEDEvent_v26_01_26_06.csv,ucdp_119,review,same_actor_on_both_sides,True
119,XXX475,1,633698,237,2026,2026-05-26 00:00:00.000,2026-05-30 00:00:00.000,2,475,Nigeria,Oyo state,,8.000000,4.000000,4,3714,XXX475,3714,XXX475,false,Check,,,candidate,26.01.26.06,GEDEvent_v26_01_26_06.csv,ucdp_119,review,same_actor_on_both_sides,True
119,XXX475,1,631230,237,2026,2026-05-27 00:00:00.000,2026-05-27 00:00:00.000,1,475,Nigeria,Zamfara state,Zurmi lga,12.811470,6.793800,3,3714,XXX475,3714,XXX475,false,Check dyad,,,candidate,26.01.26.06,GEDEvent_v26_01_26_06.csv,ucdp_119,review,same_actor_on_both_sides,True
119,XXX475,1,631233,237,2026,2026-05-28 00:00:00.000,2026-05-28 00:00:00.000,1,475,Nigeria,Katsina state,Faskari lga,11.675500,7.086060,3,3714,XXX475,3714,XXX475,false,Check dyad,,,candidate,26.01.26.06,GEDEvent_v26_01_26_06.csv,ucdp_119,review,same_actor_on_both_sides,True
119,XXX475,1,631958,237,2026,2026-05-29 00:00:00.000,2026-05-29 00:00:00.000,1,475,Nigeria,Zamfara state,Kaura-Namoda lga,12.561955,6.576168,3,3714,XXX475,3714,XXX475,false,Check dyad,,,candidate,26.01.26.06,GEDEvent_v26_01_26_06.csv,ucdp_119,review,same_actor_on_both_sides,True
119,XXX475,1,634448,237,2026,2026-06-04 00:00:00.000,2026-06-04 00:00:00.000,1,475,Nigeria,Sokoto state,Tureta lga,12.486160,5.494320,3,3714,XXX475,3714,XXX475,false,Check dyad,,,candidate,26.01.26.06,GEDEvent_v26_01_26_06.csv,ucdp_119,review,same_actor_on_both_sides,True
119,XXX475,1,631297,237,2026,2026-06-04 00:00:00.000,2026-06-04 00:00:00.000,1,475,Nigeria,Kebbi state,Bagudo lga,11.330676,3.907953,3,3714,XXX475,3714,XXX475,false,Check dyad,,,candidate,26.01.26.06,GEDEvent_v26_01_26_06.csv,ucdp_119,review,same_actor_on_both_sides,True
119,XXX475,1,631324,237,2026,2026-06-05 00:00:00.000,2026-06-05 00:00:00.000,1,475,Nigeria,Zamfara state,Birnin Magaji-Kiyaw lga,12.425270,6.891220,3,3714,XXX475,3714,XXX475,false,Check dyad,,,candidate,26.01.26.06,GEDEvent_v26_01_26_06.csv,ucdp_119,review,same_actor_on_both_sides,True
119,XXX475,1,633762,237,2026,2026-06-06 00:00:00.000,2026-06-12 00:00:00.000,3,475,Nigeria,Benue state,Ukum lga,7.629936,9.645133,3,3714,XXX475,3714,XXX475,false,Check dyad,,,candidate,26.01.26.06,GEDEvent_v26_01_26_06.csv,ucdp_119,review,same_actor_on_both_sides,True
119,XXX475,1,634439,237,2026,2026-06-07 00:00:00.000,2026-06-07 00:00:00.000,1,475,Nigeria,Zamfara state,Anka lga,11.960800,5.986620,3,3714,XXX475,3714,XXX475,false,Check dyad,,,candidate,26.01.26.06,GEDEvent_v26_01_26_06.csv,ucdp_119,review,same_actor_on_both_sides,True
119,XXX475,1,633627,237,2026,2026-06-08 00:00:00.000,2026-06-08 00:00:00.000,1,475,Nigeria,Ogun state,Obafemi-Owode lga,6.969070,3.484040,3,3714,XXX475,3714,XXX475,false,Check dyad,,,candidate,26.01.26.06,GEDEvent_v26_01_26_06.csv,ucdp_119,review,same_actor_on_both_sides,True
119,XXX475,1,633668,237,2026,2026-06-08 00:00:00.000,2026-06-08 00:00:00.000,1,475,Nigeria,Kaduna state,Igabi lga,10.781000,7.504000,3,3714,XXX475,3714,XXX475,false,Check dyad,,,candidate,26.01.26.06,GEDEvent_v26_01_26_06.csv,ucdp_119,review,same_actor_on_both_sides,True
119,XXX475,1,633669,237,2026,2026-06-08 00:00:00.000,2026-06-08 00:00:00.000,1,475,Nigeria,Kaduna state,Igabi lga,10.781000,7.504000,3,3714,XXX475,3714,XXX475,false,Check dyad,,,candidate,26.01.26.06,GEDEvent_v26_01_26_06.csv,ucdp_119,review,same_actor_on_both_sides,True
119,XXX475,1,631328,237,2026,2026-06-08 00:00:00.000,2026-06-08 00:00:00.000,1,475,Nigeria,Kogi state,Yagba West lga,8.312361,5.557218,3,3714,XXX475,3714,XXX475,false,Check dyad,,,candidate,26.01.26.06,GEDEvent_v26_01_26_06.csv,ucdp_119,review,same_actor_on_both_sides,True
119,XXX475,1,633792,237,2026,2026-06-08 00:00:00.000,2026-06-08 00:00:00.000,1,475,Nigeria,Kaduna state,Giwa lga,11.131655,7.380811,3,3714,XXX475,3714,XXX475,false,Check dyad,,,candidate,26.01.26.06,GEDEvent_v26_01_26_06.csv,ucdp_119,review,same_actor_on_both_sides,True
119,XXX475,1,631330,237,2026,2026-06-09 00:00:00.000,2026-06-09 00:00:00.000,1,475,Nigeria,Zamfara state,Maru lga,11.600000,6.283333,3,3714,XXX475,3714,XXX475,false,Check dyad,,,candidate,26.01.26.06,GEDEvent_v26_01_26_06.csv,ucdp_119,review,same_actor_on_both_sides,True
119,XXX475,1,633680,237,2026,2026-06-09 00:00:00.000,2026-06-09 00:00:00.000,1,475,Nigeria,Federal Capital territory,Bwari Area council,9.218000,7.408000,3,3714,XXX475,3714,XXX475,false,Check dyad,,,candidate,26.01.26.06,GEDEvent_v26_01_26_06.csv,ucdp_119,review,same_actor_on_both_sides,True
119,XXX475,1,633197,237,2026,2026-06-09 00:00:00.000,2026-06-09 00:00:00.000,1,475,Nigeria,Zamfara state,Anka lga,11.989785,5.958816,2,3714,XXX475,3714,XXX475,false,Check dyad,,,candidate,26.01.26.06,GEDEvent_v26_01_26_06.csv,ucdp_119,review,same_actor_on_both_sides,True
119,XXX475,1,633198,237,2026,2026-06-09 00:00:00.000,2026-06-09 00:00:00.000,1,475,Nigeria,Zamfara state,Maru lga,11.600000,6.283333,3,3714,XXX475,3714,XXX475,false,Check dyad,,,candidate,26.01.26.06,GEDEvent_v26_01_26_06.csv,ucdp_119,review,same_actor_on_both_sides,True
119,XXX475,1,633202,237,2026,2026-06-09 00:00:00.000,2026-06-09 00:00:00.000,1,475,Nigeria,Zamfara state,Gummi lga,12.032119,5.151611,3,3714,XXX475,3714,XXX475,false,Check dyad,,,candidate,26.01.26.06,GEDEvent_v26_01_26_06.csv,ucdp_119,review,same_actor_on_both_sides,True
119,XXX475,1,633701,237,2026,2026-06-10 00:00:00.000,2026-06-10 00:00:00.000,1,475,Nigeria,Sokoto state,Bodinga lga,12.861052,5.173924,3,3714,XXX475,3714,XXX475,false,Check dyad,,,candidate,26.01.26.06,GEDEvent_v26_01_26_06.csv,ucdp_119,review,same_actor_on_both_sides,True
119,XXX475,1,633212,237,2026,2026-06-12 00:00:00.000,2026-06-12 00:00:00.000,1,475,Nigeria,Zamfara state,Shinkafi lga,13.037615,6.511988,3,3714,XXX475,3714,XXX475,false,Check dyad,,,candidate,26.01.26.06,GEDEvent_v26_01_26_06.csv,ucdp_119,review,same_actor_on_both_sides,True
119,XXX475,1,633213,237,2026,2026-06-12 00:00:00.000,2026-06-12 00:00:00.000,1,475,Nigeria,Plateau state,Mangu lga,9.390520,9.179680,3,3714,XXX475,3714,XXX475,false,Check dyad,,,candidate,26.01.26.06,GEDEvent_v26_01_26_06.csv,ucdp_119,review,same_actor_on_both_sides,True
119,XXX475,1,633840,237,2026,2026-06-13 00:00:00.000,2026-06-19 00:00:00.000,3,475,Nigeria,Zamfara state,Zurmi lga,12.811470,6.793800,3,3714,XXX475,3714,XXX475,false,Check dyad,,,candidate,26.01.26.06,GEDEvent_v26_01_26_06.csv,ucdp_119,review,same_actor_on_both_sides,True
119,XXX475,1,633841,237,2026,2026-06-13 00:00:00.000,2026-06-19 00:00:00.000,3,475,Nigeria,Katsina state,Jibiya lga,13.040330,7.289130,3,3714,XXX475,3714,XXX475,false,Check dyad,,,candidate,26.01.26.06,GEDEvent_v26_01_26_06.csv,ucdp_119,review,same_actor_on_both_sides,True
119,XXX475,1,633783,237,2026,2026-06-14 00:00:00.000,2026-06-14 00:00:00.000,1,475,Nigeria,Oyo state,Oriire lga,8.353273,4.165251,3,3714,XXX475,3714,XXX475,false,Check dyad,,,candidate,26.01.26.06,GEDEvent_v26_01_26_06.csv,ucdp_119,review,same_actor_on_both_sides,True
119,XXX475,1,633220,237,2026,2026-06-15 00:00:00.000,2026-06-15 00:00:00.000,1,475,Nigeria,Zamfara state,Anka lga,11.989785,5.958816,2,3714,XXX475,3714,XXX475,false,Check dyad,,,candidate,26.01.26.06,GEDEvent_v26_01_26_06.csv,ucdp_119,review,same_actor_on_both_sides,True
119,XXX475,1,633343,237,2026,2026-06-17 00:00:00.000,2026-06-17 00:00:00.000,1,475,Nigeria,Sokoto state,Tangaza lga,13.496872,4.962863,3,3714,XXX475,3714,XXX475,false,Check dyad,,,candidate,26.01.26.06,GEDEvent_v26_01_26_06.csv,ucdp_119,review,same_actor_on_both_sides,True
119,XXX475,1,633248,237,2026,2026-06-19 00:00:00.000,2026-06-19 00:00:00.000,1,475,Nigeria,Kaduna state,Giwa lga,11.131655,7.380811,3,3714,XXX475,3714,XXX475,false,Check dyad,,,candidate,26.01.26.06,GEDEvent_v26_01_26_06.csv,ucdp_119,review,same_actor_on_both_sides,True
119,XXX475,1,633250,237,2026,2026-06-20 00:00:00.000,2026-06-20 00:00:00.000,1,475,Nigeria,Kaduna state,Igabi lga,10.781000,7.504000,3,3714,XXX475,3714,XXX475,false,Check dyad,,,candidate,26.01.26.06,GEDEvent_v26_01_26_06.csv,ucdp_119,review,same_actor_on_both_sides,True
119,XXX475,1,633344,237,2026,2026-06-20 00:00:00.000,2026-06-20 00:00:00.000,1,475,Nigeria,Zamfara state,Gummi lga,12.032119,5.151611,3,3714,XXX475,3714,XXX475,false,Check dyad,,,candidate,26.01.26.06,GEDEvent_v26_01_26_06.csv,ucdp_119,review,same_actor_on_both_sides,True
119,XXX475,1,633362,237,2026,2026-06-20 00:00:00.000,2026-06-20 00:00:00.000,1,475,Nigeria,Kaduna state,Sanga lga,9.250000,8.450000,3,3714,XXX475,3714,XXX475,false,Check dyad,,,candidate,26.01.26.06,GEDEvent_v26_01_26_06.csv,ucdp_119,review,same_actor_on_both_sides,True
119,XXX475,1,634112,237,2026,2026-06-20 00:00:00.000,2026-06-20 00:00:00.000,1,475,Nigeria,Sokoto state,Isa lga,13.222010,6.338030,3,3714,XXX475,3714,XXX475,false,Check dyad,,,candidate,26.01.26.06,GEDEvent_v26_01_26_06.csv,ucdp_119,review,same_actor_on_both_sides,True
119,XXX475,1,634171,237,2026,2026-06-20 00:00:00.000,2026-06-23 00:00:00.000,2,475,Nigeria,Sokoto state,Tureta lga,12.486160,5.494320,3,3714,XXX475,3714,XXX475,false,Check dyad,,,candidate,26.01.26.06,GEDEvent_v26_01_26_06.csv,ucdp_119,review,same_actor_on_both_sides,True
119,XXX475,1,634129,237,2026,2026-06-20 00:00:00.000,2026-06-20 00:00:00.000,1,475,Nigeria,Zamfara state,Maru lga,11.600000,6.283333,3,3714,XXX475,3714,XXX475,false,Check dyad,,,candidate,26.01.26.06,GEDEvent_v26_01_26_06.csv,ucdp_119,review,same_actor_on_both_sides,True
119,XXX475,1,633364,237,2026,2026-06-21 00:00:00.000,2026-06-21 00:00:00.000,1,475,Nigeria,Katsina state,Matazu lga,12.258994,7.617798,3,3714,XXX475,3714,XXX475,false,Check dyad,,,candidate,26.01.26.06,GEDEvent_v26_01_26_06.csv,ucdp_119,review,same_actor_on_both_sides,True
119,XXX475,1,633372,237,2026,2026-06-22 00:00:00.000,2026-06-22 00:00:00.000,1,475,Nigeria,Kaduna state,Giwa lga,11.131655,7.380811,3,3714,XXX475,3714,XXX475,false,Check dyad,,,candidate,26.01.26.06,GEDEvent_v26_01_26_06.csv,ucdp_119,review,same_actor_on_both_sides,True
119,XXX475,1,634213,237,2026,2026-06-24 00:00:00.000,2026-06-24 00:00:00.000,1,475,Nigeria,Kaduna state,Birnin Gwari lga,10.826120,6.655050,3,3714,XXX475,3714,XXX475,false,Check dyad,,,candidate,26.01.26.06,GEDEvent_v26_01_26_06.csv,ucdp_119,review,same_actor_on_both_sides,True
119,XXX475,1,634216,237,2026,2026-06-25 00:00:00.000,2026-06-25 00:00:00.000,1,475,Nigeria,Imo state,Owerri West lga,5.432260,6.980410,3,3714,XXX475,3714,XXX475,false,Check dyad,,,candidate,26.01.26.06,GEDEvent_v26_01_26_06.csv,ucdp_119,review,same_actor_on_both_sides,True
119,XXX475,1,633732,237,2026,2026-06-26 00:00:00.000,2026-06-26 00:00:00.000,1,475,Nigeria,Plateau state,Jos South lga,9.833330,8.833330,2,3714,XXX475,3714,XXX475,false,Check dyad,,,candidate,26.01.26.06,GEDEvent_v26_01_26_06.csv,ucdp_119,review,same_actor_on_both_sides,True
119,XXX475,1,633735,237,2026,2026-06-27 00:00:00.000,2026-06-27 00:00:00.000,1,475,Nigeria,Kebbi state,Arewa-Dandi lga,12.698390,4.031301,3,3714,XXX475,3714,XXX475,false,Check dyad,,,candidate,26.01.26.06,GEDEvent_v26_01_26_06.csv,ucdp_119,review,same_actor_on_both_sides,True
119,XXX475,1,634298,237,2026,2026-06-27 00:00:00.000,2026-06-27 00:00:00.000,1,475,Nigeria,Kaduna state,Giwa lga,11.131655,7.380811,3,3714,XXX475,3714,XXX475,false,Check dyad,,,candidate,26.01.26.06,GEDEvent_v26_01_26_06.csv,ucdp_119,review,same_actor_on_both_sides,True
119,XXX475,1,633765,237,2026,2026-06-27 00:00:00.000,2026-06-27 00:00:00.000,1,475,Nigeria,Adamawa state,Lamurde lga,9.570500,11.717920,3,3714,XXX475,3714,XXX475,false,Check dyad,,,candidate,26.01.26.06,GEDEvent_v26_01_26_06.csv,ucdp_119,review,same_actor_on_both_sides,True
119,XXX475,1,633738,237,2026,2026-06-28 00:00:00.000,2026-06-28 00:00:00.000,1,475,Nigeria,Benue state,,7.333333,8.750000,4,3714,XXX475,3714,XXX475,false,Check dyad,,,candidate,26.01.26.06,GEDEvent_v26_01_26_06.csv,ucdp_119,review,same_actor_on_both_sides,True
119,XXX475,1,634305,237,2026,2026-06-29 00:00:00.000,2026-06-29 00:00:00.000,1,475,Nigeria,Rivers state,Obio-Akpor lga,4.831530,6.989060,3,3714,XXX475,3714,XXX475,false,Check dyad,,,candidate,26.01.26.06,GEDEvent_v26_01_26_06.csv,ucdp_119,review,same_actor_on_both_sides,True
119,XXX475,1,634308,237,2026,2026-06-29 00:00:00.000,2026-06-29 00:00:00.000,1,475,Nigeria,Niger state,Shiroro lga,10.115430,6.683070,3,3714,XXX475,3714,XXX475,false,Check dyad,,,candidate,26.01.26.06,GEDEvent_v26_01_26_06.csv,ucdp_119,review,same_actor_on_both_sides,True
119,XXX475,1,634000,237,2026,2026-06-29 00:00:00.000,2026-06-29 00:00:00.000,1,475,Nigeria,Niger state,Mariga lga,10.699170,5.840381,3,3714,XXX475,3714,XXX475,false,Check dyad,,,candidate,26.01.26.06,GEDEvent_v26_01_26_06.csv,ucdp_119,review,same_actor_on_both_sides,True
119,XXX475,1,634001,237,2026,2026-06-29 00:00:00.000,2026-06-29 00:00:00.000,1,475,Nigeria,Niger state,Mariga lga,10.699170,5.840381,3,3714,XXX475,3714,XXX475,false,Check dyad,,,candidate,26.01.26.06,GEDEvent_v26_01_26_06.csv,ucdp_119,review,same_actor_on_both_sides,True
119,XXX475,1,634005,237,2026,2026-06-30 00:00:00.000,2026-06-30 00:00:00.000,1,475,Nigeria,Sokoto state,Isa lga,13.222010,6.338030,3,3714,XXX475,3714,XXX475,false,Check dyad,,,candidate,26.01.26.06,GEDEvent_v26_01_26_06.csv,ucdp_119,review,same_actor_on_both_sides,True
119,XXX475,1,624673,18043,2026,2026-04-04 00:00:00.000,2026-04-04 00:00:00.000,1,475,Nigeria,Zamfara state,Tsafe lga,11.882510,6.894700,3,84,Government of Nigeria,9109,Forces of Ado Alero,false,Check deaths,475,,candidate,26.01.26.06,GEDEvent_v26_01_26_06.csv,ucdp_119,review,unknown_actor,True
119,XXX475,1,623012,18102,2026,2026-03-20 00:00:00.000,2026-03-20 00:00:00.000,1,475,Nigeria,Niger state,Shiroro lga,10.115430,6.683070,3,84,Government of Nigeria,9113,Forces of Dogo Gide,false,Check geography,475,,candidate,26.01.26.06,GEDEvent_v26_01_26_06.csv,ucdp_119,review,unknown_actor,True
119,XXX475,1,628635,18758,2026,2026-04-05 00:00:00.000,2026-04-05 00:00:00.000,1,475,Nigeria,Kebbi state,Shanga lga,11.211654,4.609506,3,84,Government of Nigeria,9763,Mahmuda,false,Check incompatibility,475,,candidate,26.01.26.06,GEDEvent_v26_01_26_06.csv,ucdp_119,review,unknown_actor,True
16905,"Iran - Israel, United States of America",1,624761,18868,2026,2026-03-13 00:00:00.000,2026-03-13 00:00:00.000,1,698,Oman,Al Batinah North,,24.347450,56.709370,1,114,Government of Iran,9865,"Government of Israel, Government of United States of America",true,Clear,630,,candidate,26.01.26.06,GEDEvent_v26_01_26_06.csv,ucdp_16905,review,unknown_actor,True
122,XXX770,1,611557,243,2026,2026-01-10 00:00:00.000,2026-01-10 00:00:00.000,1,770,Pakistan,Khyber Pakhtunkwa province,Peshawar district,34.050269,71.461179,1,3717,XXX770,3717,XXX770,false,Check dyad,,,candidate,26.01.26.06,GEDEvent_v26_01_26_06.csv,ucdp_122,review,same_actor_on_both_sides,True
122,XXX770,1,611920,243,2026,2026-01-27 00:00:00.000,2026-01-27 00:00:00.000,1,770,Pakistan,Balochistan province,Pishin district,30.818095,67.213891,3,3717,XXX770,3717,XXX770,false,Check dyad,,,candidate,26.01.26.06,GEDEvent_v26_01_26_06.csv,ucdp_122,review,same_actor_on_both_sides,True
122,XXX770,1,613383,243,2026,2026-01-30 00:00:00.000,2026-01-30 00:00:00.000,1,770,Pakistan,Punjab province,Mianwali district,32.979620,71.391990,2,3717,XXX770,3717,XXX770,false,Check dyad,,,candidate,26.01.26.06,GEDEvent_v26_01_26_06.csv,ucdp_122,review,same_actor_on_both_sides,True
122,XXX770,1,620588,243,2026,2026-02-14 00:00:00.000,2026-02-14 00:00:00.000,1,770,Pakistan,Khyber Pakhtunkwa province,Bajaur district,34.814722,71.421667,2,3717,XXX770,3717,XXX770,false,Check dyad,,,candidate,26.01.26.06,GEDEvent_v26_01_26_06.csv,ucdp_122,review,same_actor_on_both_sides,True
122,XXX770,1,617843,243,2026,2026-02-25 00:00:00.000,2026-02-25 00:00:00.000,1,770,Pakistan,Khyber Pakhtunkwa province,Bajaur district,34.613448,71.938726,1,3717,XXX770,3717,XXX770,false,Check dyad,,,candidate,26.01.26.06,GEDEvent_v26_01_26_06.csv,ucdp_122,review,same_actor_on_both_sides,True
122,XXX770,1,620659,243,2026,2026-03-04 00:00:00.000,2026-03-04 00:00:00.000,1,770,Pakistan,Khyber Pakhtunkwa province,Bajaur district,34.811856,71.449400,1,3717,XXX770,3717,XXX770,false,Check dyad,,,candidate,26.01.26.06,GEDEvent_v26_01_26_06.csv,ucdp_122,review,same_actor_on_both_sides,True
122,XXX770,1,622854,243,2026,2026-03-12 00:00:00.000,2026-03-13 00:00:00.000,2,770,Pakistan,Khyber Pakhtunkwa province,Bajaur district,34.814722,71.421667,2,3717,XXX770,3717,XXX770,false,Check dyad,,,candidate,26.01.26.06,GEDEvent_v26_01_26_06.csv,ucdp_122,review,same_actor_on_both_sides,True
122,XXX770,1,624290,243,2026,2026-03-13 00:00:00.000,2026-03-13 00:00:00.000,1,770,Pakistan,Balochistan province,Quetta district,30.060718,67.221077,2,3717,XXX770,3717,XXX770,false,Check dyad,,,candidate,26.01.26.06,GEDEvent_v26_01_26_06.csv,ucdp_122,review,same_actor_on_both_sides,True
122,XXX770,1,622857,243,2026,2026-03-19 00:00:00.000,2026-03-19 00:00:00.000,1,770,Pakistan,Khyber Pakhtunkwa province,Dera Ismail Khan district,32.105020,70.970550,2,3717,XXX770,3717,XXX770,false,Check dyad,,,candidate,26.01.26.06,GEDEvent_v26_01_26_06.csv,ucdp_122,review,same_actor_on_both_sides,True
122,XXX770,1,624370,243,2026,2026-03-26 00:00:00.000,2026-03-26 00:00:00.000,1,770,Pakistan,Balochistan province,Quetta district,30.174576,66.762027,3,3717,XXX770,3717,XXX770,false,Check dyad,,,candidate,26.01.26.06,GEDEvent_v26_01_26_06.csv,ucdp_122,review,same_actor_on_both_sides,True
122,XXX770,1,624119,243,2026,2026-03-29 00:00:00.000,2026-03-30 00:00:00.000,2,770,Pakistan,Balochistan province,Quetta district,30.119639,66.997482,2,3717,XXX770,3717,XXX770,false,Check dyad,,,candidate,26.01.26.06,GEDEvent_v26_01_26_06.csv,ucdp_122,review,same_actor_on_both_sides,True
122,XXX770,1,627149,243,2026,2026-04-14 00:00:00.000,2026-04-14 00:00:00.000,1,770,Pakistan,Khyber Pakhtunkwa province,Peshawar district,34.016667,71.583333,2,3717,XXX770,3717,XXX770,false,Check dyad,,,candidate,26.01.26.06,GEDEvent_v26_01_26_06.csv,ucdp_122,review,same_actor_on_both_sides,True
122,XXX770,1,627161,243,2026,2026-04-15 00:00:00.000,2026-04-15 00:00:00.000,1,770,Pakistan,Balochistan province,Quetta district,30.362954,66.947279,2,3717,XXX770,3717,XXX770,false,Check dyad,,,candidate,26.01.26.06,GEDEvent_v26_01_26_06.csv,ucdp_122,review,same_actor_on_both_sides,True
122,XXX770,1,628817,243,2026,2026-04-27 00:00:00.000,2026-04-27 00:00:00.000,1,770,Pakistan,Balochistan province,Pishin district,30.727778,66.839167,2,3717,XXX770,3717,XXX770,false,Check dyad,,,candidate,26.01.26.06,GEDEvent_v26_01_26_06.csv,ucdp_122,review,same_actor_on_both_sides,True
122,XXX770,1,629563,243,2026,2026-05-07 00:00:00.000,2026-05-07 00:00:00.000,1,770,Pakistan,Khyber Pakhtunkwa province,Bajaur district,34.814722,71.421667,2,3717,XXX770,3717,XXX770,false,Check dyad,,,candidate,26.01.26.06,GEDEvent_v26_01_26_06.csv,ucdp_122,review,same_actor_on_both_sides,True
122,XXX770,1,629564,243,2026,2026-05-08 00:00:00.000,2026-05-08 00:00:00.000,1,770,Pakistan,Khyber Pakhtunkwa province,Bajaur district,34.660040,71.659910,2,3717,XXX770,3717,XXX770,false,Check dyad,,,candidate,26.01.26.06,GEDEvent_v26_01_26_06.csv,ucdp_122,review,same_actor_on_both_sides,True
122,XXX770,1,630284,243,2026,2026-05-21 00:00:00.000,2026-05-21 00:00:00.000,1,770,Pakistan,Khyber Pakhtunkwa province,Bajaur district,34.856590,71.441840,2,3717,XXX770,3717,XXX770,false,Check dyad,,,candidate,26.01.26.06,GEDEvent_v26_01_26_06.csv,ucdp_122,review,same_actor_on_both_sides,True
122,XXX770,1,630289,243,2026,2026-05-23 00:00:00.000,2026-05-23 00:00:00.000,1,770,Pakistan,Balochistan province,Quetta district,29.914080,66.497960,2,3717,XXX770,3717,XXX770,false,Check dyad,,,candidate,26.01.26.06,GEDEvent_v26_01_26_06.csv,ucdp_122,review,same_actor_on_both_sides,True
122,XXX770,1,630760,243,2026,2026-05-31 00:00:00.000,2026-05-31 00:00:00.000,1,770,Pakistan,Sindh province,Larkana district,27.560000,68.226389,1,3717,XXX770,3717,XXX770,false,Check dyad,,,candidate,26.01.26.06,GEDEvent_v26_01_26_06.csv,ucdp_122,review,same_actor_on_both_sides,True
122,XXX770,1,632050,243,2026,2026-06-06 00:00:00.000,2026-06-06 00:00:00.000,1,770,Pakistan,Azad Jammu & Kashmir,Poonch district,33.857816,73.760426,1,3717,XXX770,3717,XXX770,false,Check type of violence,,,candidate,26.01.26.06,GEDEvent_v26_01_26_06.csv,ucdp_122,review,same_actor_on_both_sides,True
122,XXX770,1,631950,243,2026,2026-06-07 00:00:00.000,2026-06-07 00:00:00.000,1,770,Pakistan,Azad Jammu & Kashmir,Poonch district,33.857816,73.760426,1,3717,XXX770,3717,XXX770,false,Check type of violence,,,candidate,26.01.26.06,GEDEvent_v26_01_26_06.csv,ucdp_122,review,same_actor_on_both_sides,True
122,XXX770,1,635191,243,2026,2026-06-07 00:00:00.000,2026-06-14 00:00:00.000,4,770,Pakistan,Azad Jammu & Kashmir,,33.947179,73.910401,4,3717,XXX770,3717,XXX770,false,Check type of violence,,,candidate,26.01.26.06,GEDEvent_v26_01_26_06.csv,ucdp_122,review,same_actor_on_both_sides,True
122,XXX770,1,631854,243,2026,2026-06-07 00:00:00.000,2026-06-09 00:00:00.000,2,770,Pakistan,Azad Jammu & Kashmir,,33.947179,73.910401,4,3717,XXX770,3717,XXX770,false,Check type of violence,,,candidate,26.01.26.06,GEDEvent_v26_01_26_06.csv,ucdp_122,review,same_actor_on_both_sides,True
122,XXX770,1,632055,243,2026,2026-06-08 00:00:00.000,2026-06-08 00:00:00.000,1,770,Pakistan,Khyber Pakhtunkwa province,Peshawar district,33.771757,71.698052,2,3717,XXX770,3717,XXX770,false,Check dyad,,,candidate,26.01.26.06,GEDEvent_v26_01_26_06.csv,ucdp_122,review,same_actor_on_both_sides,True
122,XXX770,1,632051,243,2026,2026-06-09 00:00:00.000,2026-06-09 00:00:00.000,1,770,Pakistan,Azad Jammu & Kashmir,Kotli district,33.518360,73.902200,1,3717,XXX770,3717,XXX770,false,Check type of violence,,,candidate,26.01.26.06,GEDEvent_v26_01_26_06.csv,ucdp_122,review,same_actor_on_both_sides,True
122,XXX770,1,633388,243,2026,2026-06-12 00:00:00.000,2026-06-12 00:00:00.000,1,770,Pakistan,Khyber Pakhtunkwa province,Bajaur district,34.800000,71.466667,2,3717,XXX770,3717,XXX770,false,Check dyad,,,candidate,26.01.26.06,GEDEvent_v26_01_26_06.csv,ucdp_122,review,same_actor_on_both_sides,True
122,XXX770,1,633409,243,2026,2026-06-13 00:00:00.000,2026-06-13 00:00:00.000,1,770,Pakistan,Balochistan province,Quetta district,30.068420,66.951950,2,3717,XXX770,3717,XXX770,false,Check dyad,,,candidate,26.01.26.06,GEDEvent_v26_01_26_06.csv,ucdp_122,review,same_actor_on_both_sides,True
122,XXX770,1,633440,243,2026,2026-06-16 00:00:00.000,2026-06-16 00:00:00.000,1,770,Pakistan,Punjab province,Attock district,33.508119,72.334163,3,3717,XXX770,3717,XXX770,false,Check dyad,,,candidate,26.01.26.06,GEDEvent_v26_01_26_06.csv,ucdp_122,review,same_actor_on_both_sides,True
122,XXX770,1,633448,243,2026,2026-06-17 00:00:00.000,2026-06-17 00:00:00.000,1,770,Pakistan,Azad Jammu & Kashmir,Poonch district,33.857816,73.760426,1,3717,XXX770,3717,XXX770,false,Check dyad,,,candidate,26.01.26.06,GEDEvent_v26_01_26_06.csv,ucdp_122,review,same_actor_on_both_sides,True
122,XXX770,1,633449,243,2026,2026-06-17 00:00:00.000,2026-06-17 00:00:00.000,1,770,Pakistan,Khyber Pakhtunkwa province,Bajaur district,34.870530,71.431130,2,3717,XXX770,3717,XXX770,false,Check dyad,,,candidate,26.01.26.06,GEDEvent_v26_01_26_06.csv,ucdp_122,review,same_actor_on_both_sides,True
122,XXX770,1,633481,243,2026,2026-06-21 00:00:00.000,2026-06-21 00:00:00.000,1,770,Pakistan,Sindh province,Thatta district,24.741820,67.585340,2,3717,XXX770,3717,XXX770,false,Check dyad,,,candidate,26.01.26.06,GEDEvent_v26_01_26_06.csv,ucdp_122,review,same_actor_on_both_sides,True
122,XXX770,1,634259,243,2026,2026-06-25 00:00:00.000,2026-06-25 00:00:00.000,1,770,Pakistan,Khyber Pakhtunkwa province,Bajaur district,34.757318,71.490673,3,3717,XXX770,3717,XXX770,false,Check dyad,,,candidate,26.01.26.06,GEDEvent_v26_01_26_06.csv,ucdp_122,review,same_actor_on_both_sides,True
122,XXX770,1,634680,243,2026,2026-06-26 00:00:00.000,2026-06-26 00:00:00.000,1,770,Pakistan,Khyber Pakhtunkwa province,Peshawar district,33.787575,71.578487,1,3717,XXX770,3717,XXX770,false,Check dyad,,,candidate,26.01.26.06,GEDEvent_v26_01_26_06.csv,ucdp_122,review,same_actor_on_both_sides,True
122,XXX770,1,634279,243,2026,2026-06-27 00:00:00.000,2026-06-27 00:00:00.000,1,770,Pakistan,Azad Jammu & Kashmir,Poonch district,33.857816,73.760426,1,3717,XXX770,3717,XXX770,false,Check dyad,,,candidate,26.01.26.06,GEDEvent_v26_01_26_06.csv,ucdp_122,review,same_actor_on_both_sides,True
122,XXX770,1,634523,243,2026,2026-06-28 00:00:00.000,2026-06-28 00:00:00.000,1,770,Pakistan,Khyber Pakhtunkwa province,Bajaur district,34.814722,71.421667,2,3717,XXX770,3717,XXX770,false,Check dyad,,,candidate,26.01.26.06,GEDEvent_v26_01_26_06.csv,ucdp_122,review,same_actor_on_both_sides,True
122,XXX770,1,634548,243,2026,2026-06-30 00:00:00.000,2026-06-30 00:00:00.000,1,770,Pakistan,Khyber Pakhtunkwa province,Peshawar district,33.985119,71.557837,3,3717,XXX770,3717,XXX770,false,Check dyad,,,candidate,26.01.26.06,GEDEvent_v26_01_26_06.csv,ucdp_122,review,same_actor_on_both_sides,True
16975,Pakistan: Sindh,1,630220,16456,2026,2026-05-17 00:00:00.000,2026-05-17 00:00:00.000,1,770,Pakistan,Sindh province,Karachi district,24.860000,67.010000,1,142,Government of Pakistan,7789,SRA,false,Clear,770,,candidate,26.01.26.06,GEDEvent_v26_01_26_06.csv,ucdp_16975,review,unknown_actor,True
126,XXX135,1,622931,251,2026,2026-02-01 00:00:00.000,2026-02-22 00:00:00.000,4,135,Peru,Ica region,,-14.332500,-75.499722,4,3721,XXX135,3721,XXX135,false,Check dyad,,,candidate,26.01.26.06,GEDEvent_v26_01_26_06.csv,ucdp_126,review,same_actor_on_both_sides,True
126,XXX135,1,622930,251,2026,2026-02-26 00:00:00.000,2026-02-26 00:00:00.000,1,135,Peru,Junín region,,-11.500000,-75.000000,4,3721,XXX135,3721,XXX135,false,Check dyad,,,candidate,26.01.26.06,GEDEvent_v26_01_26_06.csv,ucdp_126,review,same_actor_on_both_sides,True
127,XXX840,1,634887,253,2026,2026-06-27 00:00:00.000,2026-06-27 00:00:00.000,1,840,Philippines,Lanao del Sur province,Lumbayanague municipality,7.762300,124.288900,1,3722,XXX840,3722,XXX840,false,Check dyad,,,candidate,26.01.26.06,GEDEvent_v26_01_26_06.csv,ucdp_127,review,same_actor_on_both_sides,True
132,XXX365,1,612649,263,2026,2026-01-28 00:00:00.000,2026-01-28 00:00:00.000,1,365,Russia (Soviet Union),Dagestan republic,Karabudakhkentskiy rayon,42.595681,47.717372,1,3727,XXX365,3727,XXX365,false,Check dyad,,,candidate,26.01.26.06,GEDEvent_v26_01_26_06.csv,ucdp_132,review,same_actor_on_both_sides,True
399,Russia (Soviet Union): Government,1,631894,18956,2026,2026-05-15 00:00:00.000,2026-05-15 00:00:00.000,1,365,Russia (Soviet Union),Dagestan republic,Kaspiysk municipality,42.881389,47.639167,1,57,Government of Russia (Soviet Union),9934,Black Spark,false,Check,365,,candidate,26.01.26.06,GEDEvent_v26_01_26_06.csv,ucdp_399,review,unknown_actor,True
16905,"Iran - Israel, United States of America",1,625188,18868,2026,2026-03-01 00:00:00.000,2026-03-01 00:00:00.000,1,670,Saudi Arabia,,,25.000000,45.000000,6,114,Government of Iran,9865,"Government of Israel, Government of United States of America",true,Check geography,630,,candidate,26.01.26.06,GEDEvent_v26_01_26_06.csv,ucdp_16905,review,unknown_actor,True
16905,"Iran - Israel, United States of America",1,624758,18868,2026,2026-03-08 00:00:00.000,2026-03-08 00:00:00.000,1,670,Saudi Arabia,Eastern region,Al Kharj governorate,24.155410,47.334570,1,114,Government of Iran,9865,"Government of Israel, Government of United States of America",true,Clear,630,,candidate,26.01.26.06,GEDEvent_v26_01_26_06.csv,ucdp_16905,review,unknown_actor,True
16905,"Iran - Israel, United States of America",1,624771,18868,2026,2026-04-09 00:00:00.000,2026-04-09 00:00:00.000,1,670,Saudi Arabia,Eastern region,,22.950000,50.150000,4,114,Government of Iran,9865,"Government of Israel, Government of United States of America",true,Check dyad,630,,candidate,26.01.26.06,GEDEvent_v26_01_26_06.csv,ucdp_16905,review,unknown_actor,True
141,XXX520,1,623634,281,2026,2026-03-14 00:00:00.000,2026-03-14 00:00:00.000,1,520,Somalia,Bay region,Qansah Dere district,2.860000,43.000000,3,3736,XXX520,3736,XXX520,false,Check dyad,,,candidate,26.01.26.06,GEDEvent_v26_01_26_06.csv,ucdp_141,review,same_actor_on_both_sides,True
141,XXX520,1,628233,281,2026,2026-04-30 00:00:00.000,2026-04-30 00:00:00.000,1,520,Somalia,Banaadir region,Mogadishu district,2.066667,45.366667,1,3736,XXX520,3736,XXX520,false,Check dyad,,,candidate,26.01.26.06,GEDEvent_v26_01_26_06.csv,ucdp_141,review,same_actor_on_both_sides,True
141,XXX520,1,631027,281,2026,2026-05-06 00:00:00.000,2026-05-07 00:00:00.000,2,520,Somalia,Banaadir region,Mogadishu district,2.066667,45.366667,1,3736,XXX520,3736,XXX520,false,Check dyad,,,candidate,26.01.26.06,GEDEvent_v26_01_26_06.csv,ucdp_141,review,same_actor_on_both_sides,True
141,XXX520,1,631032,281,2026,2026-05-10 00:00:00.000,2026-05-10 00:00:00.000,1,520,Somalia,Banaadir region,Mogadishu district,2.066667,45.366667,1,3736,XXX520,3736,XXX520,false,Check dyad,,,candidate,26.01.26.06,GEDEvent_v26_01_26_06.csv,ucdp_141,review,same_actor_on_both_sides,True
141,XXX520,1,631227,281,2026,2026-05-24 00:00:00.000,2026-05-24 00:00:00.000,1,520,Somalia,Bari region,Kandala district,11.473390,49.682990,2,3736,XXX520,3736,XXX520,false,Check dyad,,,candidate,26.01.26.06,GEDEvent_v26_01_26_06.csv,ucdp_141,review,same_actor_on_both_sides,True
141,XXX520,1,631219,281,2026,2026-06-04 00:00:00.000,2026-06-04 00:00:00.000,1,520,Somalia,Togdheer region,Sheikh district,9.929167,45.191667,3,3736,XXX520,3736,XXX520,false,Check dyad,,,candidate,26.01.26.06,GEDEvent_v26_01_26_06.csv,ucdp_141,review,same_actor_on_both_sides,True
337,Somalia: Government,1,623636,18890,2026,2026-03-19 00:00:00.000,2026-03-19 00:00:00.000,1,520,Somalia,Bay region,Baidoa district,3.116667,43.650000,2,95,Government of Somalia,9882,South West State of Somalia,false,Clear,520,,candidate,26.01.26.06,GEDEvent_v26_01_26_06.csv,ucdp_337,review,unknown_actor,True
337,Somalia: Government,1,628189,18957,2026,2026-04-21 00:00:00.000,2026-04-21 00:00:00.000,1,520,Somalia,Bay region,Baidoa district,3.116667,43.650000,1,95,Government of Somalia,9935,Forces of Laftagareen,false,Clear,520,,candidate,26.01.26.06,GEDEvent_v26_01_26_06.csv,ucdp_337,review,unknown_actor,True
337,Somalia: Government,1,631040,18957,2026,2026-05-14 00:00:00.000,2026-05-14 00:00:00.000,1,520,Somalia,Bay region,Baidoa district,3.116667,43.650000,2,95,Government of Somalia,9935,Forces of Laftagareen,false,Clear,520,,candidate,26.01.26.06,GEDEvent_v26_01_26_06.csv,ucdp_337,review,unknown_actor,True
337,Somalia: Government,1,631150,18957,2026,2026-05-21 00:00:00.000,2026-05-21 00:00:00.000,1,520,Somalia,Bay region,Baidoa district,3.116667,43.650000,2,95,Government of Somalia,9935,Forces of Laftagareen,false,Clear,520,,candidate,26.01.26.06,GEDEvent_v26_01_26_06.csv,ucdp_337,review,unknown_actor,True
337,Somalia: Government,1,631965,18957,2026,2026-05-30 00:00:00.000,2026-05-30 00:00:00.000,1,520,Somalia,Bay region,Baidoa district,3.116667,43.650000,1,95,Government of Somalia,9935,Forces of Laftagareen,false,Clear,520,,candidate,26.01.26.06,GEDEvent_v26_01_26_06.csv,ucdp_337,review,unknown_actor,True
337,Somalia: Government,1,631211,18959,2026,2026-06-03 00:00:00.000,2026-06-04 00:00:00.000,2,520,Somalia,Banaadir region,Mogadishu district,2.066667,45.366667,1,95,Government of Somalia,9936,SFC,false,Clear,520,,candidate,26.01.26.06,GEDEvent_v26_01_26_06.csv,ucdp_337,review,unknown_actor,True
142,XXX560,1,634964,283,2026,2026-06-17 00:00:00.000,2026-06-17 00:00:00.000,1,560,South Africa,Western Cape province,City of Cape Town municipality,-33.916667,18.416667,1,3737,XXX560,3737,XXX560,false,Check dyad,,,candidate,26.01.26.06,GEDEvent_v26_01_26_06.csv,ucdp_142,review,same_actor_on_both_sides,True
142,XXX560,1,634978,283,2026,2026-06-25 00:00:00.000,2026-06-25 00:00:00.000,1,560,South Africa,Gauteng province,City of Johannesburg municipality,-26.202222,28.043611,1,3737,XXX560,3737,XXX560,false,Check dyad,,,candidate,26.01.26.06,GEDEvent_v26_01_26_06.csv,ucdp_142,review,same_actor_on_both_sides,True
142,XXX560,1,634981,283,2026,2026-06-30 00:00:00.000,2026-06-30 00:00:00.000,1,560,South Africa,Gauteng province,City of Johannesburg municipality,-26.103833,28.096167,1,3737,XXX560,3737,XXX560,false,Check dyad,,,candidate,26.01.26.06,GEDEvent_v26_01_26_06.csv,ucdp_142,review,same_actor_on_both_sides,True
16905,"Iran - Israel, United States of America",1,625184,18868,2026,2026-03-04 00:00:00.000,2026-03-04 00:00:00.000,1,780,Sri Lanka,Western province,Colombo district,6.931944,79.847778,2,114,Government of Iran,9865,"Government of Israel, Government of United States of America",true,Check geography,630,,candidate,26.01.26.06,GEDEvent_v26_01_26_06.csv,ucdp_16905,review,unknown_actor,True
150,XXX652,1,611607,299,2026,2026-01-02 00:00:00.000,2026-01-02 00:00:00.000,1,652,Syria,Idlib governorate,Harim district,36.116800,36.515220,2,3745,XXX652,3745,XXX652,false,Check dyad,,,candidate,26.01.26.06,GEDEvent_v26_01_26_06.csv,ucdp_150,review,same_actor_on_both_sides,True
150,XXX652,1,611628,299,2026,2026-01-14 00:00:00.000,2026-01-14 00:00:00.000,1,652,Syria,Aleppo governorate,Mintaqat Azaz district,36.528920,37.314040,1,3745,XXX652,3745,XXX652,false,Check dyad,,,candidate,26.01.26.06,GEDEvent_v26_01_26_06.csv,ucdp_150,review,same_actor_on_both_sides,True
150,XXX652,1,613208,299,2026,2026-01-30 00:00:00.000,2026-01-30 00:00:00.000,1,652,Syria,Deir ez Zor governorate,Albu Kamal district,34.744167,40.770556,1,3745,XXX652,3745,XXX652,false,Check dyad,,,candidate,26.01.26.06,GEDEvent_v26_01_26_06.csv,ucdp_150,review,same_actor_on_both_sides,True
150,XXX652,1,620723,299,2026,2026-02-10 00:00:00.000,2026-02-10 00:00:00.000,1,652,Syria,Deir ez Zor governorate,,35.166667,40.283333,4,3745,XXX652,3745,XXX652,false,Check dyad,,,candidate,26.01.26.06,GEDEvent_v26_01_26_06.csv,ucdp_150,review,same_actor_on_both_sides,True
150,XXX652,1,620724,299,2026,2026-02-11 00:00:00.000,2026-02-11 00:00:00.000,1,652,Syria,Ar Raqqah governorate,Ar Raqqah district,35.952829,39.007879,1,3745,XXX652,3745,XXX652,false,Check dyad,,,candidate,26.01.26.06,GEDEvent_v26_01_26_06.csv,ucdp_150,review,same_actor_on_both_sides,True
150,XXX652,1,620737,299,2026,2026-02-15 00:00:00.000,2026-02-15 00:00:00.000,1,652,Syria,Aleppo governorate,Jabal Saman district,36.201241,37.161173,1,3745,XXX652,3745,XXX652,false,Check dyad,,,candidate,26.01.26.06,GEDEvent_v26_01_26_06.csv,ucdp_150,review,same_actor_on_both_sides,True
150,XXX652,1,620738,299,2026,2026-02-15 00:00:00.000,2026-02-15 00:00:00.000,1,652,Syria,Rif Dimashq governorate,Markaz Rif Dimashq district,33.487090,36.344490,1,3745,XXX652,3745,XXX652,false,Check dyad,,,candidate,26.01.26.06,GEDEvent_v26_01_26_06.csv,ucdp_150,review,same_actor_on_both_sides,True
150,XXX652,1,620741,299,2026,2026-02-16 00:00:00.000,2026-02-16 00:00:00.000,1,652,Syria,As Suwayda governorate,Salkhad district,32.546257,36.599692,1,3745,XXX652,3745,XXX652,false,Check dyad,,,candidate,26.01.26.06,GEDEvent_v26_01_26_06.csv,ucdp_150,review,same_actor_on_both_sides,True
150,XXX652,1,620835,299,2026,2026-02-23 00:00:00.000,2026-02-23 00:00:00.000,1,652,Syria,Deir ez Zor governorate,Al Mayadin district,35.020890,40.453455,1,3745,XXX652,3745,XXX652,false,Check dyad,,,candidate,26.01.26.06,GEDEvent_v26_01_26_06.csv,ucdp_150,review,same_actor_on_both_sides,True
150,XXX652,1,620839,299,2026,2026-02-24 00:00:00.000,2026-02-24 00:00:00.000,1,652,Syria,Latakia governorate,Jablah district,35.294156,36.051433,1,3745,XXX652,3745,XXX652,false,Check dyad,,,candidate,26.01.26.06,GEDEvent_v26_01_26_06.csv,ucdp_150,review,same_actor_on_both_sides,True
150,XXX652,1,620840,299,2026,2026-02-26 00:00:00.000,2026-02-26 00:00:00.000,1,652,Syria,Aleppo governorate,Jabal Saman district,36.204754,37.291072,1,3745,XXX652,3745,XXX652,false,Check dyad,,,candidate,26.01.26.06,GEDEvent_v26_01_26_06.csv,ucdp_150,review,same_actor_on_both_sides,True
150,XXX652,1,624214,299,2026,2026-03-07 00:00:00.000,2026-03-07 00:00:00.000,1,652,Syria,Hamah governorate,Muhradah district,35.321490,36.622920,1,3745,XXX652,3745,XXX652,false,Check dyad,,,candidate,26.01.26.06,GEDEvent_v26_01_26_06.csv,ucdp_150,review,same_actor_on_both_sides,True
150,XXX652,1,623778,299,2026,2026-03-20 00:00:00.000,2026-03-20 00:00:00.000,1,652,Syria,Idlib governorate,Harim district,36.138333,36.453611,2,3745,XXX652,3745,XXX652,false,Check dyad,,,candidate,26.01.26.06,GEDEvent_v26_01_26_06.csv,ucdp_150,review,same_actor_on_both_sides,True
150,XXX652,1,624228,299,2026,2026-04-01 00:00:00.000,2026-04-01 00:00:00.000,1,652,Syria,Al Hasakah governorate,Al Hasakah district,36.502368,40.747716,1,3745,XXX652,3745,XXX652,false,Check dyad,,,candidate,26.01.26.06,GEDEvent_v26_01_26_06.csv,ucdp_150,review,same_actor_on_both_sides,True
150,XXX652,1,627770,299,2026,2026-04-02 00:00:00.000,2026-04-02 00:00:00.000,1,652,Syria,Rif Dimashq governorate,Markaz Rif Dimashq district,33.487090,36.344490,1,3745,XXX652,3745,XXX652,false,Check dyad,,,candidate,26.01.26.06,GEDEvent_v26_01_26_06.csv,ucdp_150,review,same_actor_on_both_sides,True
150,XXX652,1,627752,299,2026,2026-04-11 00:00:00.000,2026-04-11 00:00:00.000,1,652,Syria,Deir ez Zor governorate,Deir ez Zor district,35.335876,40.140844,1,3745,XXX652,3745,XXX652,false,Check dyad,,,candidate,26.01.26.06,GEDEvent_v26_01_26_06.csv,ucdp_150,review,same_actor_on_both_sides,True
150,XXX652,1,627409,299,2026,2026-04-16 00:00:00.000,2026-04-16 00:00:00.000,1,652,Syria,Daraa governorate,Izra district,32.815332,36.212513,1,3745,XXX652,3745,XXX652,false,Check dyad,,,candidate,26.01.26.06,GEDEvent_v26_01_26_06.csv,ucdp_150,review,same_actor_on_both_sides,True
150,XXX652,1,627806,299,2026,2026-04-24 00:00:00.000,2026-04-24 00:00:00.000,1,652,Syria,Al Hasakah governorate,Al Hasakah district,36.502368,40.747716,1,3745,XXX652,3745,XXX652,false,Check dyad,,,candidate,26.01.26.06,GEDEvent_v26_01_26_06.csv,ucdp_150,review,same_actor_on_both_sides,True
150,XXX652,1,627798,299,2026,2026-04-27 00:00:00.000,2026-04-27 00:00:00.000,1,652,Syria,Deir ez Zor governorate,Deir ez Zor district,35.335876,40.140844,1,3745,XXX652,3745,XXX652,false,Check dyad,,,candidate,26.01.26.06,GEDEvent_v26_01_26_06.csv,ucdp_150,review,same_actor_on_both_sides,True
150,XXX652,1,627799,299,2026,2026-04-27 00:00:00.000,2026-04-27 00:00:00.000,1,652,Syria,Latakia governorate,Latakia district,35.531683,35.790106,1,3745,XXX652,3745,XXX652,false,Check dyad,,,candidate,26.01.26.06,GEDEvent_v26_01_26_06.csv,ucdp_150,review,same_actor_on_both_sides,True
150,XXX652,1,627797,299,2026,2026-04-28 00:00:00.000,2026-04-28 00:00:00.000,1,652,Syria,Aleppo governorate,,35.573566,37.654631,1,3745,XXX652,3745,XXX652,false,Check dyad,,,candidate,26.01.26.06,GEDEvent_v26_01_26_06.csv,ucdp_150,review,same_actor_on_both_sides,True
150,XXX652,1,627789,299,2026,2026-04-29 00:00:00.000,2026-04-29 00:00:00.000,1,652,Syria,Latakia governorate,Al Haffah district,35.687174,36.141432,2,3745,XXX652,3745,XXX652,false,Check dyad,,,candidate,26.01.26.06,GEDEvent_v26_01_26_06.csv,ucdp_150,review,same_actor_on_both_sides,True
150,XXX652,1,630618,299,2026,2026-05-19 00:00:00.000,2026-05-19 00:00:00.000,1,652,Syria,Damascus governorate,Damascus district,33.513364,36.291575,1,3745,XXX652,3745,XXX652,false,Check dyad,,,candidate,26.01.26.06,GEDEvent_v26_01_26_06.csv,ucdp_150,review,same_actor_on_both_sides,True
150,XXX652,1,630609,299,2026,2026-05-24 00:00:00.000,2026-05-24 00:00:00.000,1,652,Syria,Idlib governorate,Markaz Idlib district,35.904030,36.725010,1,3745,XXX652,3745,XXX652,false,Check dyad,,,candidate,26.01.26.06,GEDEvent_v26_01_26_06.csv,ucdp_150,review,same_actor_on_both_sides,True
150,XXX652,1,630606,299,2026,2026-05-25 00:00:00.000,2026-05-25 00:00:00.000,1,652,Syria,Al Hasakah governorate,,36.516667,40.900000,4,3745,XXX652,3745,XXX652,false,Check dyad,,,candidate,26.01.26.06,GEDEvent_v26_01_26_06.csv,ucdp_150,review,same_actor_on_both_sides,True
150,XXX652,1,630602,299,2026,2026-05-26 00:00:00.000,2026-05-26 00:00:00.000,1,652,Syria,Aleppo governorate,Afrin district,36.394960,36.688900,1,3745,XXX652,3745,XXX652,false,Check dyad,,,candidate,26.01.26.06,GEDEvent_v26_01_26_06.csv,ucdp_150,review,same_actor_on_both_sides,True
150,XXX652,1,633982,299,2026,2026-06-06 00:00:00.000,2026-06-06 00:00:00.000,1,652,Syria,Idlib governorate,,35.766667,36.666667,4,3745,XXX652,3745,XXX652,false,Check dyad,,,candidate,26.01.26.06,GEDEvent_v26_01_26_06.csv,ucdp_150,review,same_actor_on_both_sides,True
150,XXX652,1,633977,299,2026,2026-06-07 00:00:00.000,2026-06-07 00:00:00.000,1,652,Syria,Aleppo governorate,Al Bab district,36.369722,37.514925,2,3745,XXX652,3745,XXX652,false,Check dyad,,,candidate,26.01.26.06,GEDEvent_v26_01_26_06.csv,ucdp_150,review,same_actor_on_both_sides,True
150,XXX652,1,633857,299,2026,2026-06-17 00:00:00.000,2026-06-17 00:00:00.000,1,652,Syria,Hamah governorate,As Suqaylibiyah district,35.258840,36.384610,1,3745,XXX652,3745,XXX652,false,Check dyad,,,candidate,26.01.26.06,GEDEvent_v26_01_26_06.csv,ucdp_150,review,same_actor_on_both_sides,True
150,XXX652,1,633858,299,2026,2026-06-17 00:00:00.000,2026-06-17 00:00:00.000,1,652,Syria,Rif Dimashq governorate,Yabrud district,33.907668,36.485896,1,3745,XXX652,3745,XXX652,false,Check dyad,,,candidate,26.01.26.06,GEDEvent_v26_01_26_06.csv,ucdp_150,review,same_actor_on_both_sides,True
150,XXX652,1,633828,299,2026,2026-06-23 00:00:00.000,2026-06-23 00:00:00.000,1,652,Syria,Homs governorate,Mintaqat Markaz Homs district,34.726818,36.723391,1,3745,XXX652,3745,XXX652,false,Check dyad,,,candidate,26.01.26.06,GEDEvent_v26_01_26_06.csv,ucdp_150,review,same_actor_on_both_sides,True
150,XXX652,1,633487,299,2026,2026-06-24 00:00:00.000,2026-06-24 00:00:00.000,1,652,Syria,Rif Dimashq governorate,Mintaqat az Zabadani district,33.726307,36.095947,1,3745,XXX652,3745,XXX652,false,Check dyad,,,candidate,26.01.26.06,GEDEvent_v26_01_26_06.csv,ucdp_150,review,same_actor_on_both_sides,True
150,XXX652,1,633823,299,2026,2026-06-26 00:00:00.000,2026-06-26 00:00:00.000,1,652,Syria,Aleppo governorate,Ayn al Arab district,36.602237,38.348162,3,3745,XXX652,3745,XXX652,false,Check dyad,,,candidate,26.01.26.06,GEDEvent_v26_01_26_06.csv,ucdp_150,review,same_actor_on_both_sides,True
150,XXX652,1,633815,299,2026,2026-06-28 00:00:00.000,2026-06-28 00:00:00.000,1,652,Syria,Aleppo governorate,As Safirah district,36.076960,37.372512,1,3745,XXX652,3745,XXX652,false,Check dyad,,,candidate,26.01.26.06,GEDEvent_v26_01_26_06.csv,ucdp_150,review,same_actor_on_both_sides,True
150,XXX652,1,633816,299,2026,2026-06-28 00:00:00.000,2026-06-28 00:00:00.000,1,652,Syria,Idlib governorate,Markaz Idlib district,35.982916,36.702210,1,3745,XXX652,3745,XXX652,false,Check dyad,,,candidate,26.01.26.06,GEDEvent_v26_01_26_06.csv,ucdp_150,review,same_actor_on_both_sides,True
150,XXX652,1,633813,299,2026,2026-06-28 00:00:00.000,2026-06-28 00:00:00.000,1,652,Syria,Daraa governorate,Markaz Daraa district,32.737778,36.068750,1,3745,XXX652,3745,XXX652,false,Check dyad,,,candidate,26.01.26.06,GEDEvent_v26_01_26_06.csv,ucdp_150,review,same_actor_on_both_sides,True
16732,Syria: Suweida,1,613377,18657,2026,2026-01-24 00:00:00.000,2026-01-24 00:00:00.000,1,652,Syria,As Suwayda governorate,Markaz as Suwayda district,32.746929,36.526022,1,118,Government of Syria,9668,National Guard,false,Check dyad,652,,candidate,26.01.26.06,GEDEvent_v26_01_26_06.csv,ucdp_16732,review,unknown_actor,True
16732,Syria: Suweida,1,620710,18657,2026,2026-02-06 00:00:00.000,2026-02-06 00:00:00.000,1,652,Syria,As Suwayda governorate,Markaz as Suwayda district,32.798394,36.505999,1,118,Government of Syria,9668,National Guard,false,Clear,652,,candidate,26.01.26.06,GEDEvent_v26_01_26_06.csv,ucdp_16732,review,unknown_actor,True
16732,Syria: Suweida,1,620739,18657,2026,2026-02-15 00:00:00.000,2026-02-15 00:00:00.000,1,652,Syria,As Suwayda governorate,Markaz as Suwayda district,32.746929,36.526022,1,118,Government of Syria,9668,National Guard,false,Clear,652,,candidate,26.01.26.06,GEDEvent_v26_01_26_06.csv,ucdp_16732,review,unknown_actor,True
16732,Syria: Suweida,1,623780,18657,2026,2026-03-19 00:00:00.000,2026-03-19 00:00:00.000,1,652,Syria,As Suwayda governorate,Markaz as Suwayda district,32.711796,36.567370,1,118,Government of Syria,9668,National Guard,false,Clear,652,,candidate,26.01.26.06,GEDEvent_v26_01_26_06.csv,ucdp_16732,review,unknown_actor,True
16732,Syria: Suweida,1,623782,18657,2026,2026-03-19 00:00:00.000,2026-03-19 00:00:00.000,1,652,Syria,As Suwayda governorate,Salkhad district,32.509390,36.542590,1,118,Government of Syria,9668,National Guard,false,Clear,652,,candidate,26.01.26.06,GEDEvent_v26_01_26_06.csv,ucdp_16732,review,unknown_actor,True
16905,"Iran - Israel, United States of America",1,620845,18868,2026,2026-02-28 00:00:00.000,2026-02-28 00:00:00.000,1,652,Syria,As Suwayda governorate,Markaz as Suwayda district,32.711796,36.567370,1,114,Government of Iran,9865,"Government of Israel, Government of United States of America",true,Clear,630,,candidate,26.01.26.06,GEDEvent_v26_01_26_06.csv,ucdp_16905,review,unknown_actor,True
157,XXX616,1,615979,313,2026,2026-01-03 00:00:00.000,2026-01-03 00:00:00.000,1,616,Tunisia,Kassérine governorate,,35.250000,8.783333,4,3752,XXX616,3752,XXX616,false,Check dyad,,,candidate,26.01.26.06,GEDEvent_v26_01_26_06.csv,ucdp_157,review,same_actor_on_both_sides,True
157,XXX616,1,615978,313,2026,2026-01-22 00:00:00.000,2026-01-22 00:00:00.000,1,616,Tunisia,Kassérine governorate,,35.250000,8.783333,4,3752,XXX616,3752,XXX616,false,Check dyad,,,candidate,26.01.26.06,GEDEvent_v26_01_26_06.csv,ucdp_157,review,same_actor_on_both_sides,True
132,XXX365,1,613738,263,2026,2026-01-27 00:00:00.000,2026-01-27 00:00:00.000,1,369,Ukraine,Cherkasy oblast,,49.430919,32.060839,4,3727,XXX365,3727,XXX365,false,Check dyad,,,candidate,26.01.26.06,GEDEvent_v26_01_26_06.csv,ucdp_132,review,same_actor_on_both_sides,True
161,XXX369,1,630514,321,2026,2026-06-01 00:00:00.000,2026-06-01 00:00:00.000,1,369,Ukraine,Dnipropetrovsk oblast,Nikopol raion,47.554880,34.153460,2,3756,XXX369,3756,XXX369,false,Check dyad,,,candidate,26.01.26.06,GEDEvent_v26_01_26_06.csv,ucdp_161,review,same_actor_on_both_sides,True
16905,"Iran - Israel, United States of America",1,622614,18868,2026,2026-02-28 00:00:00.000,2026-02-28 00:00:00.000,1,696,United Arab Emirates,,,24.000000,54.000000,6,114,Government of Iran,9865,"Government of Israel, Government of United States of America",true,Check geography,630,,candidate,26.01.26.06,GEDEvent_v26_01_26_06.csv,ucdp_16905,review,unknown_actor,True
16905,"Iran - Israel, United States of America",1,622611,18868,2026,2026-02-28 00:00:00.000,2026-03-01 00:00:00.000,2,696,United Arab Emirates,,,24.000000,54.000000,6,114,Government of Iran,9865,"Government of Israel, Government of United States of America",true,Check geography,630,,candidate,26.01.26.06,GEDEvent_v26_01_26_06.csv,ucdp_16905,review,unknown_actor,True
16905,"Iran - Israel, United States of America",1,622606,18868,2026,2026-02-28 00:00:00.000,2026-02-28 00:00:00.000,1,696,United Arab Emirates,Abu Dhabi emirate,,24.451180,54.396960,1,114,Government of Iran,9865,"Government of Israel, Government of United States of America",true,Clear,630,,candidate,26.01.26.06,GEDEvent_v26_01_26_06.csv,ucdp_16905,review,unknown_actor,True
16905,"Iran - Israel, United States of America",1,624760,18868,2026,2026-02-28 00:00:00.000,2026-03-10 00:00:00.000,4,696,United Arab Emirates,,,24.000000,54.000000,6,114,Government of Iran,9865,"Government of Israel, Government of United States of America",true,Check dyad,630,,candidate,26.01.26.06,GEDEvent_v26_01_26_06.csv,ucdp_16905,review,unknown_actor,True
16905,"Iran - Israel, United States of America",1,624756,18868,2026,2026-03-07 00:00:00.000,2026-03-07 00:00:00.000,1,696,United Arab Emirates,Dubay emirate,,25.258172,55.304717,1,114,Government of Iran,9865,"Government of Israel, Government of United States of America",true,Check,630,,candidate,26.01.26.06,GEDEvent_v26_01_26_06.csv,ucdp_16905,review,unknown_actor,True
16905,"Iran - Israel, United States of America",1,624762,18868,2026,2026-03-16 00:00:00.000,2026-03-16 00:00:00.000,1,696,United Arab Emirates,Abu Dhabi emirate,,24.451180,54.396960,1,114,Government of Iran,9865,"Government of Israel, Government of United States of America",true,Clear,630,,candidate,26.01.26.06,GEDEvent_v26_01_26_06.csv,ucdp_16905,review,unknown_actor,True
16905,"Iran - Israel, United States of America",1,624764,18868,2026,2026-03-17 00:00:00.000,2026-03-17 00:00:00.000,1,696,United Arab Emirates,Abu Dhabi emirate,,24.451180,54.396960,1,114,Government of Iran,9865,"Government of Israel, Government of United States of America",true,Clear,630,,candidate,26.01.26.06,GEDEvent_v26_01_26_06.csv,ucdp_16905,review,unknown_actor,True
16905,"Iran - Israel, United States of America",1,624766,18868,2026,2026-03-26 00:00:00.000,2026-03-26 00:00:00.000,1,696,United Arab Emirates,Abu Dhabi emirate,,24.451180,54.396960,1,114,Government of Iran,9865,"Government of Israel, Government of United States of America",true,Check dyad,630,,candidate,26.01.26.06,GEDEvent_v26_01_26_06.csv,ucdp_16905,review,unknown_actor,True
16905,"Iran - Israel, United States of America",1,624768,18868,2026,2026-04-01 00:00:00.000,2026-04-01 00:00:00.000,1,696,United Arab Emirates,Fujayrah emirate,,25.116410,56.341410,1,114,Government of Iran,9865,"Government of Israel, Government of United States of America",true,Clear,630,,candidate,26.01.26.06,GEDEvent_v26_01_26_06.csv,ucdp_16905,review,unknown_actor,True
16905,"Iran - Israel, United States of America",1,624769,18868,2026,2026-04-03 00:00:00.000,2026-04-03 00:00:00.000,1,696,United Arab Emirates,Abu Dhabi emirate,,24.451180,54.396960,1,114,Government of Iran,9865,"Government of Israel, Government of United States of America",true,Clear,630,,candidate,26.01.26.06,GEDEvent_v26_01_26_06.csv,ucdp_16905,review,unknown_actor,True
167,XXX101,1,612210,333,2026,2026-01-20 00:00:00.000,2026-01-20 00:00:00.000,1,101,Venezuela,Falcón state,Monseñor Iturriza municipality,10.882000,-68.208020,2,3762,XXX101,3762,XXX101,false,Check dyad,,,candidate,26.01.26.06,GEDEvent_v26_01_26_06.csv,ucdp_167,review,same_actor_on_both_sides,True
167,XXX101,1,612252,333,2026,2026-01-22 00:00:00.000,2026-01-22 00:00:00.000,1,101,Venezuela,Yaracuy state,San Felipe municipality,10.366136,-68.715101,1,3762,XXX101,3762,XXX101,false,Check dyad,,,candidate,26.01.26.06,GEDEvent_v26_01_26_06.csv,ucdp_167,review,same_actor_on_both_sides,True
167,XXX101,1,612262,333,2026,2026-01-30 00:00:00.000,2026-01-30 00:00:00.000,1,101,Venezuela,Amazonas state,Atabapo municipality,3.686110,-67.452500,2,3762,XXX101,3762,XXX101,false,Check dyad,,,candidate,26.01.26.06,GEDEvent_v26_01_26_06.csv,ucdp_167,review,same_actor_on_both_sides,True
167,XXX101,1,624815,333,2026,2026-03-12 00:00:00.000,2026-03-12 00:00:00.000,1,101,Venezuela,Carabobo state,Valencia municipality,10.083330,-68.083330,3,3762,XXX101,3762,XXX101,false,Check dyad,,,candidate,26.01.26.06,GEDEvent_v26_01_26_06.csv,ucdp_167,review,same_actor_on_both_sides,True
167,XXX101,1,624807,333,2026,2026-03-26 00:00:00.000,2026-03-26 00:00:00.000,1,101,Venezuela,,,10.488011,-66.879193,1,3762,XXX101,3762,XXX101,false,Check dyad,,,candidate,26.01.26.06,GEDEvent_v26_01_26_06.csv,ucdp_167,review,same_actor_on_both_sides,True
167,XXX101,1,629244,333,2026,2026-04-01 00:00:00.000,2026-04-01 00:00:00.000,1,101,Venezuela,Guárico state,,8.666670,-66.583330,4,3762,XXX101,3762,XXX101,false,Check dyad,,,candidate,26.01.26.06,GEDEvent_v26_01_26_06.csv,ucdp_167,review,same_actor_on_both_sides,True
167,XXX101,1,629241,333,2026,2026-04-09 00:00:00.000,2026-04-09 00:00:00.000,1,101,Venezuela,Yaracuy state,,10.339740,-68.737340,4,3762,XXX101,3762,XXX101,false,Check dyad,,,candidate,26.01.26.06,GEDEvent_v26_01_26_06.csv,ucdp_167,review,same_actor_on_both_sides,True
167,XXX101,1,629240,333,2026,2026-04-18 00:00:00.000,2026-04-18 00:00:00.000,1,101,Venezuela,Carabobo state,Valencia municipality,10.162020,-68.007650,1,3762,XXX101,3762,XXX101,false,Check dyad,,,candidate,26.01.26.06,GEDEvent_v26_01_26_06.csv,ucdp_167,review,same_actor_on_both_sides,True
167,XXX101,1,629237,333,2026,2026-04-21 00:00:00.000,2026-04-21 00:00:00.000,1,101,Venezuela,Carabobo state,Puerto Cabello municipality,10.473060,-68.012500,1,3762,XXX101,3762,XXX101,false,Check dyad,,,candidate,26.01.26.06,GEDEvent_v26_01_26_06.csv,ucdp_167,review,same_actor_on_both_sides,True
169,XXX678,1,620347,337,2026,2026-02-22 00:00:00.000,2026-02-22 00:00:00.000,1,678,Yemen (North Yemen),Amānat al ‘Āşimah governorate,,15.354722,44.206667,2,3764,XXX678,3764,XXX678,false,Check dyad,,,candidate,26.01.26.06,GEDEvent_v26_01_26_06.csv,ucdp_169,review,same_actor_on_both_sides,True
169,XXX678,1,624329,337,2026,2026-03-16 00:00:00.000,2026-03-22 00:00:00.000,3,678,Yemen (North Yemen),Bayda governorate,Aş Şawma‘ah district,14.227711,45.831125,3,3764,XXX678,3764,XXX678,false,Check dyad,,,candidate,26.01.26.06,GEDEvent_v26_01_26_06.csv,ucdp_169,review,same_actor_on_both_sides,True
169,XXX678,1,624349,337,2026,2026-03-29 00:00:00.000,2026-03-29 00:00:00.000,1,678,Yemen (North Yemen),Amānat al ‘Āşimah governorate,,15.354722,44.206667,1,3764,XXX678,3764,XXX678,false,Check dyad,,,candidate,26.01.26.06,GEDEvent_v26_01_26_06.csv,ucdp_169,review,same_actor_on_both_sides,True
16099,"United Kingdom, United States of America - Yemen",1,620290,17738,2026,2026-02-01 00:00:00.000,2026-02-01 00:00:00.000,1,678,Yemen (North Yemen),Hudaydah governorate,Ad Durayhimī district,14.616922,42.909973,2,6356,"Government of United Kingdom, Government of United States of America",123,Government of Yemen (North Yemen),false,Check dyad,,678,candidate,26.01.26.06,GEDEvent_v26_01_26_06.csv,ucdp_16099,review,unknown_actor,True
35,XXX100,1,637614,69,2026,2026-07-22 00:00:00.000,2026-07-22 00:00:00.000,1,100,Colombia,Risaralda department,Pereira municipality,4.813333,-75.696111,1,3630,XXX100,3630,XXX100,false,Check type of violence,,,candidate,26.0.7,GEDEvent_v26_0_7.csv,ucdp_35,review,same_actor_on_both_sides,True
55,XXX530,1,637277,109,2026,2026-07-21 00:00:00.000,2026-07-21 00:00:00.000,1,530,Ethiopia,Gambella state,Agnuak zone,8.200000,34.266667,2,3650,XXX530,3650,XXX530,false,Check dyad,,,candidate,26.0.7,GEDEvent_v26_0_7.csv,ucdp_55,review,same_actor_on_both_sides,True
55,XXX530,1,637371,109,2026,2026-07-24 00:00:00.000,2026-07-24 00:00:00.000,1,530,Ethiopia,Oromiya state,East Welega zone,9.564749,36.632002,1,3650,XXX530,3650,XXX530,false,Check dyad,,,candidate,26.0.7,GEDEvent_v26_0_7.csv,ucdp_55,review,same_actor_on_both_sides,True
63,XXX260,1,637810,125,2026,2026-07-26 00:00:00.000,2026-07-26 00:00:00.000,1,260,Germany,Berlin state,,52.516667,13.400000,1,3658,XXX260,3658,XXX260,false,Check dyad,,,candidate,26.0.7,GEDEvent_v26_0_7.csv,ucdp_63,review,same_actor_on_both_sides,True
70,XXX41,1,636121,139,2026,2026-06-01 00:00:00.000,2026-07-17 00:00:00.000,5,41,Haiti,Nord department,Cap-Haïtien arrondissement,19.750000,-72.200000,3,3665,XXX41,3665,XXX41,false,Check dyad,,,candidate,26.0.7,GEDEvent_v26_0_7.csv,ucdp_70,review,same_actor_on_both_sides,True
70,XXX41,1,636122,139,2026,2026-07-15 00:00:00.000,2026-07-15 00:00:00.000,1,41,Haiti,Nord department,Cap-Haïtien arrondissement,19.750000,-72.200000,3,3665,XXX41,3665,XXX41,false,Check dyad,,,candidate,26.0.7,GEDEvent_v26_0_7.csv,ucdp_70,review,same_actor_on_both_sides,True
70,XXX41,1,636141,139,2026,2026-07-15 00:00:00.000,2026-07-15 00:00:00.000,1,41,Haiti,Ouest department,Port-au-Prince arrondissement,18.512541,-72.285219,1,3665,XXX41,3665,XXX41,false,Check dyad,,,candidate,26.0.7,GEDEvent_v26_0_7.csv,ucdp_70,review,same_actor_on_both_sides,True
251,India: Nagaland,1,636493,19019,2026,2026-07-06 00:00:00.000,2026-07-06 00:00:00.000,1,750,India,Manipur state,Ukhrul district,25.004792,94.434883,3,141,Government of India,9944,NSCN-IM-E,false,Check geography,750,,candidate,26.0.7,GEDEvent_v26_0_7.csv,ucdp_251,review,unknown_actor,True
251,India: Nagaland,1,636534,19019,2026,2026-07-13 00:00:00.000,2026-07-13 00:00:00.000,1,750,India,Nagaland state,Chümoukedima district,25.760755,93.712370,2,141,Government of India,9944,NSCN-IM-E,false,Check dyad,750,,candidate,26.0.7,GEDEvent_v26_0_7.csv,ucdp_251,review,unknown_actor,True
75,XXX850,1,636380,149,2026,2026-07-20 00:00:00.000,2026-07-20 00:00:00.000,1,850,Indonesia,Papua Pegunungan province,Yahukimo regency,-4.859167,139.473889,5,3670,XXX850,3670,XXX850,false,Check dyad,,,candidate,26.0.7,GEDEvent_v26_0_7.csv,ucdp_75,review,same_actor_on_both_sides,True
76,XXX630,1,636917,151,2026,2026-07-08 00:00:00.000,2026-07-08 00:00:00.000,1,630,Iran,West Azarbaijan province,Sardasht county,36.200000,45.483333,3,3671,XXX630,3671,XXX630,false,Check dyad,,,candidate,26.0.7,GEDEvent_v26_0_7.csv,ucdp_76,review,same_actor_on_both_sides,True
76,XXX630,1,637522,151,2026,2026-07-10 00:00:00.000,2026-07-10 00:00:00.000,1,630,Iran,Razavi Khorasan province,Mashhad county,36.315590,59.567960,1,3671,XXX630,3671,XXX630,false,Check dyad,,,candidate,26.0.7,GEDEvent_v26_0_7.csv,ucdp_76,review,same_actor_on_both_sides,True
76,XXX630,1,636885,151,2026,2026-07-29 00:00:00.000,2026-07-29 00:00:00.000,1,630,Iran,West Azarbaijan province,Bukan county,36.521000,46.208900,2,3671,XXX630,3671,XXX630,false,Check dyad,,,candidate,26.0.7,GEDEvent_v26_0_7.csv,ucdp_76,review,same_actor_on_both_sides,True
76,XXX630,1,637570,151,2026,2026-07-31 00:00:00.000,2026-07-31 00:00:00.000,1,630,Iran,Khuzestan province,Shadegan county,30.666670,48.666670,3,3671,XXX630,3671,XXX630,false,Check dyad,,,candidate,26.0.7,GEDEvent_v26_0_7.csv,ucdp_76,review,same_actor_on_both_sides,True
16905,"Iran - Israel, United States of America",1,637547,18868,2026,2026-06-27 00:00:00.000,2026-07-18 00:00:00.000,4,630,Iran,,,32.000000,53.000000,6,114,Government of Iran,9865,"Government of Israel, Government of United States of America",true,Check deaths,630,,candidate,26.0.7,GEDEvent_v26_0_7.csv,ucdp_16905,review,unknown_actor,True
16905,"Iran - Israel, United States of America",1,637534,18868,2026,2026-07-08 00:00:00.000,2026-07-14 00:00:00.000,3,630,Iran,,,32.000000,53.000000,6,114,Government of Iran,9865,"Government of Israel, Government of United States of America",true,Clear,630,,candidate,26.0.7,GEDEvent_v26_0_7.csv,ucdp_16905,review,unknown_actor,True
16905,"Iran - Israel, United States of America",1,637521,18868,2026,2026-07-08 00:00:00.000,2026-07-09 00:00:00.000,2,630,Iran,,,32.000000,53.000000,6,114,Government of Iran,9865,"Government of Israel, Government of United States of America",true,Check geography,630,,candidate,26.0.7,GEDEvent_v26_0_7.csv,ucdp_16905,review,unknown_actor,True
16905,"Iran - Israel, United States of America",1,637517,18868,2026,2026-07-08 00:00:00.000,2026-07-08 00:00:00.000,1,630,Iran,Khuzestan province,Bandar-e Mahshahr county,30.554300,49.185890,1,114,Government of Iran,9865,"Government of Israel, Government of United States of America",true,Clear,630,,candidate,26.0.7,GEDEvent_v26_0_7.csv,ucdp_16905,review,unknown_actor,True
16905,"Iran - Israel, United States of America",1,637518,18868,2026,2026-07-08 00:00:00.000,2026-07-08 00:00:00.000,1,630,Iran,Hormozgan province,Bandar Abbas county,27.550000,56.283330,3,114,Government of Iran,9865,"Government of Israel, Government of United States of America",true,Clear,630,,candidate,26.0.7,GEDEvent_v26_0_7.csv,ucdp_16905,review,unknown_actor,True
16905,"Iran - Israel, United States of America",1,637519,18868,2026,2026-07-08 00:00:00.000,2026-07-08 00:00:00.000,1,630,Iran,Bushehr province,,28.918400,50.838200,4,114,Government of Iran,9865,"Government of Israel, Government of United States of America",true,Clear,630,,candidate,26.0.7,GEDEvent_v26_0_7.csv,ucdp_16905,review,unknown_actor,True
16905,"Iran - Israel, United States of America",1,637520,18868,2026,2026-07-09 00:00:00.000,2026-07-09 00:00:00.000,1,630,Iran,Khuzestan province,Ahvaz county,31.320278,48.669167,2,114,Government of Iran,9865,"Government of Israel, Government of United States of America",true,Clear,630,,candidate,26.0.7,GEDEvent_v26_0_7.csv,ucdp_16905,review,unknown_actor,True
16905,"Iran - Israel, United States of America",1,637523,18868,2026,2026-07-12 00:00:00.000,2026-07-12 00:00:00.000,1,630,Iran,Hormozgan province,Jask county,25.648133,57.779986,1,114,Government of Iran,9865,"Government of Israel, Government of United States of America",true,Clear,630,,candidate,26.0.7,GEDEvent_v26_0_7.csv,ucdp_16905,review,unknown_actor,True
16905,"Iran - Israel, United States of America",1,637524,18868,2026,2026-07-12 00:00:00.000,2026-07-12 00:00:00.000,1,630,Iran,Hormozgan province,Bandar Lengeh county,26.783330,54.650000,3,114,Government of Iran,9865,"Government of Israel, Government of United States of America",true,Check geography,630,,candidate,26.0.7,GEDEvent_v26_0_7.csv,ucdp_16905,review,unknown_actor,True
16905,"Iran - Israel, United States of America",1,637528,18868,2026,2026-07-13 00:00:00.000,2026-07-13 00:00:00.000,1,630,Iran,Khuzestan province,Bandar-e Mahshahr county,30.554300,49.185890,1,114,Government of Iran,9865,"Government of Israel, Government of United States of America",true,Clear,630,,candidate,26.0.7,GEDEvent_v26_0_7.csv,ucdp_16905,review,unknown_actor,True
16905,"Iran - Israel, United States of America",1,637526,18868,2026,2026-07-13 00:00:00.000,2026-07-13 00:00:00.000,1,630,Iran,Khuzestan province,Abadan county,30.350556,48.283333,2,114,Government of Iran,9865,"Government of Israel, Government of United States of America",true,Clear,630,,candidate,26.0.7,GEDEvent_v26_0_7.csv,ucdp_16905,review,unknown_actor,True
16905,"Iran - Israel, United States of America",1,637532,18868,2026,2026-07-14 00:00:00.000,2026-07-14 00:00:00.000,1,630,Iran,Hormozgan province,,27.188400,56.276800,4,114,Government of Iran,9865,"Government of Israel, Government of United States of America",true,Check geography,630,,candidate,26.0.7,GEDEvent_v26_0_7.csv,ucdp_16905,review,unknown_actor,True
16905,"Iran - Israel, United States of America",1,637540,18868,2026,2026-07-15 00:00:00.000,2026-07-15 00:00:00.000,1,630,Iran,Sistan and Baluchestan province,Bampur county,27.168056,60.222778,3,114,Government of Iran,9865,"Government of Israel, Government of United States of America",true,Clear,630,,candidate,26.0.7,GEDEvent_v26_0_7.csv,ucdp_16905,review,unknown_actor,True
16905,"Iran - Israel, United States of America",1,637542,18868,2026,2026-07-16 00:00:00.000,2026-07-16 00:00:00.000,1,630,Iran,Hormozgan province,Khamir county,27.277560,55.509150,3,114,Government of Iran,9865,"Government of Israel, Government of United States of America",true,Clear,630,,candidate,26.0.7,GEDEvent_v26_0_7.csv,ucdp_16905,review,unknown_actor,True
16905,"Iran - Israel, United States of America",1,637545,18868,2026,2026-07-18 00:00:00.000,2026-07-18 00:00:00.000,1,630,Iran,Hormozgan province,,27.188400,56.276800,4,114,Government of Iran,9865,"Government of Israel, Government of United States of America",true,Clear,630,,candidate,26.0.7,GEDEvent_v26_0_7.csv,ucdp_16905,review,unknown_actor,True
16905,"Iran - Israel, United States of America",1,637525,18868,2026,2026-07-20 00:00:00.000,2026-07-20 00:00:00.000,1,630,Iran,East Azarbaijan province,Tabriz county,38.080256,46.292389,1,114,Government of Iran,9865,"Government of Israel, Government of United States of America",true,Clear,630,,candidate,26.0.7,GEDEvent_v26_0_7.csv,ucdp_16905,review,unknown_actor,True
16905,"Iran - Israel, United States of America",1,637743,18868,2026,2026-07-22 00:00:00.000,2026-07-22 00:00:00.000,1,630,Iran,Khuzestan province,Khorramshahr county,30.505260,48.026560,2,114,Government of Iran,9865,"Government of Israel, Government of United States of America",true,Clear,630,,candidate,26.0.7,GEDEvent_v26_0_7.csv,ucdp_16905,review,unknown_actor,True
16905,"Iran - Israel, United States of America",1,637553,18868,2026,2026-07-24 00:00:00.000,2026-07-24 00:00:00.000,1,630,Iran,Khuzestan province,Ahvaz county,31.320278,48.669167,2,114,Government of Iran,9865,"Government of Israel, Government of United States of America",true,Clear,630,,candidate,26.0.7,GEDEvent_v26_0_7.csv,ucdp_16905,review,unknown_actor,True
16905,"Iran - Israel, United States of America",1,637567,18868,2026,2026-07-30 00:00:00.000,2026-07-30 00:00:00.000,1,630,Iran,Zanjan province,,36.675100,48.484500,4,114,Government of Iran,9865,"Government of Israel, Government of United States of America",true,Clear,630,,candidate,26.0.7,GEDEvent_v26_0_7.csv,ucdp_16905,review,unknown_actor,True
16905,"Iran - Israel, United States of America",1,637563,18868,2026,2026-07-30 00:00:00.000,2026-07-30 00:00:00.000,1,630,Iran,Hormozgan province,Qeshm county,26.949200,56.269100,1,114,Government of Iran,9865,"Government of Israel, Government of United States of America",true,Clear,630,,candidate,26.0.7,GEDEvent_v26_0_7.csv,ucdp_16905,review,unknown_actor,True
205,Iran: Kurdistan,1,636194,10793,2026,2026-07-17 00:00:00.000,2026-07-17 00:00:00.000,1,645,Iraq,Sulaymānīyah province,Qaḑā’ Sulaymānīyah,35.406751,45.466035,2,114,Government of Iran,2278,Komalah,false,Clear,630,,candidate,26.0.7,GEDEvent_v26_0_7.csv,ucdp_205,review,unknown_actor,True
16905,"Iran - Israel, United States of America",1,636199,18868,2026,2026-07-18 00:00:00.000,2026-07-18 00:00:00.000,1,645,Iraq,Arbīl province,Qaḑā’ Arbīl,36.192573,44.010620,1,114,Government of Iran,9865,"Government of Israel, Government of United States of America",true,Check,630,,candidate,26.0.7,GEDEvent_v26_0_7.csv,ucdp_16905,review,unknown_actor,True
16905,"Iran - Israel, United States of America",1,637548,18868,2026,2026-07-17 00:00:00.000,2026-07-17 00:00:00.000,1,663,Jordan,,,31.000000,36.000000,6,114,Government of Iran,9865,"Government of Israel, Government of United States of America",true,Check geography,630,,candidate,26.0.7,GEDEvent_v26_0_7.csv,ucdp_16905,review,unknown_actor,True
16905,"Iran - Israel, United States of America",1,637564,18868,2026,2026-07-30 00:00:00.000,2026-07-30 00:00:00.000,1,690,Kuwait,,,29.337500,47.658100,6,114,Government of Iran,9865,"Government of Israel, Government of United States of America",true,Check geography,630,,candidate,26.0.7,GEDEvent_v26_0_7.csv,ucdp_16905,review,unknown_actor,True
107,XXX70,1,637333,213,2026,2026-07-04 00:00:00.000,2026-07-04 00:00:00.000,1,70,Mexico,Sinaloa state,Mazatlán municipality,23.232900,-106.406200,1,3702,XXX70,3702,XXX70,false,Check dyad,,,candidate,26.0.7,GEDEvent_v26_0_7.csv,ucdp_107,review,same_actor_on_both_sides,True
107,XXX70,1,637334,213,2026,2026-07-04 00:00:00.000,2026-07-04 00:00:00.000,1,70,Mexico,Sinaloa state,Rosario municipality,22.993252,-105.858632,1,3702,XXX70,3702,XXX70,false,Check dyad,,,candidate,26.0.7,GEDEvent_v26_0_7.csv,ucdp_107,review,same_actor_on_both_sides,True
107,XXX70,1,637335,213,2026,2026-07-05 00:00:00.000,2026-07-05 00:00:00.000,1,70,Mexico,Tamaulipas state,Victoria municipality,23.741744,-99.145993,1,3702,XXX70,3702,XXX70,false,Check dyad,,,candidate,26.0.7,GEDEvent_v26_0_7.csv,ucdp_107,review,same_actor_on_both_sides,True
112,XXX775,1,636399,223,2026,2026-07-10 00:00:00.000,2026-07-10 00:00:00.000,1,775,Myanmar (Burma),Ayeyarwady region,Hinthada district,17.601400,95.014430,5,3707,XXX775,3707,XXX775,false,Check dyad,,,candidate,26.0.7,GEDEvent_v26_0_7.csv,ucdp_112,review,same_actor_on_both_sides,True
222,Myanmar (Burma): Government,1,636418,18893,2026,2026-07-09 00:00:00.000,2026-07-09 00:00:00.000,1,775,Myanmar (Burma),Magway region,Pakokku district,21.601323,95.151167,1,144,Government of Myanmar (Burma),9884,SCEF,true,Clear,775,,candidate,26.0.7,GEDEvent_v26_0_7.csv,ucdp_222,review,unknown_actor,True
222,Myanmar (Burma): Government,1,636411,18893,2026,2026-07-10 00:00:00.000,2026-07-10 00:00:00.000,1,775,Myanmar (Burma),Bago region,Taungoo district,19.258126,96.370681,1,144,Government of Myanmar (Burma),9884,SCEF,true,Clear,775,,candidate,26.0.7,GEDEvent_v26_0_7.csv,ucdp_222,review,unknown_actor,True
222,Myanmar (Burma): Government,1,636398,18893,2026,2026-07-10 00:00:00.000,2026-07-10 00:00:00.000,1,775,Myanmar (Burma),Magway region,Magway district,20.723270,94.856967,2,144,Government of Myanmar (Burma),9884,SCEF,true,Clear,775,,candidate,26.0.7,GEDEvent_v26_0_7.csv,ucdp_222,review,unknown_actor,True
222,Myanmar (Burma): Government,1,636430,18893,2026,2026-07-13 00:00:00.000,2026-07-13 00:00:00.000,1,775,Myanmar (Burma),Bago region,Taungoo district,18.345696,96.857289,5,144,Government of Myanmar (Burma),9884,SCEF,true,Clear,775,,candidate,26.0.7,GEDEvent_v26_0_7.csv,ucdp_222,review,unknown_actor,True
222,Myanmar (Burma): Government,1,635591,18893,2026,2026-07-13 00:00:00.000,2026-07-13 00:00:00.000,1,775,Myanmar (Burma),,,22.000000,98.000000,6,144,Government of Myanmar (Burma),9884,SCEF,true,Check geography,775,,candidate,26.0.7,GEDEvent_v26_0_7.csv,ucdp_222,review,unknown_actor,True
222,Myanmar (Burma): Government,1,636397,18893,2026,2026-07-14 00:00:00.000,2026-07-14 00:00:00.000,1,775,Myanmar (Burma),Magway region,Magway district,20.493075,95.388576,5,144,Government of Myanmar (Burma),9884,SCEF,true,Clear,775,,candidate,26.0.7,GEDEvent_v26_0_7.csv,ucdp_222,review,unknown_actor,True
222,Myanmar (Burma): Government,1,636325,18893,2026,2026-07-15 00:00:00.000,2026-07-15 00:00:00.000,1,775,Myanmar (Burma),Kayah state,Loikaw district,19.263020,97.064310,5,144,Government of Myanmar (Burma),9884,SCEF,true,Clear,775,,candidate,26.0.7,GEDEvent_v26_0_7.csv,ucdp_222,review,unknown_actor,True
222,Myanmar (Burma): Government,1,636732,18893,2026,2026-07-17 00:00:00.000,2026-07-17 00:00:00.000,1,775,Myanmar (Burma),Chin state,Hakha district,22.640507,93.601841,1,144,Government of Myanmar (Burma),9884,SCEF,true,Clear,775,,candidate,26.0.7,GEDEvent_v26_0_7.csv,ucdp_222,review,unknown_actor,True
222,Myanmar (Burma): Government,1,636308,18893,2026,2026-07-18 00:00:00.000,2026-07-18 00:00:00.000,1,775,Myanmar (Burma),Mandalay region,Meiktila district,21.299980,95.718490,1,144,Government of Myanmar (Burma),9884,SCEF,true,Clear,775,,candidate,26.0.7,GEDEvent_v26_0_7.csv,ucdp_222,review,unknown_actor,True
222,Myanmar (Burma): Government,1,636317,18893,2026,2026-07-22 00:00:00.000,2026-07-22 00:00:00.000,1,775,Myanmar (Burma),Magway region,Pakokku district,21.694450,94.699100,1,144,Government of Myanmar (Burma),9884,SCEF,true,Clear,775,,candidate,26.0.7,GEDEvent_v26_0_7.csv,ucdp_222,review,unknown_actor,True
222,Myanmar (Burma): Government,1,636429,18893,2026,2026-07-22 00:00:00.000,2026-07-22 00:00:00.000,1,775,Myanmar (Burma),Mandalay region,Pyinoolwin district,22.353670,96.009430,1,144,Government of Myanmar (Burma),9884,SCEF,true,Clear,775,,candidate,26.0.7,GEDEvent_v26_0_7.csv,ucdp_222,review,unknown_actor,True
222,Myanmar (Burma): Government,1,636428,18893,2026,2026-07-25 00:00:00.000,2026-07-25 00:00:00.000,1,775,Myanmar (Burma),Sagaing region,Shwebo district,22.841490,95.484350,1,144,Government of Myanmar (Burma),9884,SCEF,true,Clear,775,,candidate,26.0.7,GEDEvent_v26_0_7.csv,ucdp_222,review,unknown_actor,True
222,Myanmar (Burma): Government,1,636314,18893,2026,2026-07-25 00:00:00.000,2026-07-25 00:00:00.000,1,775,Myanmar (Burma),Bago region,Taungoo district,19.281950,96.153600,5,144,Government of Myanmar (Burma),9884,SCEF,true,Clear,775,,candidate,26.0.7,GEDEvent_v26_0_7.csv,ucdp_222,review,unknown_actor,True
222,Myanmar (Burma): Government,1,636316,18893,2026,2026-07-27 00:00:00.000,2026-07-27 00:00:00.000,1,775,Myanmar (Burma),Sagaing region,Sagaing district,22.107753,95.662380,1,144,Government of Myanmar (Burma),9884,SCEF,true,Clear,775,,candidate,26.0.7,GEDEvent_v26_0_7.csv,ucdp_222,review,unknown_actor,True
222,Myanmar (Burma): Government,1,636313,18893,2026,2026-07-28 00:00:00.000,2026-07-28 00:00:00.000,1,775,Myanmar (Burma),Sagaing region,Shwebo district,22.301326,95.766639,5,144,Government of Myanmar (Burma),9884,SCEF,true,Clear,775,,candidate,26.0.7,GEDEvent_v26_0_7.csv,ucdp_222,review,unknown_actor,True
222,Myanmar (Burma): Government,1,636680,18893,2026,2026-07-28 00:00:00.000,2026-07-28 00:00:00.000,1,775,Myanmar (Burma),Sagaing region,Shwebo district,22.237990,95.875020,1,144,Government of Myanmar (Burma),9884,SCEF,true,Clear,775,,candidate,26.0.7,GEDEvent_v26_0_7.csv,ucdp_222,review,unknown_actor,True
222,Myanmar (Burma): Government,1,636310,18893,2026,2026-07-30 00:00:00.000,2026-07-30 00:00:00.000,1,775,Myanmar (Burma),Sagaing region,Shwebo district,22.820457,95.848885,2,144,Government of Myanmar (Burma),9884,SCEF,true,Clear,775,,candidate,26.0.7,GEDEvent_v26_0_7.csv,ucdp_222,review,unknown_actor,True
222,Myanmar (Burma): Government,1,636303,18893,2026,2026-07-31 00:00:00.000,2026-07-31 00:00:00.000,1,775,Myanmar (Burma),Bago region,Taungoo district,18.345696,96.857289,5,144,Government of Myanmar (Burma),9884,SCEF,true,Clear,775,,candidate,26.0.7,GEDEvent_v26_0_7.csv,ucdp_222,review,unknown_actor,True
119,XXX475,1,636433,237,2026,2026-05-15 00:00:00.000,2026-07-10 00:00:00.000,5,475,Nigeria,Oyo state,Oriire lga,8.353273,4.165251,3,3714,XXX475,3714,XXX475,false,Check dyad,,,candidate,26.0.7,GEDEvent_v26_0_7.csv,ucdp_119,review,same_actor_on_both_sides,True
119,XXX475,1,636272,237,2026,2026-07-02 00:00:00.000,2026-07-02 00:00:00.000,1,475,Nigeria,Benue state,,7.333333,8.750000,4,3714,XXX475,3714,XXX475,false,Check dyad,,,candidate,26.0.7,GEDEvent_v26_0_7.csv,ucdp_119,review,same_actor_on_both_sides,True
119,XXX475,1,634385,237,2026,2026-07-02 00:00:00.000,2026-07-02 00:00:00.000,1,475,Nigeria,Katsina state,Dutsin-Ma lga,12.454111,7.522408,3,3714,XXX475,3714,XXX475,false,Check dyad,,,candidate,26.0.7,GEDEvent_v26_0_7.csv,ucdp_119,review,same_actor_on_both_sides,True
119,XXX475,1,634386,237,2026,2026-07-02 00:00:00.000,2026-07-02 00:00:00.000,1,475,Nigeria,Katsina state,Malumfashi lga,11.859222,7.655955,3,3714,XXX475,3714,XXX475,false,Check dyad,,,candidate,26.0.7,GEDEvent_v26_0_7.csv,ucdp_119,review,same_actor_on_both_sides,True
119,XXX475,1,634387,237,2026,2026-07-02 00:00:00.000,2026-07-02 00:00:00.000,1,475,Nigeria,Benue state,Logo lga,7.689220,9.250490,3,3714,XXX475,3714,XXX475,false,Check dyad,,,candidate,26.0.7,GEDEvent_v26_0_7.csv,ucdp_119,review,same_actor_on_both_sides,True
119,XXX475,1,636238,237,2026,2026-07-04 00:00:00.000,2026-07-04 00:00:00.000,1,475,Nigeria,Niger state,Borgu lga,10.358612,4.128719,3,3714,XXX475,3714,XXX475,false,Check dyad,,,candidate,26.0.7,GEDEvent_v26_0_7.csv,ucdp_119,review,same_actor_on_both_sides,True
119,XXX475,1,636235,237,2026,2026-07-04 00:00:00.000,2026-07-04 00:00:00.000,1,475,Nigeria,Sokoto state,Wamakko lga,13.039920,5.119460,3,3714,XXX475,3714,XXX475,false,Check dyad,,,candidate,26.0.7,GEDEvent_v26_0_7.csv,ucdp_119,review,same_actor_on_both_sides,True
119,XXX475,1,637620,237,2026,2026-07-05 00:00:00.000,2026-07-05 00:00:00.000,1,475,Nigeria,Taraba state,Sardauna lga,6.874630,11.211840,3,3714,XXX475,3714,XXX475,false,Check dyad,,,candidate,26.0.7,GEDEvent_v26_0_7.csv,ucdp_119,review,same_actor_on_both_sides,True
119,XXX475,1,636286,237,2026,2026-07-07 00:00:00.000,2026-07-07 00:00:00.000,1,475,Nigeria,Zamfara state,Kaura-Namoda lga,12.561955,6.576168,3,3714,XXX475,3714,XXX475,false,Check dyad,,,candidate,26.0.7,GEDEvent_v26_0_7.csv,ucdp_119,review,same_actor_on_both_sides,True
119,XXX475,1,636289,237,2026,2026-07-07 00:00:00.000,2026-07-07 00:00:00.000,1,475,Nigeria,Zamfara state,Kaura-Namoda lga,12.561955,6.576168,3,3714,XXX475,3714,XXX475,false,Check dyad,,,candidate,26.0.7,GEDEvent_v26_0_7.csv,ucdp_119,review,same_actor_on_both_sides,True
119,XXX475,1,636291,237,2026,2026-07-07 00:00:00.000,2026-07-07 00:00:00.000,1,475,Nigeria,Zamfara state,Anka lga,11.895570,5.912123,2,3714,XXX475,3714,XXX475,false,Check deaths,,,candidate,26.0.7,GEDEvent_v26_0_7.csv,ucdp_119,review,same_actor_on_both_sides,True
119,XXX475,1,637646,237,2026,2026-07-08 00:00:00.000,2026-07-08 00:00:00.000,1,475,Nigeria,Federal Capital territory,Bwari Area council,9.218000,7.408000,3,3714,XXX475,3714,XXX475,false,Check dyad,,,candidate,26.0.7,GEDEvent_v26_0_7.csv,ucdp_119,review,same_actor_on_both_sides,True
119,XXX475,1,636754,237,2026,2026-07-08 00:00:00.000,2026-07-08 00:00:00.000,1,475,Nigeria,Kaduna state,Kajuru lga,10.277040,7.857840,3,3714,XXX475,3714,XXX475,false,Check dyad,,,candidate,26.0.7,GEDEvent_v26_0_7.csv,ucdp_119,review,same_actor_on_both_sides,True
119,XXX475,1,637639,237,2026,2026-07-09 00:00:00.000,2026-07-09 00:00:00.000,1,475,Nigeria,Niger state,Borgu lga,10.358612,4.128719,3,3714,XXX475,3714,XXX475,false,Check dyad,,,candidate,26.0.7,GEDEvent_v26_0_7.csv,ucdp_119,review,same_actor_on_both_sides,True
119,XXX475,1,636700,237,2026,2026-07-10 00:00:00.000,2026-07-10 00:00:00.000,1,475,Nigeria,Zamfara state,Maradun lga,12.777870,6.244960,3,3714,XXX475,3714,XXX475,false,Check dyad,,,candidate,26.0.7,GEDEvent_v26_0_7.csv,ucdp_119,review,same_actor_on_both_sides,True
119,XXX475,1,636427,237,2026,2026-07-10 00:00:00.000,2026-07-10 00:00:00.000,1,475,Nigeria,Oyo state,Oriire lga,8.353273,4.165251,3,3714,XXX475,3714,XXX475,false,Check dyad,,,candidate,26.0.7,GEDEvent_v26_0_7.csv,ucdp_119,review,same_actor_on_both_sides,True
119,XXX475,1,636402,237,2026,2026-07-10 00:00:00.000,2026-07-11 00:00:00.000,2,475,Nigeria,Zamfara state,Anka lga,11.960800,5.986620,3,3714,XXX475,3714,XXX475,false,Check dyad,,,candidate,26.0.7,GEDEvent_v26_0_7.csv,ucdp_119,review,same_actor_on_both_sides,True
119,XXX475,1,636710,237,2026,2026-07-12 00:00:00.000,2026-07-12 00:00:00.000,1,475,Nigeria,Kebbi state,Wasagu/Danko lga,11.505398,5.589948,3,3714,XXX475,3714,XXX475,false,Check dyad,,,candidate,26.0.7,GEDEvent_v26_0_7.csv,ucdp_119,review,same_actor_on_both_sides,True
119,XXX475,1,636708,237,2026,2026-07-13 00:00:00.000,2026-07-13 00:00:00.000,1,475,Nigeria,Kebbi state,Wasagu/Danko lga,11.505398,5.589948,3,3714,XXX475,3714,XXX475,false,Check dyad,,,candidate,26.0.7,GEDEvent_v26_0_7.csv,ucdp_119,review,same_actor_on_both_sides,True
119,XXX475,1,636741,237,2026,2026-07-14 00:00:00.000,2026-07-14 00:00:00.000,1,475,Nigeria,Sokoto state,Tangaza lga,13.496872,4.962863,3,3714,XXX475,3714,XXX475,false,Check dyad,,,candidate,26.0.7,GEDEvent_v26_0_7.csv,ucdp_119,review,same_actor_on_both_sides,True
119,XXX475,1,636924,237,2026,2026-07-14 00:00:00.000,2026-07-14 00:00:00.000,1,475,Nigeria,Zamfara state,Bukkuyum lga,11.974712,5.586514,3,3714,XXX475,3714,XXX475,false,Check dyad,,,candidate,26.0.7,GEDEvent_v26_0_7.csv,ucdp_119,review,same_actor_on_both_sides,True
119,XXX475,1,636925,237,2026,2026-07-16 00:00:00.000,2026-07-16 00:00:00.000,1,475,Nigeria,Kwara state,Isin lga,8.267466,5.053561,3,3714,XXX475,3714,XXX475,false,Check dyad,,,candidate,26.0.7,GEDEvent_v26_0_7.csv,ucdp_119,review,same_actor_on_both_sides,True
119,XXX475,1,636933,237,2026,2026-07-17 00:00:00.000,2026-07-19 00:00:00.000,2,475,Nigeria,Benue state,Katsina-Ala lga,7.289600,9.553300,3,3714,XXX475,3714,XXX475,false,Check dyad,,,candidate,26.0.7,GEDEvent_v26_0_7.csv,ucdp_119,review,same_actor_on_both_sides,True
119,XXX475,1,636991,237,2026,2026-07-21 00:00:00.000,2026-07-21 00:00:00.000,1,475,Nigeria,Kwara state,Kaiama lga,9.436617,4.166990,3,3714,XXX475,3714,XXX475,false,Check dyad,,,candidate,26.0.7,GEDEvent_v26_0_7.csv,ucdp_119,review,same_actor_on_both_sides,True
119,XXX475,1,636972,237,2026,2026-07-21 00:00:00.000,2026-07-21 00:00:00.000,1,475,Nigeria,Rivers state,Ogba-Egbema-Ndoni lga,5.341667,6.655556,3,3714,XXX475,3714,XXX475,false,Check dyad,,,candidate,26.0.7,GEDEvent_v26_0_7.csv,ucdp_119,review,same_actor_on_both_sides,True
119,XXX475,1,636792,237,2026,2026-07-22 00:00:00.000,2026-07-22 00:00:00.000,1,475,Nigeria,Zamfara state,,12.166670,6.250000,4,3714,XXX475,3714,XXX475,false,Check dyad,,,candidate,26.0.7,GEDEvent_v26_0_7.csv,ucdp_119,review,same_actor_on_both_sides,True
119,XXX475,1,637195,237,2026,2026-07-25 00:00:00.000,2026-07-25 00:00:00.000,1,475,Nigeria,Niger state,Kontagora lga,10.452250,5.479500,3,3714,XXX475,3714,XXX475,false,Check dyad,,,candidate,26.0.7,GEDEvent_v26_0_7.csv,ucdp_119,review,same_actor_on_both_sides,True
119,XXX475,1,636997,237,2026,2026-07-25 00:00:00.000,2026-07-25 00:00:00.000,1,475,Nigeria,Zamfara state,Bungudu lga,12.265095,6.554428,1,3714,XXX475,3714,XXX475,false,Check dyad,,,candidate,26.0.7,GEDEvent_v26_0_7.csv,ucdp_119,review,same_actor_on_both_sides,True
119,XXX475,1,637678,237,2026,2026-07-26 00:00:00.000,2026-07-26 00:00:00.000,1,475,Nigeria,Zamfara state,Kaura-Namoda lga,12.561955,6.576168,3,3714,XXX475,3714,XXX475,false,Check dyad,,,candidate,26.0.7,GEDEvent_v26_0_7.csv,ucdp_119,review,same_actor_on_both_sides,True
119,XXX475,1,637063,237,2026,2026-07-27 00:00:00.000,2026-07-27 00:00:00.000,1,475,Nigeria,Nasarawa state,Karu lga,9.046944,7.763639,3,3714,XXX475,3714,XXX475,false,Check dyad,,,candidate,26.0.7,GEDEvent_v26_0_7.csv,ucdp_119,review,same_actor_on_both_sides,True
119,XXX475,1,637076,237,2026,2026-07-27 00:00:00.000,2026-07-27 00:00:00.000,1,475,Nigeria,Kwara state,Ekiti lga,8.117991,5.320353,3,3714,XXX475,3714,XXX475,false,Check dyad,,,candidate,26.0.7,GEDEvent_v26_0_7.csv,ucdp_119,review,same_actor_on_both_sides,True
119,XXX475,1,637087,237,2026,2026-07-27 00:00:00.000,2026-07-30 00:00:00.000,2,475,Nigeria,Kebbi state,Wasagu/Danko lga,11.505398,5.589948,3,3714,XXX475,3714,XXX475,false,Check dyad,,,candidate,26.0.7,GEDEvent_v26_0_7.csv,ucdp_119,review,same_actor_on_both_sides,True
119,XXX475,1,637072,237,2026,2026-07-28 00:00:00.000,2026-07-28 00:00:00.000,1,475,Nigeria,Zamfara state,Kaura-Namoda lga,12.561955,6.576168,3,3714,XXX475,3714,XXX475,false,Check dyad,,,candidate,26.0.7,GEDEvent_v26_0_7.csv,ucdp_119,review,same_actor_on_both_sides,True
119,XXX475,1,637673,237,2026,2026-07-29 00:00:00.000,2026-07-29 00:00:00.000,1,475,Nigeria,Katsina state,Musawa lga,12.084690,7.688908,3,3714,XXX475,3714,XXX475,false,Check dyad,,,candidate,26.0.7,GEDEvent_v26_0_7.csv,ucdp_119,review,same_actor_on_both_sides,True
119,XXX475,1,637206,237,2026,2026-07-29 00:00:00.000,2026-07-29 00:00:00.000,1,475,Nigeria,Benue state,Katsina-Ala lga,7.179960,9.461650,1,3714,XXX475,3714,XXX475,false,Check dyad,,,candidate,26.0.7,GEDEvent_v26_0_7.csv,ucdp_119,review,same_actor_on_both_sides,True
119,XXX475,1,636811,18102,2026,2026-07-26 00:00:00.000,2026-07-26 00:00:00.000,1,475,Nigeria,Zamfara state,Bukkuyum lga,11.974712,5.586514,3,84,Government of Nigeria,9113,Forces of Dogo Gide,false,Check dyad,475,,candidate,26.0.7,GEDEvent_v26_0_7.csv,ucdp_119,review,unknown_actor,True
119,XXX475,1,637036,18960,2026,2026-07-26 00:00:00.000,2026-07-26 00:00:00.000,1,475,Nigeria,Katsina state,Bakori lga,11.728430,7.350910,1,84,Government of Nigeria,9937,Forces of Abasu Aiki,false,Check deaths,475,,candidate,26.0.7,GEDEvent_v26_0_7.csv,ucdp_119,review,unknown_actor,True
122,XXX770,1,634650,243,2026,2026-07-02 00:00:00.000,2026-07-02 00:00:00.000,1,770,Pakistan,Khyber Pakhtunkwa province,Bajaur district,34.760026,71.477604,2,3717,XXX770,3717,XXX770,false,Check,,,candidate,26.0.7,GEDEvent_v26_0_7.csv,ucdp_122,review,same_actor_on_both_sides,True
122,XXX770,1,634657,243,2026,2026-07-03 00:00:00.000,2026-07-03 00:00:00.000,1,770,Pakistan,Khyber Pakhtunkwa province,Bajaur district,34.757318,71.490673,3,3717,XXX770,3717,XXX770,false,Check dyad,,,candidate,26.0.7,GEDEvent_v26_0_7.csv,ucdp_122,review,same_actor_on_both_sides,True
122,XXX770,1,635064,243,2026,2026-07-05 00:00:00.000,2026-07-10 00:00:00.000,2,770,Pakistan,Balochistan province,,28.478488,65.643553,4,3717,XXX770,3717,XXX770,false,Check dyad,,,candidate,26.0.7,GEDEvent_v26_0_7.csv,ucdp_122,review,same_actor_on_both_sides,True
122,XXX770,1,635085,243,2026,2026-07-11 00:00:00.000,2026-07-11 00:00:00.000,1,770,Pakistan,Khyber Pakhtunkwa province,Bajaur district,34.866128,71.527082,2,3717,XXX770,3717,XXX770,false,Check dyad,,,candidate,26.0.7,GEDEvent_v26_0_7.csv,ucdp_122,review,same_actor_on_both_sides,True
122,XXX770,1,637726,243,2026,2026-07-13 00:00:00.000,2026-07-15 00:00:00.000,2,770,Pakistan,Balochistan province,Harnai district,30.166158,67.681111,3,3717,XXX770,3717,XXX770,false,Check dyad,,,candidate,26.0.7,GEDEvent_v26_0_7.csv,ucdp_122,review,same_actor_on_both_sides,True
122,XXX770,1,635226,243,2026,2026-07-13 00:00:00.000,2026-07-13 00:00:00.000,1,770,Pakistan,Balochistan province,,28.478488,65.643553,4,3717,XXX770,3717,XXX770,false,Check dyad,,,candidate,26.0.7,GEDEvent_v26_0_7.csv,ucdp_122,review,same_actor_on_both_sides,True
122,XXX770,1,635243,243,2026,2026-07-14 00:00:00.000,2026-07-14 00:00:00.000,1,770,Pakistan,Azad Jammu & Kashmir,Poonch district,33.857816,73.760426,1,3717,XXX770,3717,XXX770,false,Check dyad,,,candidate,26.0.7,GEDEvent_v26_0_7.csv,ucdp_122,review,same_actor_on_both_sides,True
122,XXX770,1,635236,243,2026,2026-07-14 00:00:00.000,2026-07-14 00:00:00.000,1,770,Pakistan,Balochistan province,Quetta district,30.174576,66.762027,3,3717,XXX770,3717,XXX770,false,Check dyad,,,candidate,26.0.7,GEDEvent_v26_0_7.csv,ucdp_122,review,same_actor_on_both_sides,True
122,XXX770,1,637603,243,2026,2026-07-14 00:00:00.000,2026-07-14 00:00:00.000,1,770,Pakistan,Khyber Pakhtunkwa province,Peshawar district,33.985119,71.557837,3,3717,XXX770,3717,XXX770,false,Check dyad,,,candidate,26.0.7,GEDEvent_v26_0_7.csv,ucdp_122,review,same_actor_on_both_sides,True
122,XXX770,1,637606,243,2026,2026-07-15 00:00:00.000,2026-07-15 00:00:00.000,1,770,Pakistan,Khyber Pakhtunkwa province,Lower Dir district,34.851941,71.853352,3,3717,XXX770,3717,XXX770,false,Check dyad,,,candidate,26.0.7,GEDEvent_v26_0_7.csv,ucdp_122,review,same_actor_on_both_sides,True
122,XXX770,1,637722,243,2026,2026-07-15 00:00:00.000,2026-07-15 00:00:00.000,1,770,Pakistan,Khyber Pakhtunkwa province,Kurram district,33.937522,69.917164,1,3717,XXX770,3717,XXX770,false,Check dyad,,,candidate,26.0.7,GEDEvent_v26_0_7.csv,ucdp_122,review,same_actor_on_both_sides,True
122,XXX770,1,637731,243,2026,2026-07-16 00:00:00.000,2026-07-16 00:00:00.000,1,770,Pakistan,Khyber Pakhtunkwa province,Upper Dir district,35.308785,72.046918,3,3717,XXX770,3717,XXX770,false,Check dyad,,,candidate,26.0.7,GEDEvent_v26_0_7.csv,ucdp_122,review,same_actor_on_both_sides,True
122,XXX770,1,637736,243,2026,2026-07-16 00:00:00.000,2026-07-16 00:00:00.000,1,770,Pakistan,Khyber Pakhtunkwa province,Lower Dir district,34.851941,71.853352,3,3717,XXX770,3717,XXX770,false,Check dyad,,,candidate,26.0.7,GEDEvent_v26_0_7.csv,ucdp_122,review,same_actor_on_both_sides,True
122,XXX770,1,637737,243,2026,2026-07-16 00:00:00.000,2026-07-16 00:00:00.000,1,770,Pakistan,Balochistan province,,28.478488,65.643553,4,3717,XXX770,3717,XXX770,false,Check dyad,,,candidate,26.0.7,GEDEvent_v26_0_7.csv,ucdp_122,review,same_actor_on_both_sides,True
122,XXX770,1,637616,243,2026,2026-07-16 00:00:00.000,2026-07-17 00:00:00.000,2,770,Pakistan,Khyber Pakhtunkwa province,Bannu district,32.903565,70.636761,3,3717,XXX770,3717,XXX770,false,Check,,,candidate,26.0.7,GEDEvent_v26_0_7.csv,ucdp_122,review,same_actor_on_both_sides,True
122,XXX770,1,637758,243,2026,2026-07-17 00:00:00.000,2026-07-17 00:00:00.000,1,770,Pakistan,Khyber Pakhtunkwa province,Bajaur district,34.757318,71.490673,3,3717,XXX770,3717,XXX770,false,Check dyad,,,candidate,26.0.7,GEDEvent_v26_0_7.csv,ucdp_122,review,same_actor_on_both_sides,True
122,XXX770,1,637756,243,2026,2026-07-17 00:00:00.000,2026-07-17 00:00:00.000,1,770,Pakistan,Azad Jammu & Kashmir,Poonch district,33.816906,73.825201,3,3717,XXX770,3717,XXX770,false,Check dyad,,,candidate,26.0.7,GEDEvent_v26_0_7.csv,ucdp_122,review,same_actor_on_both_sides,True
122,XXX770,1,637761,243,2026,2026-07-17 00:00:00.000,2026-07-17 00:00:00.000,1,770,Pakistan,Balochistan province,Kharan district,27.963081,64.571130,3,3717,XXX770,3717,XXX770,false,Check dyad,,,candidate,26.0.7,GEDEvent_v26_0_7.csv,ucdp_122,review,same_actor_on_both_sides,True
122,XXX770,1,637767,243,2026,2026-07-19 00:00:00.000,2026-07-19 00:00:00.000,1,770,Pakistan,Balochistan province,Dera Bugti district,28.942498,69.068830,3,3717,XXX770,3717,XXX770,false,Check,,,candidate,26.0.7,GEDEvent_v26_0_7.csv,ucdp_122,review,same_actor_on_both_sides,True
122,XXX770,1,637768,243,2026,2026-07-19 00:00:00.000,2026-07-19 00:00:00.000,1,770,Pakistan,Balochistan province,Panjgur district,26.650000,63.300000,1,3717,XXX770,3717,XXX770,false,Check dyad,,,candidate,26.0.7,GEDEvent_v26_0_7.csv,ucdp_122,review,same_actor_on_both_sides,True
122,XXX770,1,637783,243,2026,2026-07-19 00:00:00.000,2026-07-19 00:00:00.000,1,770,Pakistan,Khyber Pakhtunkwa province,Bannu district,32.903565,70.636761,3,3717,XXX770,3717,XXX770,false,Check dyad,,,candidate,26.0.7,GEDEvent_v26_0_7.csv,ucdp_122,review,same_actor_on_both_sides,True
122,XXX770,1,637785,243,2026,2026-07-20 00:00:00.000,2026-07-20 00:00:00.000,1,770,Pakistan,Khyber Pakhtunkwa province,Mohmand district,34.463860,71.351161,3,3717,XXX770,3717,XXX770,false,Check dyad,,,candidate,26.0.7,GEDEvent_v26_0_7.csv,ucdp_122,review,same_actor_on_both_sides,True
122,XXX770,1,637786,243,2026,2026-07-20 00:00:00.000,2026-07-20 00:00:00.000,1,770,Pakistan,Balochistan province,Sorab district,28.490642,66.222190,3,3717,XXX770,3717,XXX770,false,Check dyad,,,candidate,26.0.7,GEDEvent_v26_0_7.csv,ucdp_122,review,same_actor_on_both_sides,True
122,XXX770,1,637787,243,2026,2026-07-20 00:00:00.000,2026-07-20 00:00:00.000,1,770,Pakistan,Balochistan province,Khuzdar district,27.486797,66.587031,3,3717,XXX770,3717,XXX770,false,Check dyad,,,candidate,26.0.7,GEDEvent_v26_0_7.csv,ucdp_122,review,same_actor_on_both_sides,True
122,XXX770,1,637788,243,2026,2026-07-20 00:00:00.000,2026-07-20 00:00:00.000,1,770,Pakistan,Khyber Pakhtunkwa province,Bannu district,32.903565,70.636761,3,3717,XXX770,3717,XXX770,false,Check dyad,,,candidate,26.0.7,GEDEvent_v26_0_7.csv,ucdp_122,review,same_actor_on_both_sides,True
122,XXX770,1,637789,243,2026,2026-07-20 00:00:00.000,2026-07-20 00:00:00.000,1,770,Pakistan,Balochistan province,Sorab district,28.490642,66.222190,3,3717,XXX770,3717,XXX770,false,Check dyad,,,candidate,26.0.7,GEDEvent_v26_0_7.csv,ucdp_122,review,same_actor_on_both_sides,True
122,XXX770,1,637804,243,2026,2026-07-23 00:00:00.000,2026-07-23 00:00:00.000,1,770,Pakistan,Khyber Pakhtunkwa province,Mohmand district,34.501375,71.271401,1,3717,XXX770,3717,XXX770,false,Check dyad,,,candidate,26.0.7,GEDEvent_v26_0_7.csv,ucdp_122,review,same_actor_on_both_sides,True
122,XXX770,1,637799,243,2026,2026-07-23 00:00:00.000,2026-07-23 00:00:00.000,1,770,Pakistan,Khyber Pakhtunkwa province,South Waziristan,32.055556,69.300000,1,3717,XXX770,3717,XXX770,false,Check dyad,,,candidate,26.0.7,GEDEvent_v26_0_7.csv,ucdp_122,review,same_actor_on_both_sides,True
122,XXX770,1,637812,243,2026,2026-07-24 00:00:00.000,2026-07-24 00:00:00.000,1,770,Pakistan,Khyber Pakhtunkwa province,Kohat district,33.449111,71.543938,3,3717,XXX770,3717,XXX770,false,Check dyad,,,candidate,26.0.7,GEDEvent_v26_0_7.csv,ucdp_122,review,same_actor_on_both_sides,True
122,XXX770,1,637813,243,2026,2026-07-24 00:00:00.000,2026-07-24 00:00:00.000,1,770,Pakistan,Balochistan province,Mastung district,29.794547,66.720678,3,3717,XXX770,3717,XXX770,false,Check dyad,,,candidate,26.0.7,GEDEvent_v26_0_7.csv,ucdp_122,review,same_actor_on_both_sides,True
122,XXX770,1,637814,243,2026,2026-07-24 00:00:00.000,2026-07-24 00:00:00.000,1,770,Pakistan,Balochistan province,Mastung district,29.599080,67.098880,1,3717,XXX770,3717,XXX770,false,Check dyad,,,candidate,26.0.7,GEDEvent_v26_0_7.csv,ucdp_122,review,same_actor_on_both_sides,True
122,XXX770,1,637815,243,2026,2026-07-24 00:00:00.000,2026-07-24 00:00:00.000,1,770,Pakistan,Balochistan province,Kachhi district,29.903210,67.133130,1,3717,XXX770,3717,XXX770,false,Check dyad,,,candidate,26.0.7,GEDEvent_v26_0_7.csv,ucdp_122,review,same_actor_on_both_sides,True
122,XXX770,1,637816,243,2026,2026-07-24 00:00:00.000,2026-07-24 00:00:00.000,1,770,Pakistan,Balochistan province,Washuk district,27.923850,62.925230,1,3717,XXX770,3717,XXX770,false,Check dyad,,,candidate,26.0.7,GEDEvent_v26_0_7.csv,ucdp_122,review,same_actor_on_both_sides,True
122,XXX770,1,637817,243,2026,2026-07-24 00:00:00.000,2026-07-24 00:00:00.000,1,770,Pakistan,Balochistan province,Kachhi district,29.903210,67.133130,1,3717,XXX770,3717,XXX770,false,Check dyad,,,candidate,26.0.7,GEDEvent_v26_0_7.csv,ucdp_122,review,same_actor_on_both_sides,True
122,XXX770,1,637826,243,2026,2026-07-26 00:00:00.000,2026-07-26 00:00:00.000,1,770,Pakistan,Khyber Pakhtunkwa province,South Waziristan,32.292222,69.420556,1,3717,XXX770,3717,XXX770,false,Check dyad,,,candidate,26.0.7,GEDEvent_v26_0_7.csv,ucdp_122,review,same_actor_on_both_sides,True
122,XXX770,1,637827,243,2026,2026-07-26 00:00:00.000,2026-07-26 00:00:00.000,1,770,Pakistan,Khyber Pakhtunkwa province,Bajaur district,34.866128,71.527082,1,3717,XXX770,3717,XXX770,false,Check dyad,,,candidate,26.0.7,GEDEvent_v26_0_7.csv,ucdp_122,review,same_actor_on_both_sides,True
122,XXX770,1,637636,243,2026,2026-07-26 00:00:00.000,2026-07-26 00:00:00.000,1,770,Pakistan,Khyber Pakhtunkwa province,Lakki Marwat district,32.431245,70.965102,1,3717,XXX770,3717,XXX770,false,Check dyad,,,candidate,26.0.7,GEDEvent_v26_0_7.csv,ucdp_122,review,same_actor_on_both_sides,True
122,XXX770,1,637829,243,2026,2026-07-27 00:00:00.000,2026-07-27 00:00:00.000,1,770,Pakistan,Khyber Pakhtunkwa province,Charsadda district,34.251020,71.690372,3,3717,XXX770,3717,XXX770,false,Check dyad,,,candidate,26.0.7,GEDEvent_v26_0_7.csv,ucdp_122,review,same_actor_on_both_sides,True
122,XXX770,1,637836,243,2026,2026-07-28 00:00:00.000,2026-07-28 00:00:00.000,1,770,Pakistan,Azad Jammu & Kashmir,Poonch district,33.857816,73.760426,1,3717,XXX770,3717,XXX770,false,Check dyad,,,candidate,26.0.7,GEDEvent_v26_0_7.csv,ucdp_122,review,same_actor_on_both_sides,True
122,XXX770,1,637837,243,2026,2026-07-28 00:00:00.000,2026-07-28 00:00:00.000,1,770,Pakistan,Balochistan province,Nushki district,29.552180,66.022880,1,3717,XXX770,3717,XXX770,false,Check dyad,,,candidate,26.0.7,GEDEvent_v26_0_7.csv,ucdp_122,review,same_actor_on_both_sides,True
122,XXX770,1,637839,243,2026,2026-07-28 00:00:00.000,2026-07-28 00:00:00.000,1,770,Pakistan,Balochistan province,Khuzdar district,27.342804,66.369631,2,3717,XXX770,3717,XXX770,false,Check dyad,,,candidate,26.0.7,GEDEvent_v26_0_7.csv,ucdp_122,review,same_actor_on_both_sides,True
122,XXX770,1,637849,243,2026,2026-07-29 00:00:00.000,2026-07-29 00:00:00.000,1,770,Pakistan,Balochistan province,Panjgur district,26.850623,63.867536,2,3717,XXX770,3717,XXX770,false,Check dyad,,,candidate,26.0.7,GEDEvent_v26_0_7.csv,ucdp_122,review,same_actor_on_both_sides,True
122,XXX770,1,637865,243,2026,2026-07-31 00:00:00.000,2026-07-31 00:00:00.000,1,770,Pakistan,Balochistan province,Nushki district,29.500000,65.666667,3,3717,XXX770,3717,XXX770,false,Check dyad,,,candidate,26.0.7,GEDEvent_v26_0_7.csv,ucdp_122,review,same_actor_on_both_sides,True
122,XXX770,1,637857,243,2026,2026-07-31 00:00:00.000,2026-07-31 00:00:00.000,1,770,Pakistan,Khyber Pakhtunkwa province,Bannu district,32.903565,70.636761,3,3717,XXX770,3717,XXX770,false,Check dyad,,,candidate,26.0.7,GEDEvent_v26_0_7.csv,ucdp_122,review,same_actor_on_both_sides,True
122,XXX770,1,637859,243,2026,2026-07-31 00:00:00.000,2026-07-31 00:00:00.000,1,770,Pakistan,Khyber Pakhtunkwa province,Bajaur district,34.814722,71.421667,1,3717,XXX770,3717,XXX770,false,Check dyad,,,candidate,26.0.7,GEDEvent_v26_0_7.csv,ucdp_122,review,same_actor_on_both_sides,True
122,XXX770,1,637860,243,2026,2026-07-31 00:00:00.000,2026-07-31 00:00:00.000,1,770,Pakistan,Khyber Pakhtunkwa province,Bannu district,32.903565,70.636761,3,3717,XXX770,3717,XXX770,false,Check dyad,,,candidate,26.0.7,GEDEvent_v26_0_7.csv,ucdp_122,review,same_actor_on_both_sides,True
122,XXX770,1,637649,243,2026,2026-07-31 00:00:00.000,2026-07-31 00:00:00.000,1,770,Pakistan,Khyber Pakhtunkwa province,Dera Ismail Khan district,31.597780,70.356770,1,3717,XXX770,3717,XXX770,false,Check dyad,,,candidate,26.0.7,GEDEvent_v26_0_7.csv,ucdp_122,review,same_actor_on_both_sides,True
337,Somalia: Government,1,635748,18957,2026,2026-07-16 00:00:00.000,2026-07-16 00:00:00.000,1,520,Somalia,Bay region,Baidoa district,3.116667,43.650000,1,95,Government of Somalia,9935,Forces of Laftagareen,false,Clear,520,,candidate,26.0.7,GEDEvent_v26_0_7.csv,ucdp_337,review,unknown_actor,True
150,XXX652,1,636447,299,2026,2026-07-02 00:00:00.000,2026-07-02 00:00:00.000,1,652,Syria,Damascus governorate,Damascus district,33.513364,36.291575,1,3745,XXX652,3745,XXX652,false,Check dyad,,,candidate,26.0.7,GEDEvent_v26_0_7.csv,ucdp_150,review,same_actor_on_both_sides,True
150,XXX652,1,636454,299,2026,2026-07-03 00:00:00.000,2026-07-03 00:00:00.000,1,652,Syria,Damascus governorate,Damascus district,33.513364,36.291575,1,3745,XXX652,3745,XXX652,false,Check dyad,,,candidate,26.0.7,GEDEvent_v26_0_7.csv,ucdp_150,review,same_actor_on_both_sides,True
150,XXX652,1,636437,299,2026,2026-07-10 00:00:00.000,2026-07-10 00:00:00.000,1,652,Syria,Aleppo governorate,Al Bab district,36.462686,37.501901,2,3745,XXX652,3745,XXX652,false,Check dyad,,,candidate,26.0.7,GEDEvent_v26_0_7.csv,ucdp_150,review,same_actor_on_both_sides,True
150,XXX652,1,636358,299,2026,2026-07-18 00:00:00.000,2026-07-18 00:00:00.000,1,652,Syria,Idlib governorate,Maarat al-Numaan district,35.442080,36.650950,1,3745,XXX652,3745,XXX652,false,Check dyad,,,candidate,26.0.7,GEDEvent_v26_0_7.csv,ucdp_150,review,same_actor_on_both_sides,True
150,XXX652,1,636352,299,2026,2026-07-20 00:00:00.000,2026-07-20 00:00:00.000,1,652,Syria,Rif Dimashq governorate,Al Nabk district,34.080060,36.659151,1,3745,XXX652,3745,XXX652,false,Check dyad,,,candidate,26.0.7,GEDEvent_v26_0_7.csv,ucdp_150,review,same_actor_on_both_sides,True
150,XXX652,1,636341,299,2026,2026-07-26 00:00:00.000,2026-07-26 00:00:00.000,1,652,Syria,Aleppo governorate,Afrin district,36.439970,36.674081,1,3745,XXX652,3745,XXX652,false,Check dyad,,,candidate,26.0.7,GEDEvent_v26_0_7.csv,ucdp_150,review,same_actor_on_both_sides,True
16732,Syria: Suweida,1,636453,18657,2026,2026-07-03 00:00:00.000,2026-07-03 00:00:00.000,1,652,Syria,As Suwayda governorate,Markaz as Suwayda district,32.711796,36.567370,1,118,Government of Syria,9668,National Guard,false,Clear,652,,candidate,26.0.7,GEDEvent_v26_0_7.csv,ucdp_16732,review,unknown_actor,True
158,XXX640,1,636222,315,2026,2026-07-25 00:00:00.000,2026-07-27 00:00:00.000,2,640,Turkey,Batman province,Batman district,37.887378,41.132208,1,3753,XXX640,3753,XXX640,false,Check dyad,,,candidate,26.0.7,GEDEvent_v26_0_7.csv,ucdp_158,review,same_actor_on_both_sides,True
169,XXX678,1,635854,337,2026,2026-07-14 00:00:00.000,2026-07-14 00:00:00.000,1,678,Yemen (North Yemen),Ḩaḑramawt governorate,Wādī al ‘Ayn Waḩūrah district,15.782500,48.061670,2,3764,XXX678,3764,XXX678,false,Check dyad,,,candidate,26.0.7,GEDEvent_v26_0_7.csv,ucdp_169,review,same_actor_on_both_sides,True
230,Yemen (North Yemen): Government,1,635841,19007,2026,2026-07-02 00:00:00.000,2026-07-02 00:00:00.000,1,678,Yemen (North Yemen),al-Jawf governorate,Al Ḩazm district,16.164056,44.776919,1,123,Government of Yemen (North Yemen),9974,Nakf al-Karama,false,Check incompatibility,678,,candidate,26.0.7,GEDEvent_v26_0_7.csv,ucdp_230,review,unknown_actor,True
230,Yemen (North Yemen): Government,1,635804,19007,2026,2026-07-13 00:00:00.000,2026-07-15 00:00:00.000,2,678,Yemen (North Yemen),Marib governorate,Majzar district,15.828509,44.794127,3,123,Government of Yemen (North Yemen),9974,Nakf al-Karama,false,Check incompatibility,678,,candidate,26.0.7,GEDEvent_v26_0_7.csv,ucdp_230,review,unknown_actor,True
230,Yemen (North Yemen): Government,1,635880,19007,2026,2026-07-23 00:00:00.000,2026-07-23 00:00:00.000,1,678,Yemen (North Yemen),al-Jawf governorate,Kharāb al Marāshī district,16.592470,44.248290,2,123,Government of Yemen (North Yemen),9974,Nakf al-Karama,false,Clear,678,,candidate,26.0.7,GEDEvent_v26_0_7.csv,ucdp_230,review,unknown_actor,True
230,Yemen (North Yemen): Government,1,635907,19007,2026,2026-07-25 00:00:00.000,2026-07-25 00:00:00.000,1,678,Yemen (North Yemen),al-Jawf governorate,Khab wa Ash Sha‘af district,16.981571,45.053996,2,123,Government of Yemen (North Yemen),9974,Nakf al-Karama,false,Clear,678,,candidate,26.0.7,GEDEvent_v26_0_7.csv,ucdp_230,review,unknown_actor,True
230,Yemen (North Yemen): Government,1,635962,19007,2026,2026-07-25 00:00:00.000,2026-07-25 00:00:00.000,1,678,Yemen (North Yemen),al-Jawf governorate,Barţ al ‘Anān district,16.973000,44.841300,2,123,Government of Yemen (North Yemen),9974,Nakf al-Karama,false,Clear,678,,candidate,26.0.7,GEDEvent_v26_0_7.csv,ucdp_230,review,unknown_actor,True
230,Yemen (North Yemen): Government,1,635934,19007,2026,2026-07-26 00:00:00.000,2026-07-26 00:00:00.000,1,678,Yemen (North Yemen),al-Jawf governorate,Khab wa Ash Sha‘af district,16.981571,45.053996,1,123,Government of Yemen (North Yemen),9974,Nakf al-Karama,false,Clear,678,,candidate,26.0.7,GEDEvent_v26_0_7.csv,ucdp_230,review,unknown_actor,True
230,Yemen (North Yemen): Government,1,635930,19007,2026,2026-07-26 00:00:00.000,2026-07-26 00:00:00.000,1,678,Yemen (North Yemen),al-Jawf governorate,Barţ al ‘Anān district,16.990320,44.890800,2,123,Government of Yemen (North Yemen),9974,Nakf al-Karama,false,Clear,678,,candidate,26.0.7,GEDEvent_v26_0_7.csv,ucdp_230,review,unknown_actor,True
333,Afghanistan: Government,1,636258,19010,2026,2026-08-02 00:00:00.000,2026-08-02 00:00:00.000,1,700,Afghanistan,Kandahar province,Kandahar district,31.611795,65.705795,1,130,Government of Afghanistan,9980,AUF,false,Clear,700,,candidate,26.0.8,GEDEvent_v26_0_8.csv,ucdp_333,review,unknown_actor,True
333,Afghanistan: Government,1,636523,19010,2026,2026-08-05 00:00:00.000,2026-08-05 00:00:00.000,1,700,Afghanistan,Baghlan province,Puli Hisar district,35.582402,69.560106,3,130,Government of Afghanistan,9980,AUF,false,Check geography,700,,candidate,26.0.8,GEDEvent_v26_0_8.csv,ucdp_333,review,unknown_actor,True
333,Afghanistan: Government,1,636529,19010,2026,2026-08-06 00:00:00.000,2026-08-06 00:00:00.000,1,700,Afghanistan,Badakhshan province,Argo district,37.064700,70.422387,3,130,Government of Afghanistan,9980,AUF,false,Clear,700,,candidate,26.0.8,GEDEvent_v26_0_8.csv,ucdp_333,review,unknown_actor,True
333,Afghanistan: Government,1,639920,19010,2026,2026-08-31 00:00:00.000,2026-08-31 00:00:00.000,1,700,Afghanistan,Ghor province,,34.000000,65.000000,4,130,Government of Afghanistan,9980,AUF,false,Clear,700,,candidate,26.0.8,GEDEvent_v26_0_8.csv,ucdp_333,review,unknown_actor,True
333,Afghanistan: Government,1,637369,19023,2026,2026-08-11 00:00:00.000,2026-08-13 00:00:00.000,2,700,Afghanistan,Badakhshan province,Darwaz district,38.414181,70.816704,2,130,Government of Afghanistan,9988,Forces of Juma Khan Fateh,false,Clear,700,,candidate,26.0.8,GEDEvent_v26_0_8.csv,ucdp_333,review,unknown_actor,True
333,Afghanistan: Government,1,637397,19023,2026,2026-08-15 00:00:00.000,2026-08-15 00:00:00.000,1,700,Afghanistan,Badakhshan province,Darwaz district,38.414181,70.816704,2,130,Government of Afghanistan,9988,Forces of Juma Khan Fateh,false,Clear,700,,candidate,26.0.8,GEDEvent_v26_0_8.csv,ucdp_333,review,unknown_actor,True
333,Afghanistan: Government,1,637365,19023,2026,2026-08-16 00:00:00.000,2026-08-16 00:00:00.000,1,700,Afghanistan,Badakhshan province,Darwaz district,38.414181,70.816704,2,130,Government of Afghanistan,9988,Forces of Juma Khan Fateh,false,Check geography,700,,candidate,26.0.8,GEDEvent_v26_0_8.csv,ucdp_333,review,unknown_actor,True
333,Afghanistan: Government,1,637354,19024,2026,2026-08-10 00:00:00.000,2026-08-10 00:00:00.000,1,700,Afghanistan,Kabul province,Kabul district,34.531094,69.162796,1,130,Government of Afghanistan,9989,ARF,false,Clear,700,,candidate,26.0.8,GEDEvent_v26_0_8.csv,ucdp_333,review,unknown_actor,True
31,XXX482,1,642337,61,2026,2026-08-20 00:00:00.000,2026-08-20 00:00:00.000,1,482,Central African Republic,Nana-Mambéré prefecture,Bouar sub-prefecture,5.933314,15.593170,2,3626,XXX482,3626,XXX482,false,Check dyad,,,candidate,26.0.8,GEDEvent_v26_0_8.csv,ucdp_31,review,same_actor_on_both_sides,True
35,XXX100,1,640369,69,2026,2026-08-01 00:00:00.000,2026-08-01 00:00:00.000,1,100,Colombia,Tolima department,Ataco municipality,3.398060,-75.605000,1,3630,XXX100,3630,XXX100,false,Check dyad,,,candidate,26.0.8,GEDEvent_v26_0_8.csv,ucdp_35,review,same_actor_on_both_sides,True
35,XXX100,1,640471,69,2026,2026-08-07 00:00:00.000,2026-08-07 00:00:00.000,1,100,Colombia,Cesar department,Curumaní municipality,9.291250,-73.514980,1,3630,XXX100,3630,XXX100,false,Check dyad,,,candidate,26.0.8,GEDEvent_v26_0_8.csv,ucdp_35,review,same_actor_on_both_sides,True
35,XXX100,1,640493,69,2026,2026-08-09 00:00:00.000,2026-08-09 00:00:00.000,1,100,Colombia,Meta department,Mapiripán municipality,3.097060,-71.949640,3,3630,XXX100,3630,XXX100,false,Check dyad,,,candidate,26.0.8,GEDEvent_v26_0_8.csv,ucdp_35,review,same_actor_on_both_sides,True
35,XXX100,1,638809,69,2026,2026-08-12 00:00:00.000,2026-08-12 00:00:00.000,1,100,Colombia,Huila department,Algeciras municipality,2.565103,-75.255674,2,3630,XXX100,3630,XXX100,false,Check dyad,,,candidate,26.0.8,GEDEvent_v26_0_8.csv,ucdp_35,review,same_actor_on_both_sides,True
35,XXX100,1,640543,69,2026,2026-08-13 00:00:00.000,2026-08-13 00:00:00.000,1,100,Colombia,Antioquia department,Itagüí municipality,6.184607,-75.599128,1,3630,XXX100,3630,XXX100,false,Check dyad,,,candidate,26.0.8,GEDEvent_v26_0_8.csv,ucdp_35,review,same_actor_on_both_sides,True
35,XXX100,1,640478,69,2026,2026-08-14 00:00:00.000,2026-08-14 00:00:00.000,1,100,Colombia,Norte de Santander department,El Carmen municipality,8.510640,-73.447760,1,3630,XXX100,3630,XXX100,false,Check dyad,,,candidate,26.0.8,GEDEvent_v26_0_8.csv,ucdp_35,review,same_actor_on_both_sides,True
35,XXX100,1,640683,69,2026,2026-08-14 00:00:00.000,2026-08-16 00:00:00.000,2,100,Colombia,Risaralda department,Pereira municipality,4.813333,-75.696111,1,3630,XXX100,3630,XXX100,false,Check type of violence,,,candidate,26.0.8,GEDEvent_v26_0_8.csv,ucdp_35,review,same_actor_on_both_sides,True
35,XXX100,1,639096,69,2026,2026-08-15 00:00:00.000,2026-08-15 00:00:00.000,1,100,Colombia,Valle del Cauca department,Buenaventura municipality,3.880099,-77.031164,1,3630,XXX100,3630,XXX100,false,Check dyad,,,candidate,26.0.8,GEDEvent_v26_0_8.csv,ucdp_35,review,same_actor_on_both_sides,True
35,XXX100,1,639578,69,2026,2026-08-21 00:00:00.000,2026-08-21 00:00:00.000,1,100,Colombia,Tolima department,,4.000000,-75.250000,4,3630,XXX100,3630,XXX100,false,Check dyad,,,candidate,26.0.8,GEDEvent_v26_0_8.csv,ucdp_35,review,same_actor_on_both_sides,True
35,XXX100,1,642124,69,2026,2026-08-23 00:00:00.000,2026-08-23 00:00:00.000,1,100,Colombia,Magdalena department,Pivijay municipality,10.434740,-74.615460,2,3630,XXX100,3630,XXX100,false,Check dyad,,,candidate,26.0.8,GEDEvent_v26_0_8.csv,ucdp_35,review,same_actor_on_both_sides,True
35,XXX100,1,640756,69,2026,2026-08-26 00:00:00.000,2026-08-26 00:00:00.000,1,100,Colombia,Bogotá district,Bogotá municipality,4.649178,-74.062827,1,3630,XXX100,3630,XXX100,false,Check dyad,,,candidate,26.0.8,GEDEvent_v26_0_8.csv,ucdp_35,review,same_actor_on_both_sides,True
35,XXX100,1,638922,69,2026,2026-08-26 00:00:00.000,2026-08-26 00:00:00.000,1,100,Colombia,Cauca department,Buenos Aires municipality,2.916670,-76.666670,3,3630,XXX100,3630,XXX100,false,Check dyad,,,candidate,26.0.8,GEDEvent_v26_0_8.csv,ucdp_35,review,same_actor_on_both_sides,True
35,XXX100,1,640787,69,2026,2026-08-28 00:00:00.000,2026-08-28 00:00:00.000,1,100,Colombia,Putumayo department,Mocoa municipality,1.096482,-76.702189,1,3630,XXX100,3630,XXX100,false,Check dyad,,,candidate,26.0.8,GEDEvent_v26_0_8.csv,ucdp_35,review,same_actor_on_both_sides,True
35,XXX100,1,642263,69,2026,2026-08-28 00:00:00.000,2026-08-28 00:00:00.000,1,100,Colombia,Santander department,Barrancabermeja municipality,7.065278,-73.854722,2,3630,XXX100,3630,XXX100,false,Check,,,candidate,26.0.8,GEDEvent_v26_0_8.csv,ucdp_35,review,same_actor_on_both_sides,True
35,XXX100,1,640818,69,2026,2026-08-30 00:00:00.000,2026-08-30 00:00:00.000,1,100,Colombia,Guaviare department,Miraflores municipality,1.208670,-71.951860,1,3630,XXX100,3630,XXX100,false,Check dyad,,,candidate,26.0.8,GEDEvent_v26_0_8.csv,ucdp_35,review,same_actor_on_both_sides,True
35,XXX100,1,640851,69,2026,2026-08-31 00:00:00.000,2026-08-31 00:00:00.000,1,100,Colombia,Norte de Santander department,Cúcuta municipality,7.893907,-72.507821,1,3630,XXX100,3630,XXX100,false,Check dyad,,,candidate,26.0.8,GEDEvent_v26_0_8.csv,ucdp_35,review,same_actor_on_both_sides,True
289,Colombia: Government,1,642309,17753,2026,2026-08-06 00:00:00.000,2026-08-06 00:00:00.000,1,100,Colombia,Santander department,Girón municipality,7.068200,-73.169810,1,17,Government of Colombia,8038,Tren de Aragua,false,Check,100,,candidate,26.0.8,GEDEvent_v26_0_8.csv,ucdp_289,review,unknown_actor,True
289,Colombia: Government,1,640361,18265,2026,2026-08-02 00:00:00.000,2026-08-02 00:00:00.000,1,100,Colombia,Valle del Cauca department,Florida municipality,3.322297,-76.234804,1,17,Government of Colombia,9300,FARC- Frente 57 Yair Bermúdez,false,Check dyad,100,,candidate,26.0.8,GEDEvent_v26_0_8.csv,ucdp_289,review,unknown_actor,True
16951,Ethiopia: Benishangul-Gumuz,1,639212,18932,2026,2026-08-11 00:00:00.000,2026-08-11 00:00:00.000,1,530,Ethiopia,Benishangul-Gumuz state,Metekel zone,11.160755,36.342554,1,97,Government of Ethiopia,9915,GFNF,false,Clear,530,,candidate,26.0.8,GEDEvent_v26_0_8.csv,ucdp_16951,review,unknown_actor,True
76,XXX630,1,640601,151,2026,2026-08-20 00:00:00.000,2026-08-20 00:00:00.000,1,630,Iran,Sistan and Baluchestan province,Saravan county,27.333333,62.000000,3,3671,XXX630,3671,XXX630,false,Check dyad,,,candidate,26.0.8,GEDEvent_v26_0_8.csv,ucdp_76,review,same_actor_on_both_sides,True
16905,"Iran - Israel, United States of America",1,640608,18868,2026,2026-08-30 00:00:00.000,2026-08-30 00:00:00.000,1,630,Iran,Hormozgan province,,27.188400,56.276800,4,114,Government of Iran,9865,"Government of Israel, Government of United States of America",true,Check geography,630,,candidate,26.0.8,GEDEvent_v26_0_8.csv,ucdp_16905,review,unknown_actor,True
77,XXX645,1,639576,153,2026,2026-08-27 00:00:00.000,2026-08-27 00:00:00.000,1,645,Iraq,Baghdād province,,33.340582,44.400876,1,3672,XXX645,3672,XXX645,false,Check dyad,,,candidate,26.0.8,GEDEvent_v26_0_8.csv,ucdp_77,review,same_actor_on_both_sides,True
95,XXX620,1,640809,189,2026,2026-08-03 00:00:00.000,2026-08-04 00:00:00.000,2,620,Libya,Zawiyah district,,32.757102,12.727639,4,3690,XXX620,3690,XXX620,false,Check dyad,,,candidate,26.0.8,GEDEvent_v26_0_8.csv,ucdp_95,review,same_actor_on_both_sides,True
95,XXX620,1,640812,189,2026,2026-08-10 00:00:00.000,2026-08-10 00:00:00.000,1,620,Libya,Benghazi district,,32.117664,20.129275,1,3690,XXX620,3690,XXX620,false,Check dyad,,,candidate,26.0.8,GEDEvent_v26_0_8.csv,ucdp_95,review,same_actor_on_both_sides,True
107,XXX70,1,640429,213,2026,2026-08-16 00:00:00.000,2026-08-16 00:00:00.000,1,70,Mexico,Colima state,Coquimatlán municipality,19.206250,-103.809520,1,3702,XXX70,3702,XXX70,false,Check dyad,,,candidate,26.0.8,GEDEvent_v26_0_8.csv,ucdp_107,review,same_actor_on_both_sides,True
107,XXX70,1,640634,213,2026,2026-08-22 00:00:00.000,2026-08-22 00:00:00.000,1,70,Mexico,Chihuahua state,Bocoyna municipality,27.972950,-107.601990,1,3702,XXX70,3702,XXX70,false,Check dyad,,,candidate,26.0.8,GEDEvent_v26_0_8.csv,ucdp_107,review,same_actor_on_both_sides,True
107,XXX70,1,640457,213,2026,2026-08-29 00:00:00.000,2026-08-29 00:00:00.000,1,70,Mexico,Morelos state,Jiutepec municipality,18.881390,-99.177780,1,3702,XXX70,3702,XXX70,false,Check dyad,,,candidate,26.0.8,GEDEvent_v26_0_8.csv,ucdp_107,review,same_actor_on_both_sides,True
112,XXX775,1,638359,223,2026,2026-08-14 00:00:00.000,2026-08-14 00:00:00.000,1,775,Myanmar (Burma),Magway region,Minbu district,19.931803,94.449604,5,3707,XXX775,3707,XXX775,false,Check dyad,,,candidate,26.0.8,GEDEvent_v26_0_8.csv,ucdp_112,review,same_actor_on_both_sides,True
222,Myanmar (Burma): Government,1,638362,18893,2026,2026-06-11 00:00:00.000,2026-08-02 00:00:00.000,5,775,Myanmar (Burma),Kachin state,Bhamo district,24.213536,96.764702,5,144,Government of Myanmar (Burma),9884,SCEF,true,Check type of violence,775,,candidate,26.0.8,GEDEvent_v26_0_8.csv,ucdp_222,review,unknown_actor,True
222,Myanmar (Burma): Government,1,640986,18893,2026,2026-08-01 00:00:00.000,2026-08-01 00:00:00.000,1,775,Myanmar (Burma),Sagaing region,Monywa district,22.370025,94.788904,5,144,Government of Myanmar (Burma),9884,SCEF,true,Clear,775,,candidate,26.0.8,GEDEvent_v26_0_8.csv,ucdp_222,review,unknown_actor,True
222,Myanmar (Burma): Government,1,638395,18893,2026,2026-08-04 00:00:00.000,2026-08-04 00:00:00.000,1,775,Myanmar (Burma),Kayah state,Loikaw district,19.263020,97.064310,5,144,Government of Myanmar (Burma),9884,SCEF,true,Clear,775,,candidate,26.0.8,GEDEvent_v26_0_8.csv,ucdp_222,review,unknown_actor,True
222,Myanmar (Burma): Government,1,641014,18893,2026,2026-08-05 00:00:00.000,2026-08-05 00:00:00.000,1,775,Myanmar (Burma),Kayin state,Hpapun district,17.739340,97.416940,1,144,Government of Myanmar (Burma),9884,SCEF,true,Clear,775,,candidate,26.0.8,GEDEvent_v26_0_8.csv,ucdp_222,review,unknown_actor,True
222,Myanmar (Burma): Government,1,641010,18893,2026,2026-08-06 00:00:00.000,2026-08-06 00:00:00.000,1,775,Myanmar (Burma),Kayin state,Hpapun district,18.068215,97.376831,5,144,Government of Myanmar (Burma),9884,SCEF,true,Clear,775,,candidate,26.0.8,GEDEvent_v26_0_8.csv,ucdp_222,review,unknown_actor,True
222,Myanmar (Burma): Government,1,638403,18893,2026,2026-08-06 00:00:00.000,2026-08-06 00:00:00.000,1,775,Myanmar (Burma),Kayah state,Loikaw district,19.531482,97.046837,5,144,Government of Myanmar (Burma),9884,SCEF,true,Clear,775,,candidate,26.0.8,GEDEvent_v26_0_8.csv,ucdp_222,review,unknown_actor,True
222,Myanmar (Burma): Government,1,638466,18893,2026,2026-08-08 00:00:00.000,2026-08-08 00:00:00.000,1,775,Myanmar (Burma),Kachin state,Myitkyina district,26.509765,96.712445,5,144,Government of Myanmar (Burma),9884,SCEF,true,Clear,775,,candidate,26.0.8,GEDEvent_v26_0_8.csv,ucdp_222,review,unknown_actor,True
222,Myanmar (Burma): Government,1,640979,18893,2026,2026-08-08 00:00:00.000,2026-08-08 00:00:00.000,1,775,Myanmar (Burma),Magway region,Pakokku district,21.688610,94.658870,1,144,Government of Myanmar (Burma),9884,SCEF,true,Clear,775,,candidate,26.0.8,GEDEvent_v26_0_8.csv,ucdp_222,review,unknown_actor,True
222,Myanmar (Burma): Government,1,641002,18893,2026,2026-08-10 00:00:00.000,2026-08-10 00:00:00.000,1,775,Myanmar (Burma),Magway region,Minbu district,20.680078,94.527363,5,144,Government of Myanmar (Burma),9884,SCEF,true,Clear,775,,candidate,26.0.8,GEDEvent_v26_0_8.csv,ucdp_222,review,unknown_actor,True
222,Myanmar (Burma): Government,1,638272,18893,2026,2026-08-10 00:00:00.000,2026-08-10 00:00:00.000,1,775,Myanmar (Burma),Bago region,Bago district,17.732744,96.593308,3,144,Government of Myanmar (Burma),9884,SCEF,true,Check geography,775,,candidate,26.0.8,GEDEvent_v26_0_8.csv,ucdp_222,review,unknown_actor,True
222,Myanmar (Burma): Government,1,640462,18893,2026,2026-08-11 00:00:00.000,2026-08-11 00:00:00.000,1,775,Myanmar (Burma),Magway region,Minbu district,20.680078,94.527363,5,144,Government of Myanmar (Burma),9884,SCEF,true,Clear,775,,candidate,26.0.8,GEDEvent_v26_0_8.csv,ucdp_222,review,unknown_actor,True
222,Myanmar (Burma): Government,1,638390,18893,2026,2026-08-11 00:00:00.000,2026-08-11 00:00:00.000,1,775,Myanmar (Burma),Kayah state,Loikaw district,19.711192,97.295318,5,144,Government of Myanmar (Burma),9884,SCEF,true,Clear,775,,candidate,26.0.8,GEDEvent_v26_0_8.csv,ucdp_222,review,unknown_actor,True
222,Myanmar (Burma): Government,1,640998,18893,2026,2026-08-11 00:00:00.000,2026-08-11 00:00:00.000,1,775,Myanmar (Burma),Sagaing region,Mawlaik district,24.344853,94.771091,1,144,Government of Myanmar (Burma),9884,SCEF,true,Clear,775,,candidate,26.0.8,GEDEvent_v26_0_8.csv,ucdp_222,review,unknown_actor,True
222,Myanmar (Burma): Government,1,640995,18893,2026,2026-08-14 00:00:00.000,2026-08-14 00:00:00.000,1,775,Myanmar (Burma),Mandalay region,Pyinoolwin district,22.399310,96.024670,1,144,Government of Myanmar (Burma),9884,SCEF,true,Clear,775,,candidate,26.0.8,GEDEvent_v26_0_8.csv,ucdp_222,review,unknown_actor,True
222,Myanmar (Burma): Government,1,640970,18893,2026,2026-08-15 00:00:00.000,2026-08-15 00:00:00.000,1,775,Myanmar (Burma),Magway region,Pakokku district,21.222425,94.214580,5,144,Government of Myanmar (Burma),9884,SCEF,true,Clear,775,,candidate,26.0.8,GEDEvent_v26_0_8.csv,ucdp_222,review,unknown_actor,True
222,Myanmar (Burma): Government,1,640969,18893,2026,2026-08-16 00:00:00.000,2026-08-16 00:00:00.000,1,775,Myanmar (Burma),Mandalay region,Pyinoolwin district,22.382750,96.020620,1,144,Government of Myanmar (Burma),9884,SCEF,true,Clear,775,,candidate,26.0.8,GEDEvent_v26_0_8.csv,ucdp_222,review,unknown_actor,True
222,Myanmar (Burma): Government,1,638821,18893,2026,2026-08-16 00:00:00.000,2026-08-16 00:00:00.000,1,775,Myanmar (Burma),Sagaing region,Katha district,23.958360,95.323890,1,144,Government of Myanmar (Burma),9884,SCEF,true,Clear,775,,candidate,26.0.8,GEDEvent_v26_0_8.csv,ucdp_222,review,unknown_actor,True
222,Myanmar (Burma): Government,1,640990,18893,2026,2026-08-17 00:00:00.000,2026-08-17 00:00:00.000,1,775,Myanmar (Burma),Bago region,Taungoo district,18.345696,96.857289,5,144,Government of Myanmar (Burma),9884,SCEF,true,Clear,775,,candidate,26.0.8,GEDEvent_v26_0_8.csv,ucdp_222,review,unknown_actor,True
222,Myanmar (Burma): Government,1,640991,18893,2026,2026-08-18 00:00:00.000,2026-08-18 00:00:00.000,1,775,Myanmar (Burma),Sagaing region,Shwebo district,22.260970,95.819720,1,144,Government of Myanmar (Burma),9884,SCEF,true,Clear,775,,candidate,26.0.8,GEDEvent_v26_0_8.csv,ucdp_222,review,unknown_actor,True
222,Myanmar (Burma): Government,1,640968,18893,2026,2026-08-18 00:00:00.000,2026-08-18 00:00:00.000,1,775,Myanmar (Burma),Sagaing region,Katha district,23.955430,95.357323,5,144,Government of Myanmar (Burma),9884,SCEF,true,Clear,775,,candidate,26.0.8,GEDEvent_v26_0_8.csv,ucdp_222,review,unknown_actor,True
222,Myanmar (Burma): Government,1,640951,18893,2026,2026-08-19 00:00:00.000,2026-08-19 00:00:00.000,1,775,Myanmar (Burma),Mon state,Thaton district,17.420489,96.994378,5,144,Government of Myanmar (Burma),9884,SCEF,true,Check geography,775,,candidate,26.0.8,GEDEvent_v26_0_8.csv,ucdp_222,review,unknown_actor,True
222,Myanmar (Burma): Government,1,638826,18893,2026,2026-08-19 00:00:00.000,2026-08-19 00:00:00.000,1,775,Myanmar (Burma),Sagaing region,Sagaing district,21.793826,95.343868,5,144,Government of Myanmar (Burma),9884,SCEF,true,Clear,775,,candidate,26.0.8,GEDEvent_v26_0_8.csv,ucdp_222,review,unknown_actor,True
222,Myanmar (Burma): Government,1,640464,18893,2026,2026-08-20 00:00:00.000,2026-08-20 00:00:00.000,1,775,Myanmar (Burma),Sagaing region,Shwebo district,23.304259,95.707707,5,144,Government of Myanmar (Burma),9884,SCEF,true,Clear,775,,candidate,26.0.8,GEDEvent_v26_0_8.csv,ucdp_222,review,unknown_actor,True
222,Myanmar (Burma): Government,1,638907,18893,2026,2026-08-21 00:00:00.000,2026-08-27 00:00:00.000,3,775,Myanmar (Burma),Kachin state,Bhamo district,24.213536,96.764702,5,144,Government of Myanmar (Burma),9884,SCEF,true,Check,775,,candidate,26.0.8,GEDEvent_v26_0_8.csv,ucdp_222,review,unknown_actor,True
222,Myanmar (Burma): Government,1,638360,18893,2026,2026-08-21 00:00:00.000,2026-08-21 00:00:00.000,1,775,Myanmar (Burma),Sagaing region,Sagaing district,21.793826,95.343868,5,144,Government of Myanmar (Burma),9884,SCEF,true,Clear,775,,candidate,26.0.8,GEDEvent_v26_0_8.csv,ucdp_222,review,unknown_actor,True
222,Myanmar (Burma): Government,1,640463,18893,2026,2026-08-22 00:00:00.000,2026-08-22 00:00:00.000,1,775,Myanmar (Burma),Sagaing region,Shwebo district,22.301326,95.766639,5,144,Government of Myanmar (Burma),9884,SCEF,true,Clear,775,,candidate,26.0.8,GEDEvent_v26_0_8.csv,ucdp_222,review,unknown_actor,True
222,Myanmar (Burma): Government,1,638893,18893,2026,2026-08-23 00:00:00.000,2026-08-24 00:00:00.000,2,775,Myanmar (Burma),Kachin state,Bhamo district,24.208980,96.821980,1,144,Government of Myanmar (Burma),9884,SCEF,true,Clear,775,,candidate,26.0.8,GEDEvent_v26_0_8.csv,ucdp_222,review,unknown_actor,True
222,Myanmar (Burma): Government,1,638912,18893,2026,2026-08-23 00:00:00.000,2026-08-23 00:00:00.000,1,775,Myanmar (Burma),Kachin state,Bhamo district,24.213536,96.764702,5,144,Government of Myanmar (Burma),9884,SCEF,true,Clear,775,,candidate,26.0.8,GEDEvent_v26_0_8.csv,ucdp_222,review,unknown_actor,True
222,Myanmar (Burma): Government,1,638765,18893,2026,2026-08-25 00:00:00.000,2026-08-25 00:00:00.000,1,775,Myanmar (Burma),Bago region,Bago district,17.504060,96.746500,5,144,Government of Myanmar (Burma),9884,SCEF,true,Clear,775,,candidate,26.0.8,GEDEvent_v26_0_8.csv,ucdp_222,review,unknown_actor,True
222,Myanmar (Burma): Government,1,640360,18941,2026,2026-08-30 00:00:00.000,2026-08-30 00:00:00.000,1,775,Myanmar (Burma),Chin state,Mindat district,21.439827,93.762208,5,144,Government of Myanmar (Burma),9919,CPU,false,Check deaths,775,,candidate,26.0.8,GEDEvent_v26_0_8.csv,ucdp_222,review,unknown_actor,True
118,XXX436,1,638838,235,2026,2026-08-04 00:00:00.000,2026-08-04 00:00:00.000,1,436,Niger,Tillabéri region,Tera department,13.426947,1.203192,2,3713,XXX436,3713,XXX436,false,Check dyad,,,candidate,26.0.8,GEDEvent_v26_0_8.csv,ucdp_118,review,same_actor_on_both_sides,True
118,XXX436,1,638841,235,2026,2026-08-05 00:00:00.000,2026-08-05 00:00:00.000,1,436,Niger,Tillabéri region,Tillabéri department,14.582840,1.120680,1,3713,XXX436,3713,XXX436,false,Check dyad,,,candidate,26.0.8,GEDEvent_v26_0_8.csv,ucdp_118,review,same_actor_on_both_sides,True
118,XXX436,1,638840,235,2026,2026-08-06 00:00:00.000,2026-08-06 00:00:00.000,1,436,Niger,Tillabéri region,,14.333330,2.083330,4,3713,XXX436,3713,XXX436,false,Check dyad,,,candidate,26.0.8,GEDEvent_v26_0_8.csv,ucdp_118,review,same_actor_on_both_sides,True
118,XXX436,1,638843,235,2026,2026-08-06 00:00:00.000,2026-08-06 00:00:00.000,1,436,Niger,Tahoua region,Birni-N'Konni department,13.796163,5.086723,1,3713,XXX436,3713,XXX436,false,Check dyad,,,candidate,26.0.8,GEDEvent_v26_0_8.csv,ucdp_118,review,same_actor_on_both_sides,True
118,XXX436,1,638847,235,2026,2026-08-06 00:00:00.000,2026-08-06 00:00:00.000,1,436,Niger,Dosso region,Gaya departement,12.181389,3.535000,3,3713,XXX436,3713,XXX436,false,Check dyad,,,candidate,26.0.8,GEDEvent_v26_0_8.csv,ucdp_118,review,same_actor_on_both_sides,True
118,XXX436,1,638670,235,2026,2026-08-29 00:00:00.000,2026-08-29 00:00:00.000,1,436,Niger,Niamey region,Niamey department,13.516667,2.116667,1,3713,XXX436,3713,XXX436,false,Check dyad,,,candidate,26.0.8,GEDEvent_v26_0_8.csv,ucdp_118,review,same_actor_on_both_sides,True
430,Niger: Government,1,638671,18220,2026,2026-08-15 00:00:00.000,2026-08-15 00:00:00.000,1,436,Niger,Agadez region,Bilma department,20.196058,12.967039,1,75,Government of Niger,9303,MPLJ,false,Check deaths,436,,candidate,26.0.8,GEDEvent_v26_0_8.csv,ucdp_430,review,unknown_actor,True
119,XXX475,1,637091,237,2026,2026-08-01 00:00:00.000,2026-08-02 00:00:00.000,2,475,Nigeria,Zamfara state,Kaura-Namoda lga,12.561955,6.576168,3,3714,XXX475,3714,XXX475,false,Check dyad,,,candidate,26.0.8,GEDEvent_v26_0_8.csv,ucdp_119,review,same_actor_on_both_sides,True
119,XXX475,1,640170,237,2026,2026-08-02 00:00:00.000,2026-08-02 00:00:00.000,1,475,Nigeria,Kogi state,Yagba West lga,8.312361,5.557218,3,3714,XXX475,3714,XXX475,false,Check dyad,,,candidate,26.0.8,GEDEvent_v26_0_8.csv,ucdp_119,review,same_actor_on_both_sides,True
119,XXX475,1,637220,237,2026,2026-08-04 00:00:00.000,2026-08-04 00:00:00.000,1,475,Nigeria,Plateau state,Riyom lga,9.567960,8.684760,3,3714,XXX475,3714,XXX475,false,Check dyad,,,candidate,26.0.8,GEDEvent_v26_0_8.csv,ucdp_119,review,same_actor_on_both_sides,True
119,XXX475,1,637240,237,2026,2026-08-05 00:00:00.000,2026-08-05 00:00:00.000,1,475,Nigeria,Benue state,Ukum lga,7.629936,9.645133,3,3714,XXX475,3714,XXX475,false,Check dyad,,,candidate,26.0.8,GEDEvent_v26_0_8.csv,ucdp_119,review,same_actor_on_both_sides,True
119,XXX475,1,637241,237,2026,2026-08-05 00:00:00.000,2026-08-05 00:00:00.000,1,475,Nigeria,Borno state,Konduga lga,11.691757,13.222078,2,3714,XXX475,3714,XXX475,false,Check dyad,,,candidate,26.0.8,GEDEvent_v26_0_8.csv,ucdp_119,review,same_actor_on_both_sides,True
119,XXX475,1,637989,237,2026,2026-08-05 00:00:00.000,2026-08-05 00:00:00.000,1,475,Nigeria,Niger state,Mariga lga,10.699170,5.840381,3,3714,XXX475,3714,XXX475,false,Check dyad,,,candidate,26.0.8,GEDEvent_v26_0_8.csv,ucdp_119,review,same_actor_on_both_sides,True
119,XXX475,1,640172,237,2026,2026-08-05 00:00:00.000,2026-08-06 00:00:00.000,2,475,Nigeria,Niger state,Mariga lga,10.699170,5.840381,3,3714,XXX475,3714,XXX475,false,Check dyad,,,candidate,26.0.8,GEDEvent_v26_0_8.csv,ucdp_119,review,same_actor_on_both_sides,True
119,XXX475,1,640167,237,2026,2026-08-06 00:00:00.000,2026-08-06 00:00:00.000,1,475,Nigeria,Niger state,Mariga lga,10.699170,5.840381,3,3714,XXX475,3714,XXX475,false,Check dyad,,,candidate,26.0.8,GEDEvent_v26_0_8.csv,ucdp_119,review,same_actor_on_both_sides,True
119,XXX475,1,640219,237,2026,2026-08-07 00:00:00.000,2026-08-10 00:00:00.000,2,475,Nigeria,Imo state,Ohaji/Egbema lga,5.402370,6.824510,3,3714,XXX475,3714,XXX475,false,Check dyad,,,candidate,26.0.8,GEDEvent_v26_0_8.csv,ucdp_119,review,same_actor_on_both_sides,True
119,XXX475,1,640303,237,2026,2026-08-07 00:00:00.000,2026-08-13 00:00:00.000,3,475,Nigeria,Kogi state,Ofu lga,7.302830,7.038170,3,3714,XXX475,3714,XXX475,false,Check dyad,,,candidate,26.0.8,GEDEvent_v26_0_8.csv,ucdp_119,review,same_actor_on_both_sides,True
119,XXX475,1,640299,237,2026,2026-08-09 00:00:00.000,2026-08-09 00:00:00.000,1,475,Nigeria,Niger state,Mariga lga,10.699170,5.840381,3,3714,XXX475,3714,XXX475,false,Check dyad,,,candidate,26.0.8,GEDEvent_v26_0_8.csv,ucdp_119,review,same_actor_on_both_sides,True
119,XXX475,1,638377,237,2026,2026-08-10 00:00:00.000,2026-08-10 00:00:00.000,1,475,Nigeria,Kebbi state,Sakaba lga,11.162313,5.541284,3,3714,XXX475,3714,XXX475,false,Check dyad,,,candidate,26.0.8,GEDEvent_v26_0_8.csv,ucdp_119,review,same_actor_on_both_sides,True
119,XXX475,1,638086,237,2026,2026-08-10 00:00:00.000,2026-08-10 00:00:00.000,1,475,Nigeria,Plateau state,Langtang North lga,9.056510,9.822470,3,3714,XXX475,3714,XXX475,false,Check dyad,,,candidate,26.0.8,GEDEvent_v26_0_8.csv,ucdp_119,review,same_actor_on_both_sides,True
119,XXX475,1,637281,237,2026,2026-08-10 00:00:00.000,2026-08-10 00:00:00.000,1,475,Nigeria,Zamfara state,,12.166670,6.250000,4,3714,XXX475,3714,XXX475,false,Check dyad,,,candidate,26.0.8,GEDEvent_v26_0_8.csv,ucdp_119,review,same_actor_on_both_sides,True
119,XXX475,1,640301,237,2026,2026-08-13 00:00:00.000,2026-08-13 00:00:00.000,1,475,Nigeria,Niger state,Mariga lga,10.699170,5.840381,3,3714,XXX475,3714,XXX475,false,Check dyad,,,candidate,26.0.8,GEDEvent_v26_0_8.csv,ucdp_119,review,same_actor_on_both_sides,True
119,XXX475,1,638001,237,2026,2026-08-14 00:00:00.000,2026-08-14 00:00:00.000,1,475,Nigeria,Katsina state,Kankia lga,12.454111,7.797306,3,3714,XXX475,3714,XXX475,false,Check dyad,,,candidate,26.0.8,GEDEvent_v26_0_8.csv,ucdp_119,review,same_actor_on_both_sides,True
119,XXX475,1,638135,237,2026,2026-08-14 00:00:00.000,2026-08-14 00:00:00.000,1,475,Nigeria,Zamfara state,Birnin Magaji-Kiyaw lga,12.425270,6.891220,3,3714,XXX475,3714,XXX475,false,Check dyad,,,candidate,26.0.8,GEDEvent_v26_0_8.csv,ucdp_119,review,same_actor_on_both_sides,True
119,XXX475,1,638003,237,2026,2026-08-15 00:00:00.000,2026-08-15 00:00:00.000,1,475,Nigeria,Zamfara state,,12.166670,6.250000,4,3714,XXX475,3714,XXX475,false,Check type of violence,,,candidate,26.0.8,GEDEvent_v26_0_8.csv,ucdp_119,review,same_actor_on_both_sides,True
119,XXX475,1,637923,237,2026,2026-08-16 00:00:00.000,2026-08-16 00:00:00.000,1,475,Nigeria,Zamfara state,Gummi lga,12.032119,5.151611,3,3714,XXX475,3714,XXX475,false,Check dyad,,,candidate,26.0.8,GEDEvent_v26_0_8.csv,ucdp_119,review,same_actor_on_both_sides,True
119,XXX475,1,640370,237,2026,2026-08-17 00:00:00.000,2026-08-17 00:00:00.000,1,475,Nigeria,Rivers state,Khana lga,4.676290,7.365190,1,3714,XXX475,3714,XXX475,false,Check dyad,,,candidate,26.0.8,GEDEvent_v26_0_8.csv,ucdp_119,review,same_actor_on_both_sides,True
119,XXX475,1,638186,237,2026,2026-08-18 00:00:00.000,2026-08-18 00:00:00.000,1,475,Nigeria,Kwara state,Ifelodun lga,8.559710,5.010720,3,3714,XXX475,3714,XXX475,false,Check dyad,,,candidate,26.0.8,GEDEvent_v26_0_8.csv,ucdp_119,review,same_actor_on_both_sides,True
119,XXX475,1,640509,237,2026,2026-08-19 00:00:00.000,2026-08-19 00:00:00.000,1,475,Nigeria,Benue state,,7.333333,8.750000,4,3714,XXX475,3714,XXX475,false,Check dyad,,,candidate,26.0.8,GEDEvent_v26_0_8.csv,ucdp_119,review,same_actor_on_both_sides,True
119,XXX475,1,638021,237,2026,2026-08-19 00:00:00.000,2026-08-19 00:00:00.000,1,475,Nigeria,Zamfara state,,12.166670,6.250000,4,3714,XXX475,3714,XXX475,false,Check dyad,,,candidate,26.0.8,GEDEvent_v26_0_8.csv,ucdp_119,review,same_actor_on_both_sides,True
119,XXX475,1,638183,237,2026,2026-08-20 00:00:00.000,2026-08-20 00:00:00.000,1,475,Nigeria,Borno state,Dikwa lga,12.110100,13.989460,1,3714,XXX475,3714,XXX475,false,Check dyad,,,candidate,26.0.8,GEDEvent_v26_0_8.csv,ucdp_119,review,same_actor_on_both_sides,True
119,XXX475,1,640512,237,2026,2026-08-21 00:00:00.000,2026-08-24 00:00:00.000,2,475,Nigeria,Osun state,Irewole lga,7.369830,4.186300,1,3714,XXX475,3714,XXX475,false,Check dyad,,,candidate,26.0.8,GEDEvent_v26_0_8.csv,ucdp_119,review,same_actor_on_both_sides,True
119,XXX475,1,640502,237,2026,2026-08-22 00:00:00.000,2026-08-22 00:00:00.000,1,475,Nigeria,Niger state,Borgu lga,10.358612,4.128719,3,3714,XXX475,3714,XXX475,false,Check dyad,,,candidate,26.0.8,GEDEvent_v26_0_8.csv,ucdp_119,review,same_actor_on_both_sides,True
119,XXX475,1,640629,237,2026,2026-08-23 00:00:00.000,2026-08-23 00:00:00.000,1,475,Nigeria,Zamfara state,Talata Mafara lga,12.383520,6.054470,3,3714,XXX475,3714,XXX475,false,Check dyad,,,candidate,26.0.8,GEDEvent_v26_0_8.csv,ucdp_119,review,same_actor_on_both_sides,True
119,XXX475,1,640762,237,2026,2026-08-25 00:00:00.000,2026-08-25 00:00:00.000,1,475,Nigeria,Katsina state,Malumfashi lga,11.859222,7.655955,3,3714,XXX475,3714,XXX475,false,Check dyad,,,candidate,26.0.8,GEDEvent_v26_0_8.csv,ucdp_119,review,same_actor_on_both_sides,True
119,XXX475,1,640750,237,2026,2026-08-25 00:00:00.000,2026-08-25 00:00:00.000,1,475,Nigeria,Zamfara state,Tsafe lga,11.882510,6.894700,3,3714,XXX475,3714,XXX475,false,Check dyad,,,candidate,26.0.8,GEDEvent_v26_0_8.csv,ucdp_119,review,same_actor_on_both_sides,True
119,XXX475,1,638742,237,2026,2026-08-25 00:00:00.000,2026-08-25 00:00:00.000,1,475,Nigeria,Kano state,Gwarzo lga,11.915214,7.934604,3,3714,XXX475,3714,XXX475,false,Check dyad,,,candidate,26.0.8,GEDEvent_v26_0_8.csv,ucdp_119,review,same_actor_on_both_sides,True
119,XXX475,1,638541,237,2026,2026-08-26 00:00:00.000,2026-08-26 00:00:00.000,1,475,Nigeria,Sokoto state,Bodinga lga,12.861052,5.173924,3,3714,XXX475,3714,XXX475,false,Check dyad,,,candidate,26.0.8,GEDEvent_v26_0_8.csv,ucdp_119,review,same_actor_on_both_sides,True
119,XXX475,1,640853,237,2026,2026-08-27 00:00:00.000,2026-08-27 00:00:00.000,1,475,Nigeria,Kwara state,Isin lga,8.267466,5.053561,3,3714,XXX475,3714,XXX475,false,Check dyad,,,candidate,26.0.8,GEDEvent_v26_0_8.csv,ucdp_119,review,same_actor_on_both_sides,True
119,XXX475,1,640770,237,2026,2026-08-27 00:00:00.000,2026-08-27 00:00:00.000,1,475,Nigeria,Kogi state,Ofu lga,7.302830,7.038170,3,3714,XXX475,3714,XXX475,false,Check type of violence,,,candidate,26.0.8,GEDEvent_v26_0_8.csv,ucdp_119,review,same_actor_on_both_sides,True
119,XXX475,1,638726,237,2026,2026-08-29 00:00:00.000,2026-08-29 00:00:00.000,1,475,Nigeria,Plateau state,Wase lga,9.082610,10.205190,3,3714,XXX475,3714,XXX475,false,Check dyad,,,candidate,26.0.8,GEDEvent_v26_0_8.csv,ucdp_119,review,same_actor_on_both_sides,True
119,XXX475,1,639947,237,2026,2026-08-30 00:00:00.000,2026-08-31 00:00:00.000,2,475,Nigeria,Niger state,,10.000000,6.000000,4,3714,XXX475,3714,XXX475,false,Check dyad,,,candidate,26.0.8,GEDEvent_v26_0_8.csv,ucdp_119,review,same_actor_on_both_sides,True
119,XXX475,1,640939,237,2026,2026-08-31 00:00:00.000,2026-09-01 00:00:00.000,2,475,Nigeria,Bauchi state,Ningi lga,11.062280,9.204910,3,3714,XXX475,3714,XXX475,false,Check dyad,,,candidate,26.0.8,GEDEvent_v26_0_8.csv,ucdp_119,review,same_actor_on_both_sides,True
119,XXX475,1,640940,237,2026,2026-08-31 00:00:00.000,2026-09-01 00:00:00.000,2,475,Nigeria,Katsina state,Matazu lga,12.258994,7.617798,3,3714,XXX475,3714,XXX475,false,Check dyad,,,candidate,26.0.8,GEDEvent_v26_0_8.csv,ucdp_119,review,same_actor_on_both_sides,True
119,XXX475,1,637276,18043,2026,2026-08-09 00:00:00.000,2026-08-09 00:00:00.000,1,475,Nigeria,Katsina state,,12.250000,7.500000,4,84,Government of Nigeria,9109,Forces of Ado Alero,false,Check dyad,475,,candidate,26.0.8,GEDEvent_v26_0_8.csv,ucdp_119,review,unknown_actor,True
119,XXX475,1,638182,18877,2026,2026-08-18 00:00:00.000,2026-08-18 00:00:00.000,1,475,Nigeria,Katsina state,Bakori lga,11.639836,7.428764,3,84,Government of Nigeria,9871,Forces of Isiya Kwashen Garwa,false,Check deaths,475,,candidate,26.0.8,GEDEvent_v26_0_8.csv,ucdp_119,review,unknown_actor,True
119,XXX475,1,638753,18961,2026,2026-08-29 00:00:00.000,2026-08-29 00:00:00.000,1,475,Nigeria,Katsina state,Matazu lga,12.258994,7.617798,3,84,Government of Nigeria,9560,Forces of Muhammadu,false,Check dyad,475,,candidate,26.0.8,GEDEvent_v26_0_8.csv,ucdp_119,review,unknown_actor,True
119,XXX475,1,639939,18961,2026,2026-08-30 00:00:00.000,2026-08-31 00:00:00.000,2,475,Nigeria,Katsina state,Matazu lga,12.258994,7.617798,3,84,Government of Nigeria,9560,Forces of Muhammadu,false,Check dyad,475,,candidate,26.0.8,GEDEvent_v26_0_8.csv,ucdp_119,review,unknown_actor,True
119,XXX475,1,638779,19036,2026,2026-08-16 00:00:00.000,2026-08-16 00:00:00.000,1,475,Nigeria,Zamfara state,Bukkuyum lga,11.974712,5.586514,3,84,Government of Nigeria,10000,Forces of Muhammad Gwaska,false,Check dyad,475,,candidate,26.0.8,GEDEvent_v26_0_8.csv,ucdp_119,review,unknown_actor,True
119,XXX475,1,638540,19036,2026,2026-08-26 00:00:00.000,2026-08-26 00:00:00.000,1,475,Nigeria,Zamfara state,Bukkuyum lga,11.900390,5.765200,2,84,Government of Nigeria,10000,Forces of Muhammad Gwaska,false,Check dyad,475,,candidate,26.0.8,GEDEvent_v26_0_8.csv,ucdp_119,review,unknown_actor,True
122,XXX770,1,638940,243,2026,2026-08-02 00:00:00.000,2026-08-02 00:00:00.000,1,770,Pakistan,Khyber Pakhtunkwa province,Bajaur district,34.870530,71.431130,1,3717,XXX770,3717,XXX770,false,Check dyad,,,candidate,26.0.8,GEDEvent_v26_0_8.csv,ucdp_122,review,same_actor_on_both_sides,True
122,XXX770,1,638978,243,2026,2026-08-03 00:00:00.000,2026-08-03 00:00:00.000,1,770,Pakistan,Khyber Pakhtunkwa province,Peshawar district,34.016667,71.583333,1,3717,XXX770,3717,XXX770,false,Check dyad,,,candidate,26.0.8,GEDEvent_v26_0_8.csv,ucdp_122,review,same_actor_on_both_sides,True
122,XXX770,1,639116,243,2026,2026-08-12 00:00:00.000,2026-08-12 00:00:00.000,1,770,Pakistan,Balochistan province,Pishin district,30.818095,67.213891,3,3717,XXX770,3717,XXX770,false,Check dyad,,,candidate,26.0.8,GEDEvent_v26_0_8.csv,ucdp_122,review,same_actor_on_both_sides,True
122,XXX770,1,638846,243,2026,2026-08-14 00:00:00.000,2026-08-14 00:00:00.000,1,770,Pakistan,Khyber Pakhtunkwa province,Bajaur district,34.610000,71.619370,2,3717,XXX770,3717,XXX770,false,Check dyad,,,candidate,26.0.8,GEDEvent_v26_0_8.csv,ucdp_122,review,same_actor_on_both_sides,True
122,XXX770,1,639131,243,2026,2026-08-16 00:00:00.000,2026-08-16 00:00:00.000,1,770,Pakistan,Khyber Pakhtunkwa province,Bajaur district,34.757318,71.490673,3,3717,XXX770,3717,XXX770,false,Check dyad,,,candidate,26.0.8,GEDEvent_v26_0_8.csv,ucdp_122,review,same_actor_on_both_sides,True
122,XXX770,1,638869,243,2026,2026-08-23 00:00:00.000,2026-08-23 00:00:00.000,1,770,Pakistan,Khyber Pakhtunkwa province,Peshawar district,33.957778,71.573611,2,3717,XXX770,3717,XXX770,false,Check dyad,,,candidate,26.0.8,GEDEvent_v26_0_8.csv,ucdp_122,review,same_actor_on_both_sides,True
337,Somalia: Government,1,639064,18957,2026,2026-08-17 00:00:00.000,2026-08-17 00:00:00.000,1,520,Somalia,Bay region,Baidoa district,3.116667,43.650000,1,95,Government of Somalia,9935,Forces of Laftagareen,false,Check dyad,520,,candidate,26.0.8,GEDEvent_v26_0_8.csv,ucdp_337,review,unknown_actor,True
337,Somalia: Government,1,642167,18959,2026,2026-08-05 00:00:00.000,2026-08-05 00:00:00.000,1,520,Somalia,Mudug region,Galkayo district,6.769722,47.430833,1,95,Government of Somalia,9936,SFC,true,Clear,520,,candidate,26.0.8,GEDEvent_v26_0_8.csv,ucdp_337,review,unknown_actor,True
142,XXX560,1,638590,283,2026,2026-08-07 00:00:00.000,2026-08-07 00:00:00.000,1,560,South Africa,Gauteng province,Ekurhuleni municipality,-26.223970,28.251007,1,3737,XXX560,3737,XXX560,false,Check dyad,,,candidate,26.0.8,GEDEvent_v26_0_8.csv,ucdp_142,review,same_actor_on_both_sides,True
150,XXX652,1,639324,299,2026,2026-08-06 00:00:00.000,2026-08-06 00:00:00.000,1,652,Syria,Rif Dimashq governorate,Markaz Rif Dimashq district,33.487090,36.344490,1,3745,XXX652,3745,XXX652,false,Check dyad,,,candidate,26.0.8,GEDEvent_v26_0_8.csv,ucdp_150,review,same_actor_on_both_sides,True
150,XXX652,1,639313,299,2026,2026-08-11 00:00:00.000,2026-08-11 00:00:00.000,1,652,Syria,Aleppo governorate,Manbij district,35.963158,38.035566,1,3745,XXX652,3745,XXX652,false,Check dyad,,,candidate,26.0.8,GEDEvent_v26_0_8.csv,ucdp_150,review,same_actor_on_both_sides,True
150,XXX652,1,639293,299,2026,2026-08-19 00:00:00.000,2026-08-19 00:00:00.000,1,652,Syria,Al Hasakah governorate,Al Qamishli district,36.890887,41.297893,1,3745,XXX652,3745,XXX652,false,Check dyad,,,candidate,26.0.8,GEDEvent_v26_0_8.csv,ucdp_150,review,same_actor_on_both_sides,True
150,XXX652,1,638987,299,2026,2026-08-22 00:00:00.000,2026-08-22 00:00:00.000,1,652,Syria,Hamah governorate,,35.233333,37.200000,4,3745,XXX652,3745,XXX652,false,Check dyad,,,candidate,26.0.8,GEDEvent_v26_0_8.csv,ucdp_150,review,same_actor_on_both_sides,True
150,XXX652,1,638984,299,2026,2026-08-24 00:00:00.000,2026-08-24 00:00:00.000,1,652,Syria,Homs governorate,Tadmur district,34.562400,38.284020,1,3745,XXX652,3745,XXX652,false,Check dyad,,,candidate,26.0.8,GEDEvent_v26_0_8.csv,ucdp_150,review,same_actor_on_both_sides,True
150,XXX652,1,638819,299,2026,2026-08-28 00:00:00.000,2026-08-28 00:00:00.000,1,652,Syria,Al Hasakah governorate,Al Hasakah district,36.502368,40.747716,1,3745,XXX652,3745,XXX652,false,Check dyad,,,candidate,26.0.8,GEDEvent_v26_0_8.csv,ucdp_150,review,same_actor_on_both_sides,True
16732,Syria: Suweida,1,638817,18657,2026,2026-08-28 00:00:00.000,2026-08-28 00:00:00.000,1,652,Syria,As Suwayda governorate,Markaz as Suwayda district,32.648765,36.774184,2,118,Government of Syria,9668,National Guard,false,Check type of violence,652,,candidate,26.0.8,GEDEvent_v26_0_8.csv,ucdp_16732,review,unknown_actor,True
333,Afghanistan: Government,1,642318,19023,2026,2026-08-13 00:00:00.000,2026-08-13 00:00:00.000,1,702,Tajikistan,Gorno-Badakhshan Autonomous region,Darvoz district,37.327820,71.723170,1,130,Government of Afghanistan,9988,Forces of Juma Khan Fateh,false,Check dyad,700,,candidate,26.0.8,GEDEvent_v26_0_8.csv,ucdp_333,review,unknown_actor,True
164,XXX2,1,642200,327,2026,2026-08-23 00:00:00.000,2026-08-23 00:00:00.000,1,2,United States of America,,,10.000000,-100.000000,5,3759,XXX2,3759,XXX2,false,Check dyad,,,candidate,26.0.8,GEDEvent_v26_0_8.csv,ucdp_164,review,same_actor_on_both_sides,True
